/*M!999999\- enable the sandbox mode */ 
-- MariaDB dump 10.19-11.8.2-MariaDB, for Linux (x86_64)
--
-- Host: localhost    Database: tia_db
-- ------------------------------------------------------
-- Server version	11.8.2-MariaDB

/*!40101 SET @OLD_CHARACTER_SET_CLIENT=@@CHARACTER_SET_CLIENT */;
/*!40101 SET @OLD_CHARACTER_SET_RESULTS=@@CHARACTER_SET_RESULTS */;
/*!40101 SET @OLD_COLLATION_CONNECTION=@@COLLATION_CONNECTION */;
/*!40101 SET NAMES utf8mb4 */;
/*!40103 SET @OLD_TIME_ZONE=@@TIME_ZONE */;
/*!40103 SET TIME_ZONE='+00:00' */;
/*!40014 SET @OLD_UNIQUE_CHECKS=@@UNIQUE_CHECKS, UNIQUE_CHECKS=0 */;
/*!40014 SET @OLD_FOREIGN_KEY_CHECKS=@@FOREIGN_KEY_CHECKS, FOREIGN_KEY_CHECKS=0 */;
/*!40101 SET @OLD_SQL_MODE=@@SQL_MODE, SQL_MODE='NO_AUTO_VALUE_ON_ZERO' */;
/*M!100616 SET @OLD_NOTE_VERBOSITY=@@NOTE_VERBOSITY, NOTE_VERBOSITY=0 */;

--
-- Table structure for table `business_categories`
--

DROP TABLE IF EXISTS `business_categories`;
/*!40101 SET @saved_cs_client     = @@character_set_client */;
/*!40101 SET character_set_client = utf8mb4 */;
CREATE TABLE `business_categories` (
  `id` int(11) NOT NULL AUTO_INCREMENT,
  `name` varchar(100) DEFAULT NULL,
  PRIMARY KEY (`id`)
) ENGINE=InnoDB AUTO_INCREMENT=401 DEFAULT CHARSET=utf8mb4 COLLATE=utf8mb4_unicode_ci;
/*!40101 SET character_set_client = @saved_cs_client */;

--
-- Dumping data for table `business_categories`
--

LOCK TABLES `business_categories` WRITE;
/*!40000 ALTER TABLE `business_categories` DISABLE KEYS */;
set autocommit=0;
INSERT INTO `business_categories` VALUES
(1,'optimize innovative applications'),
(2,'productize best-of-breed ROI'),
(3,'redefine turn-key markets'),
(4,'expedite interactive web services'),
(5,'enable one-to-one communities'),
(6,'aggregate rich channels'),
(7,'matrix impactful e-tailers'),
(8,'cultivate bleeding-edge metrics'),
(9,'re-contextualize web-enabled e-tailers'),
(10,'scale real-time architectures'),
(11,'empower B2C mindshare'),
(12,'utilize user-centric methodologies'),
(13,'harness virtual functionalities'),
(14,'envisioneer end-to-end e-commerce'),
(15,'repurpose frictionless mindshare'),
(16,'implement strategic initiatives'),
(17,'evolve turn-key models'),
(18,'seize mission-critical deliverables'),
(19,'streamline ubiquitous relationships'),
(20,'aggregate bricks-and-clicks vortals'),
(21,'architect B2B web services'),
(22,'extend 24/7 e-markets'),
(23,'morph clicks-and-mortar bandwidth'),
(24,'benchmark innovative models'),
(25,'extend out-of-the-box e-business'),
(26,'generate visionary vortals'),
(27,'seize front-end mindshare'),
(28,'monetize rich systems'),
(29,'benchmark vertical networks'),
(30,'engineer mission-critical action-items'),
(31,'iterate granular info-mediaries'),
(32,'integrate holistic communities'),
(33,'extend open-source portals'),
(34,'brand leading-edge synergies'),
(35,'incubate cross-media metrics'),
(36,'repurpose collaborative schemas'),
(37,'aggregate back-end users'),
(38,'cultivate killer convergence'),
(39,'redefine leading-edge communities'),
(40,'aggregate value-added mindshare'),
(41,'cultivate innovative deliverables'),
(42,'whiteboard robust initiatives'),
(43,'strategize cross-media architectures'),
(44,'evolve killer e-services'),
(45,'synthesize efficient schemas'),
(46,'mesh viral niches'),
(47,'brand e-business paradigms'),
(48,'deliver customized content'),
(49,'syndicate world-class partnerships'),
(50,'strategize turn-key info-mediaries'),
(51,'extend frictionless paradigms'),
(52,'incubate out-of-the-box functionalities'),
(53,'streamline world-class solutions'),
(54,'reinvent web-enabled ROI'),
(55,'deliver killer markets'),
(56,'benchmark extensible networks'),
(57,'visualize visionary systems'),
(58,'engineer extensible infrastructures'),
(59,'expedite strategic models'),
(60,'harness frictionless e-business'),
(61,'whiteboard plug-and-play web services'),
(62,'extend sticky e-business'),
(63,'productize global web services'),
(64,'expedite next-generation paradigms'),
(65,'e-enable sticky vortals'),
(66,'utilize cutting-edge platforms'),
(67,'empower value-added niches'),
(68,'deliver front-end systems'),
(69,'leverage holistic ROI'),
(70,'exploit cross-platform users'),
(71,'re-contextualize virtual communities'),
(72,'empower clicks-and-mortar metrics'),
(73,'transition B2B systems'),
(74,'transition turn-key markets'),
(75,'brand open-source bandwidth'),
(76,'facilitate dynamic e-commerce'),
(77,'revolutionize value-added web-readiness'),
(78,'repurpose holistic interfaces'),
(79,'orchestrate compelling info-mediaries'),
(80,'reinvent strategic channels'),
(81,'engage turn-key schemas'),
(82,'re-intermediate ubiquitous experiences'),
(83,'strategize synergistic applications'),
(84,'mesh out-of-the-box e-services'),
(85,'orchestrate plug-and-play schemas'),
(86,'re-intermediate out-of-the-box methodologies'),
(87,'synergize user-centric portals'),
(88,'cultivate innovative channels'),
(89,'deliver dynamic e-services'),
(90,'productize integrated models'),
(91,'evolve bleeding-edge technologies'),
(92,'matrix wireless interfaces'),
(93,'visualize user-centric bandwidth'),
(94,'deliver real-time deliverables'),
(95,'aggregate 24/7 communities'),
(96,'optimize B2C applications'),
(97,'empower proactive e-markets'),
(98,'engineer clicks-and-mortar niches'),
(99,'extend collaborative platforms'),
(100,'optimize enterprise functionalities'),
(101,'incentivize innovative relationships'),
(102,'transform front-end methodologies'),
(103,'incentivize front-end web-readiness'),
(104,'engineer open-source deliverables'),
(105,'re-intermediate world-class solutions'),
(106,'embrace sticky e-services'),
(107,'synthesize e-business architectures'),
(108,'architect dot-com eyeballs'),
(109,'enhance seamless schemas'),
(110,'matrix compelling web services'),
(111,'matrix cutting-edge markets'),
(112,'repurpose strategic eyeballs'),
(113,'envisioneer one-to-one architectures'),
(114,'whiteboard synergistic content'),
(115,'harness B2B paradigms'),
(116,'harness magnetic initiatives'),
(117,'syndicate next-generation synergies'),
(118,'incentivize integrated content'),
(119,'incentivize robust models'),
(120,'incubate revolutionary info-mediaries'),
(121,'evolve front-end niches'),
(122,'unleash cross-media web-readiness'),
(123,'cultivate viral systems'),
(124,'implement mission-critical bandwidth'),
(125,'implement end-to-end e-business'),
(126,'whiteboard cross-platform e-markets'),
(127,'iterate back-end technologies'),
(128,'transition innovative bandwidth'),
(129,'productize customized communities'),
(130,'incentivize global e-commerce'),
(131,'architect efficient platforms'),
(132,'reinvent value-added convergence'),
(133,'redefine one-to-one experiences'),
(134,'innovate cutting-edge e-services'),
(135,'syndicate turn-key content'),
(136,'extend B2C partnerships'),
(137,'re-intermediate turn-key solutions'),
(138,'target 24/7 channels'),
(139,'re-intermediate next-generation networks'),
(140,'morph next-generation content'),
(141,'embrace mission-critical interfaces'),
(142,'visualize strategic supply-chains'),
(143,'evolve leading-edge architectures'),
(144,'re-intermediate enterprise platforms'),
(145,'synergize B2B networks'),
(146,'integrate best-of-breed partnerships'),
(147,'orchestrate global e-business'),
(148,'incubate impactful communities'),
(149,'exploit impactful content'),
(150,'utilize cross-platform technologies'),
(151,'facilitate clicks-and-mortar models'),
(152,'expedite e-business infrastructures'),
(153,'expedite cutting-edge platforms'),
(154,'e-enable frictionless applications'),
(155,'incentivize bleeding-edge ROI'),
(156,'productize viral experiences'),
(157,'optimize magnetic solutions'),
(158,'synergize leading-edge experiences'),
(159,'re-intermediate bleeding-edge communities'),
(160,'envisioneer back-end content'),
(161,'transform value-added ROI'),
(162,'whiteboard virtual deliverables'),
(163,'harness bricks-and-clicks content'),
(164,'morph cross-platform markets'),
(165,'optimize robust synergies'),
(166,'benchmark collaborative e-commerce'),
(167,'enhance viral users'),
(168,'mesh customized supply-chains'),
(169,'drive value-added e-commerce'),
(170,'innovate cutting-edge relationships'),
(171,'visualize real-time infrastructures'),
(172,'aggregate out-of-the-box e-commerce'),
(173,'grow collaborative technologies'),
(174,'envisioneer sticky e-markets'),
(175,'deploy compelling applications'),
(176,'engage distributed users'),
(177,'repurpose plug-and-play initiatives'),
(178,'extend synergistic action-items'),
(179,'cultivate customized models'),
(180,'synthesize interactive convergence'),
(181,'visualize intuitive vortals'),
(182,'empower real-time systems'),
(183,'unleash plug-and-play initiatives'),
(184,'envisioneer interactive markets'),
(185,'matrix next-generation architectures'),
(186,'seize B2B web services'),
(187,'monetize user-centric architectures'),
(188,'utilize virtual niches'),
(189,'incubate viral users'),
(190,'exploit synergistic architectures'),
(191,'evolve plug-and-play methodologies'),
(192,'grow robust action-items'),
(193,'disintermediate best-of-breed action-items'),
(194,'enhance robust partnerships'),
(195,'reinvent proactive e-markets'),
(196,'evolve B2B e-commerce'),
(197,'visualize mission-critical info-mediaries'),
(198,'integrate global relationships'),
(199,'reinvent cutting-edge functionalities'),
(200,'engineer extensible e-markets'),
(201,'leverage proactive e-tailers'),
(202,'re-intermediate front-end metrics'),
(203,'strategize back-end users'),
(204,'disintermediate mission-critical web services'),
(205,'synergize virtual experiences'),
(206,'revolutionize user-centric partnerships'),
(207,'synergize front-end technologies'),
(208,'syndicate dot-com e-services'),
(209,'enhance frictionless platforms'),
(210,'repurpose world-class content'),
(211,'disintermediate world-class users'),
(212,'incentivize turn-key metrics'),
(213,'drive viral e-markets'),
(214,'facilitate 24/365 networks'),
(215,'seize seamless channels'),
(216,'unleash leading-edge channels'),
(217,'generate synergistic metrics'),
(218,'integrate one-to-one partnerships'),
(219,'e-enable world-class experiences'),
(220,'empower turn-key e-business'),
(221,'productize frictionless experiences'),
(222,'monetize back-end action-items'),
(223,'facilitate dynamic web services'),
(224,'utilize end-to-end eyeballs'),
(225,'syndicate 24/365 interfaces'),
(226,'incentivize web-enabled e-tailers'),
(227,'disintermediate enterprise communities'),
(228,'streamline B2C metrics'),
(229,'mesh real-time metrics'),
(230,'enhance best-of-breed web services'),
(231,'transition cutting-edge interfaces'),
(232,'implement viral e-markets'),
(233,'streamline dot-com interfaces'),
(234,'facilitate proactive systems'),
(235,'redefine vertical interfaces'),
(236,'revolutionize bricks-and-clicks info-mediaries'),
(237,'innovate compelling systems'),
(238,'engage back-end bandwidth'),
(239,'implement customized communities'),
(240,'unleash one-to-one applications'),
(241,'whiteboard wireless e-commerce'),
(242,'innovate extensible metrics'),
(243,'matrix global partnerships'),
(244,'envisioneer plug-and-play supply-chains'),
(245,'visualize 24/365 bandwidth'),
(246,'incubate distributed e-business'),
(247,'incubate value-added e-markets'),
(248,'revolutionize real-time action-items'),
(249,'deploy holistic experiences'),
(250,'harness proactive markets'),
(251,'expedite strategic e-business'),
(252,'optimize bleeding-edge eyeballs'),
(253,'matrix mission-critical e-business'),
(254,'extend user-centric systems'),
(255,'matrix holistic applications'),
(256,'reinvent efficient technologies'),
(257,'benchmark cross-platform bandwidth'),
(258,'target magnetic content'),
(259,'integrate best-of-breed e-markets'),
(260,'disintermediate sticky technologies'),
(261,'strategize enterprise bandwidth'),
(262,'deliver holistic deliverables'),
(263,'disintermediate integrated technologies'),
(264,'re-intermediate mission-critical systems'),
(265,'optimize dynamic infrastructures'),
(266,'strategize integrated relationships'),
(267,'transition extensible models'),
(268,'transform 24/7 supply-chains'),
(269,'engage intuitive e-tailers'),
(270,'redefine dynamic schemas'),
(271,'deploy ubiquitous e-tailers'),
(272,'revolutionize virtual channels'),
(273,'transform real-time ROI'),
(274,'deliver B2B deliverables'),
(275,'syndicate dot-com deliverables'),
(276,'whiteboard efficient vortals'),
(277,'transition vertical deliverables'),
(278,'strategize virtual applications'),
(279,'incubate killer ROI'),
(280,'repurpose 24/365 niches'),
(281,'re-intermediate collaborative partnerships'),
(282,'maximize clicks-and-mortar e-services'),
(283,'iterate front-end relationships'),
(284,'enable dot-com e-business'),
(285,'unleash out-of-the-box initiatives'),
(286,'incentivize out-of-the-box users'),
(287,'synergize holistic architectures'),
(288,'transform open-source e-tailers'),
(289,'leverage customized solutions'),
(290,'e-enable leading-edge platforms'),
(291,'implement enterprise vortals'),
(292,'drive cross-media convergence'),
(293,'deliver mission-critical bandwidth'),
(294,'envisioneer one-to-one schemas'),
(295,'strategize integrated info-mediaries'),
(296,'engage intuitive initiatives'),
(297,'e-enable holistic infrastructures'),
(298,'evolve impactful synergies'),
(299,'whiteboard cross-media technologies'),
(300,'re-contextualize bleeding-edge convergence'),
(301,'deploy mission-critical synergies'),
(302,'orchestrate efficient bandwidth'),
(303,'innovate efficient e-commerce'),
(304,'seize distributed metrics'),
(305,'re-contextualize B2B applications'),
(306,'exploit world-class info-mediaries'),
(307,'implement 24/7 vortals'),
(308,'incubate cross-platform users'),
(309,'monetize visionary portals'),
(310,'architect synergistic interfaces'),
(311,'re-intermediate back-end interfaces'),
(312,'embrace killer channels'),
(313,'transform cross-media interfaces'),
(314,'integrate impactful synergies'),
(315,'monetize next-generation experiences'),
(316,'matrix bricks-and-clicks channels'),
(317,'disintermediate out-of-the-box portals'),
(318,'facilitate cross-platform e-business'),
(319,'evolve back-end functionalities'),
(320,'implement intuitive markets'),
(321,'seize best-of-breed networks'),
(322,'target end-to-end convergence'),
(323,'drive value-added functionalities'),
(324,'revolutionize granular functionalities'),
(325,'maximize interactive convergence'),
(326,'monetize visionary partnerships'),
(327,'expedite plug-and-play relationships'),
(328,'unleash clicks-and-mortar mindshare'),
(329,'implement cross-platform channels'),
(330,'whiteboard enterprise initiatives'),
(331,'synergize synergistic communities'),
(332,'envisioneer viral applications'),
(333,'redefine scalable e-tailers'),
(334,'cultivate clicks-and-mortar applications'),
(335,'engage bricks-and-clicks models'),
(336,'enhance bleeding-edge metrics'),
(337,'evolve bleeding-edge users'),
(338,'generate virtual web-readiness'),
(339,'empower 24/365 e-tailers'),
(340,'utilize dynamic applications'),
(341,'synthesize interactive synergies'),
(342,'integrate user-centric bandwidth'),
(343,'grow rich synergies'),
(344,'embrace rich web services'),
(345,'streamline open-source synergies'),
(346,'streamline clicks-and-mortar users'),
(347,'strategize integrated e-tailers'),
(348,'repurpose world-class infrastructures'),
(349,'evolve compelling synergies'),
(350,'syndicate seamless convergence'),
(351,'transform customized ROI'),
(352,'productize open-source bandwidth'),
(353,'productize intuitive synergies'),
(354,'incentivize seamless partnerships'),
(355,'deliver sticky synergies'),
(356,'cultivate vertical architectures'),
(357,'revolutionize interactive methodologies'),
(358,'empower ubiquitous networks'),
(359,'embrace rich partnerships'),
(360,'facilitate global networks'),
(361,'enable frictionless architectures'),
(362,'syndicate end-to-end paradigms'),
(363,'mesh dot-com web services'),
(364,'reinvent ubiquitous initiatives'),
(365,'deliver plug-and-play web-readiness'),
(366,'strategize back-end channels'),
(367,'deploy revolutionary e-markets'),
(368,'engineer world-class technologies'),
(369,'syndicate impactful mindshare'),
(370,'drive B2C portals'),
(371,'re-contextualize clicks-and-mortar relationships'),
(372,'repurpose impactful schemas'),
(373,'leverage out-of-the-box e-tailers'),
(374,'embrace real-time paradigms'),
(375,'harness cross-platform systems'),
(376,'mesh rich platforms'),
(377,'re-contextualize ubiquitous niches'),
(378,'morph one-to-one solutions'),
(379,'innovate world-class paradigms'),
(380,'repurpose 24/7 interfaces'),
(381,'iterate 24/7 e-markets'),
(382,'unleash 24/365 niches'),
(383,'extend frictionless mindshare'),
(384,'enhance world-class supply-chains'),
(385,'envisioneer collaborative schemas'),
(386,'streamline ubiquitous channels'),
(387,'incentivize back-end infrastructures'),
(388,'re-contextualize wireless channels'),
(389,'deploy proactive paradigms'),
(390,'whiteboard 24/7 architectures'),
(391,'synergize transparent bandwidth'),
(392,'reinvent B2C e-services'),
(393,'aggregate plug-and-play methodologies'),
(394,'e-enable virtual web-readiness'),
(395,'implement next-generation convergence'),
(396,'unleash B2C solutions'),
(397,'integrate one-to-one users'),
(398,'re-contextualize wireless e-markets'),
(399,'engage intuitive networks'),
(400,'redefine e-business convergence');
/*!40000 ALTER TABLE `business_categories` ENABLE KEYS */;
UNLOCK TABLES;
commit;

--
-- Table structure for table `business_connections`
--

DROP TABLE IF EXISTS `business_connections`;
/*!40101 SET @saved_cs_client     = @@character_set_client */;
/*!40101 SET character_set_client = utf8mb4 */;
CREATE TABLE `business_connections` (
  `id` int(11) NOT NULL AUTO_INCREMENT,
  `initiating_business_id` int(11) DEFAULT NULL,
  `receiving_business_id` int(11) DEFAULT NULL,
  `connection_type_id` int(11) DEFAULT NULL,
  `active` tinyint(1) DEFAULT NULL,
  `date_initiated` datetime DEFAULT NULL,
  PRIMARY KEY (`id`),
  KEY `initiating_business_id` (`initiating_business_id`),
  KEY `receiving_business_id` (`receiving_business_id`),
  KEY `connection_type_id` (`connection_type_id`),
  CONSTRAINT `business_connections_ibfk_1` FOREIGN KEY (`initiating_business_id`) REFERENCES `businesses` (`id`),
  CONSTRAINT `business_connections_ibfk_2` FOREIGN KEY (`receiving_business_id`) REFERENCES `businesses` (`id`),
  CONSTRAINT `business_connections_ibfk_3` FOREIGN KEY (`connection_type_id`) REFERENCES `connection_types` (`id`)
) ENGINE=InnoDB AUTO_INCREMENT=401 DEFAULT CHARSET=utf8mb4 COLLATE=utf8mb4_unicode_ci;
/*!40101 SET character_set_client = @saved_cs_client */;

--
-- Dumping data for table `business_connections`
--

LOCK TABLES `business_connections` WRITE;
/*!40000 ALTER TABLE `business_connections` DISABLE KEYS */;
set autocommit=0;
INSERT INTO `business_connections` VALUES
(1,120,113,5,1,'2025-04-15 14:22:44'),
(2,267,479,6,1,'2023-08-25 04:27:52'),
(3,281,72,7,1,'2025-01-07 23:07:56'),
(4,247,432,8,1,'2025-03-10 22:41:33'),
(5,396,256,9,1,'2024-12-05 06:11:24'),
(6,24,274,10,1,'2024-07-20 17:10:16'),
(7,15,136,11,1,'2024-07-30 21:33:05'),
(8,231,282,12,1,'2024-01-11 13:28:56'),
(9,411,160,13,1,'2025-04-14 03:59:21'),
(10,241,136,14,1,'2025-06-15 20:11:49'),
(11,481,39,15,1,'2025-04-14 20:10:38'),
(12,432,253,16,1,'2025-05-08 06:34:17'),
(13,492,462,17,1,'2024-12-03 20:44:05'),
(14,65,174,18,1,'2024-01-07 18:58:52'),
(15,408,226,19,1,'2023-12-09 09:31:58'),
(16,418,420,20,1,'2025-06-01 07:56:17'),
(17,259,89,21,1,'2025-08-02 04:16:46'),
(18,118,453,22,1,'2025-05-31 14:31:50'),
(19,91,196,23,1,'2023-11-10 07:00:32'),
(20,384,336,24,1,'2024-03-04 08:50:36'),
(21,247,354,25,1,'2024-02-29 13:42:46'),
(22,164,45,26,1,'2025-03-04 09:33:04'),
(23,110,379,27,1,'2024-05-19 19:30:25'),
(24,431,62,28,1,'2024-09-04 22:56:01'),
(25,51,152,29,1,'2025-01-11 14:06:53'),
(26,132,478,30,1,'2023-12-30 09:16:57'),
(27,19,153,31,1,'2024-09-09 03:59:50'),
(28,496,143,32,1,'2024-08-01 02:51:26'),
(29,11,136,33,1,'2024-03-14 03:51:12'),
(30,256,403,34,1,'2025-01-07 13:52:46'),
(31,238,427,35,1,'2024-04-29 15:54:18'),
(32,29,69,36,1,'2024-09-05 11:59:13'),
(33,277,467,37,1,'2024-12-02 10:29:57'),
(34,307,219,38,1,'2024-09-18 08:54:56'),
(35,194,441,39,1,'2025-01-12 23:06:00'),
(36,342,198,40,1,'2024-02-07 18:47:57'),
(37,478,335,41,1,'2023-11-24 06:15:11'),
(38,49,161,42,1,'2024-02-16 19:36:26'),
(39,403,129,43,1,'2025-02-13 00:33:05'),
(40,207,144,44,1,'2025-05-05 06:00:59'),
(41,462,335,45,1,'2023-08-23 18:27:41'),
(42,388,175,46,1,'2025-03-04 08:28:51'),
(43,420,73,47,1,'2024-01-13 11:00:39'),
(44,449,3,48,1,'2024-01-14 01:47:44'),
(45,266,124,49,1,'2024-04-03 22:57:29'),
(46,413,369,50,1,'2025-05-07 18:48:30'),
(47,358,330,51,1,'2025-01-30 01:35:07'),
(48,222,292,52,1,'2024-02-04 09:10:03'),
(49,147,492,53,1,'2023-10-08 04:03:31'),
(50,122,86,54,1,'2025-03-11 20:29:01'),
(51,243,73,55,1,'2024-11-13 04:10:12'),
(52,497,40,56,1,'2025-03-22 16:14:04'),
(53,284,433,57,1,'2025-01-17 15:42:12'),
(54,435,217,58,1,'2024-03-15 19:20:26'),
(55,281,362,59,1,'2023-10-15 20:01:24'),
(56,441,131,60,1,'2024-01-29 03:57:46'),
(57,420,316,61,1,'2025-05-27 03:47:56'),
(58,245,282,62,1,'2025-03-24 21:46:22'),
(59,356,59,63,1,'2023-09-17 15:22:07'),
(60,360,239,64,1,'2023-08-27 10:34:34'),
(61,292,124,65,1,'2023-09-05 07:49:59'),
(62,34,182,66,1,'2025-06-13 06:06:02'),
(63,296,98,67,1,'2024-07-03 07:59:39'),
(64,493,304,68,1,'2024-10-19 09:20:51'),
(65,158,479,69,1,'2025-04-23 09:53:31'),
(66,156,454,70,1,'2024-01-10 02:35:17'),
(67,219,97,71,1,'2024-05-06 07:34:06'),
(68,450,4,72,1,'2025-05-29 14:42:07'),
(69,121,174,73,1,'2024-10-31 23:59:06'),
(70,395,7,74,1,'2025-05-26 17:34:37'),
(71,316,118,75,1,'2025-05-19 02:03:24'),
(72,56,281,76,1,'2025-04-25 00:02:22'),
(73,484,279,77,1,'2023-09-15 10:10:33'),
(74,307,166,78,1,'2024-11-21 12:39:19'),
(75,145,33,79,1,'2024-08-16 02:05:20'),
(76,329,367,80,1,'2024-08-09 04:22:54'),
(77,390,401,81,1,'2025-03-24 14:15:20'),
(78,203,381,82,1,'2024-12-09 17:10:52'),
(79,231,62,83,1,'2025-06-26 10:57:14'),
(80,196,49,84,1,'2024-06-23 09:22:39'),
(81,290,369,85,1,'2024-04-27 01:04:08'),
(82,430,225,86,1,'2024-11-08 23:10:05'),
(83,305,181,87,1,'2024-12-27 06:48:36'),
(84,454,335,88,1,'2024-09-24 22:00:58'),
(85,315,465,89,1,'2025-03-27 21:41:39'),
(86,45,199,90,1,'2024-01-29 12:36:43'),
(87,415,199,91,1,'2024-01-25 07:26:28'),
(88,226,111,92,1,'2025-07-11 10:31:34'),
(89,11,74,93,1,'2024-12-05 12:36:37'),
(90,325,405,94,1,'2025-01-27 16:49:04'),
(91,303,248,95,1,'2025-01-07 11:47:04'),
(92,50,429,96,1,'2024-02-16 09:17:28'),
(93,286,104,97,1,'2025-07-06 01:07:27'),
(94,330,500,98,1,'2024-06-10 14:19:55'),
(95,330,398,99,1,'2024-03-11 17:40:11'),
(96,358,267,100,1,'2025-07-10 05:36:04'),
(97,494,312,101,1,'2024-07-22 15:16:05'),
(98,177,478,102,1,'2024-11-20 01:33:41'),
(99,421,52,103,1,'2023-08-13 06:51:04'),
(100,221,113,104,1,'2024-09-09 06:56:57'),
(101,264,495,105,1,'2023-10-16 04:35:00'),
(102,204,97,106,1,'2024-04-06 10:53:09'),
(103,373,150,107,1,'2024-08-09 21:17:52'),
(104,318,118,108,1,'2024-01-28 00:04:54'),
(105,20,25,109,1,'2024-04-18 07:19:57'),
(106,426,434,110,1,'2024-04-17 16:20:18'),
(107,250,187,111,1,'2024-03-26 16:28:57'),
(108,315,276,112,1,'2024-09-17 20:30:26'),
(109,63,396,113,1,'2024-12-02 01:56:59'),
(110,264,3,114,1,'2023-09-25 10:52:04'),
(111,333,190,115,1,'2025-01-30 22:02:29'),
(112,29,374,116,1,'2023-12-09 19:53:57'),
(113,284,175,117,1,'2023-10-30 09:44:11'),
(114,358,45,118,1,'2025-02-26 02:26:07'),
(115,373,83,119,1,'2024-10-15 00:49:47'),
(116,278,343,120,1,'2024-06-23 22:03:26'),
(117,377,272,121,1,'2024-10-22 15:06:17'),
(118,2,202,122,1,'2025-07-03 09:35:00'),
(119,327,382,123,1,'2024-05-23 09:40:30'),
(120,275,74,124,1,'2024-12-31 08:55:55'),
(121,130,14,125,1,'2024-12-18 00:03:42'),
(122,50,302,126,1,'2024-07-21 07:35:47'),
(123,341,143,127,1,'2024-10-19 18:00:33'),
(124,335,231,128,1,'2025-04-10 00:28:27'),
(125,436,246,129,1,'2025-06-15 12:55:36'),
(126,228,21,130,1,'2024-07-07 11:30:41'),
(127,36,89,131,1,'2025-06-14 19:03:20'),
(128,313,432,132,1,'2024-12-19 19:24:21'),
(129,229,81,133,1,'2023-09-11 09:54:08'),
(130,244,208,134,1,'2024-09-02 18:24:42'),
(131,420,352,135,1,'2023-12-26 14:01:01'),
(132,467,489,136,1,'2024-03-24 10:43:09'),
(133,248,359,137,1,'2024-03-06 02:43:56'),
(134,323,133,138,1,'2024-07-28 06:16:08'),
(135,338,37,139,1,'2024-02-23 00:00:35'),
(136,425,366,140,1,'2024-02-10 03:51:46'),
(137,299,306,141,1,'2024-01-26 20:06:43'),
(138,32,469,142,1,'2024-12-18 03:17:04'),
(139,437,359,143,1,'2024-02-11 10:58:42'),
(140,87,50,144,1,'2025-04-26 01:49:53'),
(141,473,323,145,1,'2024-11-27 21:15:29'),
(142,11,169,146,1,'2024-12-25 00:56:13'),
(143,449,490,147,1,'2024-01-03 01:48:28'),
(144,433,216,148,1,'2023-10-01 09:33:26'),
(145,352,154,149,1,'2024-03-25 02:09:25'),
(146,8,263,150,1,'2024-11-12 18:14:08'),
(147,318,237,151,1,'2025-02-10 08:57:38'),
(148,391,111,152,1,'2024-08-30 15:06:00'),
(149,371,82,153,1,'2025-07-18 07:08:33'),
(150,463,231,154,1,'2025-07-16 04:50:34'),
(151,496,192,155,1,'2024-12-03 01:51:46'),
(152,381,358,156,1,'2024-03-20 23:15:50'),
(153,285,357,157,1,'2023-09-25 09:49:22'),
(154,168,262,158,1,'2025-05-01 21:54:51'),
(155,4,199,159,1,'2023-09-11 09:46:17'),
(156,266,484,160,1,'2023-08-24 22:48:08'),
(157,282,75,161,1,'2025-06-20 09:09:07'),
(158,68,219,162,1,'2023-12-30 09:30:30'),
(159,237,414,163,1,'2024-05-30 12:09:48'),
(160,361,134,164,1,'2025-05-29 02:42:22'),
(161,421,465,165,1,'2024-08-31 04:16:31'),
(162,321,356,166,1,'2025-02-15 22:41:19'),
(163,121,386,167,1,'2025-07-20 21:22:44'),
(164,444,99,168,1,'2024-07-15 01:06:19'),
(165,187,238,169,1,'2025-05-08 11:51:40'),
(166,246,230,170,1,'2025-04-09 14:05:31'),
(167,184,275,171,1,'2024-11-30 20:11:20'),
(168,351,279,172,1,'2024-08-05 08:18:04'),
(169,392,93,173,1,'2024-11-07 00:33:17'),
(170,302,371,174,1,'2024-06-23 04:15:54'),
(171,431,171,175,1,'2024-08-16 14:36:43'),
(172,174,355,176,1,'2025-06-23 07:28:37'),
(173,120,342,177,1,'2025-06-08 14:35:35'),
(174,309,482,178,1,'2024-02-09 03:29:24'),
(175,143,224,179,1,'2024-08-04 02:00:05'),
(176,336,112,180,1,'2024-09-19 11:28:48'),
(177,249,465,181,1,'2024-04-12 03:36:11'),
(178,431,272,182,1,'2024-05-27 21:41:57'),
(179,230,135,183,1,'2024-01-22 19:57:22'),
(180,169,272,184,1,'2023-11-13 12:31:28'),
(181,180,352,185,1,'2024-07-27 12:09:00'),
(182,49,344,186,1,'2025-05-15 08:26:04'),
(183,220,477,187,1,'2025-05-07 02:14:04'),
(184,425,216,188,1,'2024-10-05 01:50:13'),
(185,354,90,189,1,'2025-03-01 20:38:39'),
(186,289,296,190,1,'2024-05-28 21:52:14'),
(187,230,305,191,1,'2024-09-17 05:58:03'),
(188,300,364,192,1,'2025-03-12 22:07:01'),
(189,292,204,193,1,'2024-07-06 08:01:01'),
(190,164,400,194,1,'2024-02-06 06:05:27'),
(191,92,313,195,1,'2024-07-19 00:39:28'),
(192,257,200,196,1,'2024-04-03 16:18:44'),
(193,323,65,197,1,'2024-03-21 16:59:26'),
(194,466,324,198,1,'2023-11-18 23:00:49'),
(195,66,470,199,1,'2025-03-30 22:02:21'),
(196,182,479,200,1,'2023-09-03 20:57:59'),
(197,105,184,201,1,'2024-06-22 19:52:46'),
(198,240,235,202,1,'2025-02-13 18:44:58'),
(199,265,200,203,1,'2025-02-23 03:53:59'),
(200,266,346,204,1,'2023-08-07 10:01:15'),
(201,430,164,205,1,'2023-12-24 01:45:17'),
(202,273,115,206,1,'2023-11-01 22:50:52'),
(203,361,443,207,1,'2023-08-10 18:22:23'),
(204,17,272,208,1,'2025-02-26 17:40:10'),
(205,337,492,209,1,'2024-01-07 11:53:41'),
(206,33,387,210,1,'2024-03-22 19:47:49'),
(207,217,336,211,1,'2024-02-29 00:55:29'),
(208,313,220,212,1,'2023-10-15 02:50:33'),
(209,471,445,213,1,'2023-11-18 00:00:27'),
(210,182,410,214,1,'2023-09-28 03:21:34'),
(211,100,424,215,1,'2024-08-07 08:41:55'),
(212,317,154,216,1,'2024-02-11 10:38:12'),
(213,208,250,217,1,'2025-02-09 21:56:42'),
(214,156,265,218,1,'2025-05-19 06:11:17'),
(215,57,287,219,1,'2025-07-16 14:09:28'),
(216,324,145,220,1,'2024-12-12 04:40:25'),
(217,34,266,221,1,'2024-09-18 00:34:31'),
(218,337,281,222,1,'2024-05-08 16:34:31'),
(219,35,235,223,1,'2024-01-12 22:58:10'),
(220,32,145,224,1,'2024-08-27 10:57:57'),
(221,253,337,225,1,'2025-06-25 19:21:59'),
(222,80,15,226,1,'2024-01-13 02:20:01'),
(223,89,273,227,1,'2025-07-03 13:39:48'),
(224,266,407,228,1,'2025-02-10 10:01:57'),
(225,403,413,229,1,'2024-05-10 15:44:07'),
(226,181,203,230,1,'2025-03-17 11:23:12'),
(227,319,156,231,1,'2023-12-22 12:54:37'),
(228,230,432,232,1,'2024-06-16 18:23:59'),
(229,169,494,233,1,'2024-04-27 14:10:29'),
(230,48,175,234,1,'2024-07-28 00:46:53'),
(231,60,476,235,1,'2025-02-02 14:34:46'),
(232,408,213,236,1,'2025-06-19 15:45:25'),
(233,183,149,237,1,'2023-09-19 15:07:07'),
(234,125,21,238,1,'2023-08-23 09:28:07'),
(235,373,187,239,1,'2024-01-02 20:01:41'),
(236,344,460,240,1,'2023-12-27 16:37:05'),
(237,405,490,241,1,'2024-08-09 23:32:37'),
(238,295,489,242,1,'2025-05-18 09:06:13'),
(239,23,59,243,1,'2024-01-02 19:23:57'),
(240,379,82,244,1,'2024-10-22 04:27:26'),
(241,289,453,245,1,'2024-02-23 06:42:23'),
(242,91,41,246,1,'2024-07-07 19:46:39'),
(243,424,422,247,1,'2024-11-28 21:13:16'),
(244,143,171,248,1,'2023-10-24 12:56:57'),
(245,103,53,249,1,'2024-06-06 13:51:41'),
(246,353,324,250,1,'2024-12-20 09:44:52'),
(247,357,166,251,1,'2025-03-23 06:18:53'),
(248,459,21,252,1,'2023-10-18 17:50:21'),
(249,51,464,253,1,'2024-02-06 22:45:03'),
(250,447,2,254,1,'2024-08-18 16:37:23'),
(251,398,44,255,1,'2024-05-18 20:08:26'),
(252,479,212,256,1,'2025-07-01 23:46:09'),
(253,233,211,257,1,'2023-10-06 22:03:46'),
(254,299,330,258,1,'2024-10-12 02:02:54'),
(255,418,394,259,1,'2024-10-26 16:33:36'),
(256,79,217,260,1,'2024-01-03 21:22:44'),
(257,386,343,261,1,'2025-02-15 03:36:10'),
(258,226,136,262,1,'2024-11-03 20:43:27'),
(259,108,92,263,1,'2024-12-19 04:59:52'),
(260,117,468,264,1,'2024-04-21 23:41:29'),
(261,365,269,265,1,'2025-02-11 10:32:13'),
(262,273,172,266,1,'2025-04-27 20:08:23'),
(263,380,451,267,1,'2025-02-15 03:52:44'),
(264,26,445,268,1,'2025-01-07 02:20:35'),
(265,82,283,269,1,'2024-03-09 02:21:12'),
(266,83,294,270,1,'2024-08-03 16:43:28'),
(267,140,168,271,1,'2024-06-10 16:39:28'),
(268,115,90,272,1,'2025-04-03 18:36:08'),
(269,215,413,273,1,'2023-08-27 16:59:55'),
(270,431,318,274,1,'2024-05-16 10:32:09'),
(271,66,172,275,1,'2025-07-26 07:53:45'),
(272,371,473,276,1,'2024-10-16 14:16:11'),
(273,142,39,277,1,'2024-02-28 09:03:21'),
(274,135,146,278,1,'2024-11-14 01:06:50'),
(275,195,164,279,1,'2024-08-27 20:37:21'),
(276,187,413,280,1,'2025-02-13 08:58:21'),
(277,462,250,281,1,'2024-02-09 21:48:45'),
(278,338,69,282,1,'2023-09-10 11:10:21'),
(279,342,448,283,1,'2025-02-10 12:38:35'),
(280,415,187,284,1,'2025-02-08 13:22:08'),
(281,452,197,285,1,'2025-05-16 00:33:35'),
(282,272,13,286,1,'2024-06-26 19:53:34'),
(283,287,246,287,1,'2024-03-06 04:45:14'),
(284,240,488,288,1,'2024-03-22 02:00:20'),
(285,464,220,289,1,'2023-12-22 19:34:19'),
(286,454,70,290,1,'2024-06-20 06:08:07'),
(287,144,40,291,1,'2024-03-24 02:47:21'),
(288,31,375,292,1,'2024-01-06 03:42:29'),
(289,465,268,293,1,'2025-02-11 20:11:19'),
(290,264,438,294,1,'2025-03-25 02:30:44'),
(291,260,329,295,1,'2024-10-27 08:17:34'),
(292,494,169,296,1,'2023-10-24 21:25:40'),
(293,360,304,297,1,'2023-10-22 11:53:07'),
(294,303,301,298,1,'2023-12-08 03:35:56'),
(295,128,423,299,1,'2024-07-05 11:21:00'),
(296,253,93,300,1,'2024-09-12 03:42:26'),
(297,369,77,301,1,'2025-06-02 08:49:15'),
(298,268,466,302,1,'2024-11-23 11:59:01'),
(299,418,85,303,1,'2024-08-02 07:29:33'),
(300,65,385,304,1,'2024-03-07 17:42:36'),
(301,159,120,305,1,'2024-02-26 09:26:31'),
(302,58,387,306,1,'2023-08-31 16:02:58'),
(303,140,90,307,1,'2025-07-26 19:46:36'),
(304,357,190,308,1,'2025-03-20 19:21:20'),
(305,148,371,309,1,'2025-02-13 00:11:59'),
(306,483,145,310,1,'2024-08-18 00:38:45'),
(307,371,184,311,1,'2024-01-03 06:17:15'),
(308,478,213,312,1,'2023-11-02 14:28:12'),
(309,131,204,313,1,'2024-07-11 08:54:28'),
(310,480,477,314,1,'2025-03-13 18:01:18'),
(311,395,202,315,1,'2024-04-26 00:30:10'),
(312,201,360,316,1,'2025-05-16 04:48:47'),
(313,128,403,317,1,'2024-08-24 08:24:01'),
(314,171,493,318,1,'2025-03-18 17:18:28'),
(315,144,191,319,1,'2024-08-03 08:26:39'),
(316,318,308,320,1,'2023-09-03 22:44:54'),
(317,116,365,321,1,'2025-05-01 21:39:25'),
(318,223,462,322,1,'2023-11-12 08:29:09'),
(319,386,321,323,1,'2024-04-05 11:03:00'),
(320,78,317,324,1,'2024-01-31 09:12:39'),
(321,432,152,325,1,'2024-08-19 08:45:05'),
(322,30,446,326,1,'2023-10-09 14:11:54'),
(323,463,13,327,1,'2025-04-21 13:22:36'),
(324,348,97,328,1,'2025-04-26 21:14:09'),
(325,221,19,329,1,'2024-10-31 02:54:08'),
(326,407,343,330,1,'2024-02-22 03:55:08'),
(327,86,388,331,1,'2025-05-10 22:03:03'),
(328,166,467,332,1,'2024-11-04 00:22:49'),
(329,84,454,333,1,'2023-10-07 07:57:29'),
(330,153,313,334,1,'2023-11-11 05:49:38'),
(331,25,228,335,1,'2025-04-08 15:14:35'),
(332,478,130,336,1,'2023-08-23 12:04:23'),
(333,354,403,337,1,'2024-08-18 05:20:22'),
(334,398,142,338,1,'2024-05-09 14:18:00'),
(335,205,283,339,1,'2025-01-27 18:28:55'),
(336,380,397,340,1,'2024-08-27 21:09:07'),
(337,81,49,341,1,'2025-03-09 09:30:28'),
(338,291,57,342,1,'2024-01-31 08:28:21'),
(339,110,243,343,1,'2024-09-17 00:34:52'),
(340,110,327,344,1,'2023-10-06 19:43:06'),
(341,321,373,345,1,'2024-06-29 03:23:25'),
(342,58,490,346,1,'2025-04-24 09:40:04'),
(343,71,325,347,1,'2023-09-12 05:50:16'),
(344,47,472,348,1,'2025-02-02 16:28:34'),
(345,428,129,349,1,'2024-09-25 06:47:05'),
(346,328,253,350,1,'2025-07-02 14:07:43'),
(347,284,131,351,1,'2025-03-19 20:09:54'),
(348,229,389,352,1,'2025-01-12 12:52:14'),
(349,417,228,353,1,'2023-11-11 16:58:47'),
(350,241,500,354,1,'2024-07-06 10:13:30'),
(351,196,452,355,1,'2023-10-30 05:49:56'),
(352,388,270,356,1,'2025-03-24 12:35:52'),
(353,423,397,357,1,'2024-04-24 05:33:20'),
(354,342,345,358,1,'2025-06-07 06:29:08'),
(355,306,97,359,1,'2023-12-26 23:40:16'),
(356,168,118,360,1,'2024-02-21 17:35:39'),
(357,331,65,361,1,'2023-08-13 23:08:15'),
(358,185,446,362,1,'2025-04-13 07:09:33'),
(359,238,230,363,1,'2024-02-20 07:05:52'),
(360,307,272,364,1,'2025-04-15 03:05:55'),
(361,142,354,365,1,'2023-09-20 08:04:28'),
(362,389,248,366,1,'2025-03-02 02:13:29'),
(363,315,57,367,1,'2024-08-26 11:47:37'),
(364,99,323,368,1,'2024-03-15 15:15:38'),
(365,112,33,369,1,'2025-03-07 19:19:42'),
(366,45,111,370,1,'2025-02-13 10:24:26'),
(367,493,208,371,1,'2024-10-12 09:47:21'),
(368,133,32,372,1,'2025-03-22 10:41:02'),
(369,68,205,373,1,'2025-06-04 21:30:31'),
(370,243,393,374,1,'2024-05-08 15:43:24'),
(371,3,432,375,1,'2023-12-03 12:10:17'),
(372,128,453,376,1,'2024-09-30 02:06:21'),
(373,24,186,377,1,'2023-08-28 04:50:38'),
(374,80,198,378,1,'2025-07-12 07:15:51'),
(375,376,223,379,1,'2024-09-01 03:59:24'),
(376,340,157,380,1,'2023-12-07 05:24:44'),
(377,442,36,381,1,'2025-01-17 21:41:21'),
(378,240,242,382,1,'2024-10-02 19:54:02'),
(379,485,398,383,1,'2025-06-06 14:01:30'),
(380,479,48,384,1,'2024-04-30 02:29:22'),
(381,32,11,385,1,'2023-10-25 15:28:18'),
(382,260,95,386,1,'2024-10-10 15:32:35'),
(383,203,142,387,1,'2024-11-07 10:59:20'),
(384,93,25,388,1,'2025-05-06 22:28:33'),
(385,350,482,389,1,'2024-06-28 06:40:11'),
(386,328,235,390,1,'2023-11-09 10:20:16'),
(387,257,1,391,1,'2023-10-19 17:34:40'),
(388,326,135,392,1,'2025-06-26 21:32:55'),
(389,82,291,393,1,'2023-11-12 21:44:58'),
(390,342,442,394,1,'2023-08-26 20:25:58'),
(391,121,113,395,1,'2023-08-22 06:57:25'),
(392,280,345,396,1,'2023-10-29 08:32:04'),
(393,455,465,397,1,'2024-07-03 08:13:19'),
(394,160,83,398,1,'2024-10-29 18:21:14'),
(395,455,229,399,1,'2024-04-26 15:53:59'),
(396,353,371,400,1,'2025-01-06 18:55:11'),
(397,35,493,401,1,'2024-07-04 12:23:15'),
(398,157,8,402,1,'2024-06-05 01:01:01'),
(399,60,472,403,1,'2024-09-06 06:50:50'),
(400,487,33,404,1,'2024-07-24 13:51:36');
/*!40000 ALTER TABLE `business_connections` ENABLE KEYS */;
UNLOCK TABLES;
commit;

--
-- Table structure for table `business_phases`
--

DROP TABLE IF EXISTS `business_phases`;
/*!40101 SET @saved_cs_client     = @@character_set_client */;
/*!40101 SET character_set_client = utf8mb4 */;
CREATE TABLE `business_phases` (
  `id` int(11) NOT NULL AUTO_INCREMENT,
  `name` varchar(100) DEFAULT NULL,
  PRIMARY KEY (`id`)
) ENGINE=InnoDB AUTO_INCREMENT=5 DEFAULT CHARSET=utf8mb4 COLLATE=utf8mb4_unicode_ci;
/*!40101 SET character_set_client = @saved_cs_client */;

--
-- Dumping data for table `business_phases`
--

LOCK TABLES `business_phases` WRITE;
/*!40000 ALTER TABLE `business_phases` DISABLE KEYS */;
set autocommit=0;
INSERT INTO `business_phases` VALUES
(1,'Startup'),
(2,'Growth'),
(3,'Mature'),
(4,'Decline');
/*!40000 ALTER TABLE `business_phases` ENABLE KEYS */;
UNLOCK TABLES;
commit;

--
-- Table structure for table `business_roles`
--

DROP TABLE IF EXISTS `business_roles`;
/*!40101 SET @saved_cs_client     = @@character_set_client */;
/*!40101 SET character_set_client = utf8mb4 */;
CREATE TABLE `business_roles` (
  `id` int(11) NOT NULL AUTO_INCREMENT,
  `name` varchar(100) DEFAULT NULL,
  PRIMARY KEY (`id`)
) ENGINE=InnoDB AUTO_INCREMENT=5 DEFAULT CHARSET=utf8mb4 COLLATE=utf8mb4_unicode_ci;
/*!40101 SET character_set_client = @saved_cs_client */;

--
-- Dumping data for table `business_roles`
--

LOCK TABLES `business_roles` WRITE;
/*!40000 ALTER TABLE `business_roles` DISABLE KEYS */;
set autocommit=0;
INSERT INTO `business_roles` VALUES
(1,'Founder'),
(2,'Investor'),
(3,'Advisor'),
(4,'Employee');
/*!40000 ALTER TABLE `business_roles` ENABLE KEYS */;
UNLOCK TABLES;
commit;

--
-- Table structure for table `business_skills`
--

DROP TABLE IF EXISTS `business_skills`;
/*!40101 SET @saved_cs_client     = @@character_set_client */;
/*!40101 SET character_set_client = utf8mb4 */;
CREATE TABLE `business_skills` (
  `id` int(11) NOT NULL,
  `name` varchar(60) DEFAULT NULL,
  PRIMARY KEY (`id`)
) ENGINE=InnoDB DEFAULT CHARSET=utf8mb4 COLLATE=utf8mb4_unicode_ci;
/*!40101 SET character_set_client = @saved_cs_client */;

--
-- Dumping data for table `business_skills`
--

LOCK TABLES `business_skills` WRITE;
/*!40000 ALTER TABLE `business_skills` DISABLE KEYS */;
set autocommit=0;
INSERT INTO `business_skills` VALUES
(1,'Marketing'),
(2,'Sales'),
(3,'Finance'),
(4,'Operations');
/*!40000 ALTER TABLE `business_skills` ENABLE KEYS */;
UNLOCK TABLES;
commit;

--
-- Table structure for table `business_strengths`
--

DROP TABLE IF EXISTS `business_strengths`;
/*!40101 SET @saved_cs_client     = @@character_set_client */;
/*!40101 SET character_set_client = utf8mb4 */;
CREATE TABLE `business_strengths` (
  `id` int(11) NOT NULL AUTO_INCREMENT,
  `business_role_id` int(11) DEFAULT NULL,
  `business_phase_id` int(11) DEFAULT NULL,
  `name` varchar(100) DEFAULT NULL,
  PRIMARY KEY (`id`),
  KEY `business_role_id` (`business_role_id`),
  KEY `business_phase_id` (`business_phase_id`),
  CONSTRAINT `business_strengths_ibfk_1` FOREIGN KEY (`business_role_id`) REFERENCES `business_roles` (`id`),
  CONSTRAINT `business_strengths_ibfk_2` FOREIGN KEY (`business_phase_id`) REFERENCES `business_phases` (`id`)
) ENGINE=InnoDB DEFAULT CHARSET=utf8mb4 COLLATE=utf8mb4_unicode_ci;
/*!40101 SET character_set_client = @saved_cs_client */;

--
-- Dumping data for table `business_strengths`
--

LOCK TABLES `business_strengths` WRITE;
/*!40000 ALTER TABLE `business_strengths` DISABLE KEYS */;
set autocommit=0;
/*!40000 ALTER TABLE `business_strengths` ENABLE KEYS */;
UNLOCK TABLES;
commit;

--
-- Table structure for table `business_types`
--

DROP TABLE IF EXISTS `business_types`;
/*!40101 SET @saved_cs_client     = @@character_set_client */;
/*!40101 SET character_set_client = utf8mb4 */;
CREATE TABLE `business_types` (
  `id` int(11) NOT NULL AUTO_INCREMENT,
  `name` varchar(100) DEFAULT NULL,
  PRIMARY KEY (`id`)
) ENGINE=InnoDB AUTO_INCREMENT=5 DEFAULT CHARSET=utf8mb4 COLLATE=utf8mb4_unicode_ci;
/*!40101 SET character_set_client = @saved_cs_client */;

--
-- Dumping data for table `business_types`
--

LOCK TABLES `business_types` WRITE;
/*!40000 ALTER TABLE `business_types` DISABLE KEYS */;
set autocommit=0;
INSERT INTO `business_types` VALUES
(1,'SaaS'),
(2,'E-commerce'),
(3,'Consulting'),
(4,'Manufacturing');
/*!40000 ALTER TABLE `business_types` ENABLE KEYS */;
UNLOCK TABLES;
commit;

--
-- Table structure for table `businesses`
--

DROP TABLE IF EXISTS `businesses`;
/*!40101 SET @saved_cs_client     = @@character_set_client */;
/*!40101 SET character_set_client = utf8mb4 */;
CREATE TABLE `businesses` (
  `id` int(11) NOT NULL AUTO_INCREMENT,
  `operator_user_id` int(11) DEFAULT NULL,
  `name` varchar(100) DEFAULT NULL,
  `tagline` varchar(100) DEFAULT NULL,
  `website` varchar(255) DEFAULT NULL,
  `description` text DEFAULT NULL,
  `address` varchar(100) DEFAULT NULL,
  `city` varchar(60) DEFAULT NULL,
  `business_type_id` int(11) DEFAULT NULL,
  `business_category_id` int(11) DEFAULT NULL,
  `business_phase` int(11) DEFAULT NULL,
  PRIMARY KEY (`id`),
  KEY `operator_user_id` (`operator_user_id`),
  KEY `business_type_id` (`business_type_id`),
  KEY `business_category_id` (`business_category_id`),
  KEY `business_phase` (`business_phase`),
  CONSTRAINT `businesses_ibfk_1` FOREIGN KEY (`operator_user_id`) REFERENCES `users` (`id`),
  CONSTRAINT `businesses_ibfk_2` FOREIGN KEY (`business_type_id`) REFERENCES `business_types` (`id`),
  CONSTRAINT `businesses_ibfk_3` FOREIGN KEY (`business_category_id`) REFERENCES `business_categories` (`id`),
  CONSTRAINT `businesses_ibfk_4` FOREIGN KEY (`business_phase`) REFERENCES `business_phases` (`id`)
) ENGINE=InnoDB AUTO_INCREMENT=501 DEFAULT CHARSET=utf8mb4 COLLATE=utf8mb4_unicode_ci;
/*!40101 SET character_set_client = @saved_cs_client */;

--
-- Dumping data for table `businesses`
--

LOCK TABLES `businesses` WRITE;
/*!40000 ALTER TABLE `businesses` DISABLE KEYS */;
set autocommit=0;
INSERT INTO `businesses` VALUES
(1,1,'Sun-Kissed Foods','Quality Ingredients, Honest Food','https://www.sun-kissedfoods.com.au','Democrat history mouth very child only market. Near whether particular onto picture sister. Arrive summer sure discussion list event million.','6122 Baker Lane Apt. 650','Coopers Plains',4,5,3),
(2,2,'Ironbark Security','Securing Your Future','https://www.ironbarksecurity.com.au','Name understand purpose social blue. Across green now put. Our reality before which keep cultural. Happy rock teacher.','077 Armstrong Ridge','Coopers Plains',3,97,1),
(3,3,'BlueGum Digital Marketing','Digital Presence, Perfected','https://www.bluegumdigitalmarketing.com.au','Appear article heart training TV serious. Size create sound on simple already. Research image argue position decide.','452 Torres Ridge Apt. 043','Coopers Plains',3,86,2),
(4,4,'BlueGum Digital Marketing','Driving Growth & Innovation','https://www.bluegumdigitalmarketing.com.au','Certainly bag thousand computer great worry wide.','83784 Juan Mill','Coopers Plains',3,25,2),
(5,5,'The Local Pantry','Adventure Awaits','https://www.thelocalpantry.com.au','Meet charge building. Smile week when entire cover explain there. Government effect much again.','5048 Robert Turnpike Suite 571','Coopers Plains',2,89,2),
(6,6,'The Local Pantry','Fresh & Local, Delivered','https://www.thelocalpantry.com.au','Poor at during direction population rich. Blue campaign claim. Cover according no some decide decision without.','997 Sean Bypass Suite 215','Coopers Plains',2,85,2),
(7,7,'Coastal Threads','Fresh & Local, Delivered','https://www.coastalthreads.com.au','Nice radio catch land war just behind. Institution gas card citizen red.','9626 Rice Islands','Coopers Plains',2,65,3),
(8,8,'Apex Financial Solutions','Driving Growth & Innovation','https://www.apexfinancialsolutions.com.au','Weight population up recognize these doctor suggest. Politics beyond when air southern hold month. But operation scene security dream.','303 Carrie Port','Coopers Plains',3,49,4),
(9,9,'Ironbark Security','Your Financial Partner','https://www.ironbarksecurity.com.au','Certainly make article hand investment land anyone wait. American white effect professional wall certain understand. Stand professor population cover enjoy. Author almost event move hand group.','998 Davis Flat','Coopers Plains',3,36,3),
(10,10,'QuantumLeap AI','Seamless Collaboration','https://www.quantumleapai.com.au','Real husband high message discussion letter. Attention end lawyer similar possible thank program. Discover he national through serve world majority Democrat.','522 Murphy Path','Coopers Plains',1,54,4),
(11,11,'Momentum Strategy Group','Driving Growth & Innovation','https://www.momentumstrategygroup.com.au','Left adult enjoy may key field degree music. Forward spring education case quite.','955 Ruiz Streets','Coopers Plains',3,42,1),
(12,12,'The Local Pantry','Handcrafted Goods','https://www.thelocalpantry.com.au','Reduce standard source including foreign. Media blue think including culture read success.','21869 Rebecca Springs','Coopers Plains',2,31,3),
(13,13,'The Local Pantry','Fresh & Local, Delivered','https://www.thelocalpantry.com.au','Evening break blood official. Dark magazine administration back attorney blood. Nature east main.','97561 Oliver Mill','Coopers Plains',2,39,3),
(14,14,'Sun-Kissed Foods','Automating Tomorrow','https://www.sun-kissedfoods.com.au','Economy employee many piece care management. Appear return marriage professor seat. Member say hit career. Lose one parent relationship finish meeting.','482 Courtney Summit','Coopers Plains',4,44,1),
(15,15,'Ironbark Security','Digital Presence, Perfected','https://www.ironbarksecurity.com.au','Amount among cut on message. Meet thus treat. Director force point argue on according.','375 Brian Estates Apt. 683','Coopers Plains',3,45,4),
(16,16,'Apex Financial Solutions','Securing Your Future','https://www.apexfinancialsolutions.com.au','Smile without we president reason although course. Rather begin then place American American anyone. Explain improve fire. Follow opportunity company.','94988 Sandra Prairie','Coopers Plains',3,66,4),
(17,17,'Coastal Threads','Fresh & Local, Delivered','https://www.coastalthreads.com.au','Left consumer others image old. Road personal fine. Expert investment far civil scientist environment.','422 Kimberly Pine','Coopers Plains',2,6,2),
(18,18,'Outback Gear Co.','Handcrafted Goods','https://www.outbackgearco.com.au','Modern simple drug measure his series policy. Trade space blue write watch voice history. Stay purpose bar fear prevent.','69597 Dakota Forge','Coopers Plains',2,77,1),
(19,19,'Coastal Threads','Adventure Awaits','https://www.coastalthreads.com.au','Above lot customer while religious. Government main help view man hundred. Cell trip measure him fight argue clear.','411 Christine Hollow Apt. 634','Coopers Plains',2,72,2),
(20,20,'Artisan Alley','Fresh & Local, Delivered','https://www.artisanalley.com.au','Life myself argue table listen enter history. From more customer perform subject. Conference church message and painting.','638 Griffith Freeway','Coopers Plains',2,3,1),
(21,21,'BlueGum Digital Marketing','Digital Presence, Perfected','https://www.bluegumdigitalmarketing.com.au','Final best product minute mind ahead subject. Body he street. Cover skin step high. Yet poor generation new affect lose respond.','93952 Jason Row','Coopers Plains',3,67,1),
(22,22,'QuantumLeap AI','The Future of Data, Today','https://www.quantumleapai.com.au','Special stay court why address hit. Sense worry however.','68064 Keith Islands Suite 498','Coopers Plains',1,85,3),
(23,23,'Precision Components Pty Ltd','Quality Ingredients, Honest Food','https://www.precisioncomponentsptyltd.com.au','Should member office charge.','1215 Andrea Port','Coopers Plains',4,81,2),
(24,24,'Artisan Alley','Fresh & Local, Delivered','https://www.artisanalley.com.au','Line accept beat avoid brother she. White front nation church. Although win and operation.','448 Christian Trafficway Apt. 533','Coopers Plains',2,88,2),
(25,25,'Momentum Strategy Group','Your Financial Partner','https://www.momentumstrategygroup.com.au','Want focus they like. How ago whom claim partner short goal.','379 John Point Apt. 562','Coopers Plains',3,14,3),
(26,26,'NexusFlow','Integrating Your World','https://www.nexusflow.com.au','Realize care field able. Child responsibility policy give by evening.','2564 Martin Plaza Apt. 166','Coopers Plains',1,88,3),
(27,27,'Precision Components Pty Ltd','Sustainable Packaging','https://www.precisioncomponentsptyltd.com.au','Big degree tax ahead say. Teach side job much question than reveal.','372 Victoria Crest Apt. 577','Coopers Plains',4,99,3),
(28,28,'Sun-Kissed Foods','Quality Ingredients, Honest Food','https://www.sun-kissedfoods.com.au','Huge beyond trip media official. This wind card enough. Role why that recently east only eat role.','97206 Branch Cliff Apt. 900','Coopers Plains',4,20,1),
(29,29,'Precision Components Pty Ltd','Quality Ingredients, Honest Food','https://www.precisioncomponentsptyltd.com.au','Parent possible radio focus. Beyond full admit couple eight by support.','64303 Johnny Meadows Apt. 488','Coopers Plains',4,60,1),
(30,30,'EcoEssentials','Adventure Awaits','https://www.ecoessentials.com.au','Amount voice start quality second. Yet practice mention including.','81991 Clark Park','Coopers Plains',2,56,3),
(31,31,'EcoPack Solutions','Automating Tomorrow','https://www.ecopacksolutions.com.au','Deep television chair me education. Call issue trouble relate seven. Market start go nearly visit blue nearly.','86104 Donald Key Suite 783','Coopers Plains',4,6,3),
(32,32,'BlueGum Digital Marketing','Driving Growth & Innovation','https://www.bluegumdigitalmarketing.com.au','Scientist sell opportunity life affect. Decade get public and mission. Edge claim matter other study.','8004 Cheryl Radial Suite 187','Coopers Plains',3,28,1),
(33,33,'Outback Gear Co.','Adventure Awaits','https://www.outbackgearco.com.au','Cultural real prevent whose. Energy production modern build control. Seven why design southern radio long. Baby majority everything choose history want but.','43376 Gordon Plaza','Coopers Plains',2,70,2),
(34,34,'Apex Financial Solutions','Securing Your Future','https://www.apexfinancialsolutions.com.au','Major western economic everybody economic. Idea baby one how. Rule during determine cover case others.','3702 Matthew Prairie','Coopers Plains',3,38,4),
(35,35,'The Local Pantry','Handcrafted Goods','https://www.thelocalpantry.com.au','Real six remember actually entire late administration. Father tend answer some respond history several lead.','90687 Tracy Lodge','Coopers Plains',2,20,3),
(36,36,'DataStream','Integrating Your World','https://www.datastream.com.au','Above together Democrat it here develop over. Pattern southern range end trade rock. Pick now range white.','71245 Savannah Brooks','Coopers Plains',1,5,2),
(37,37,'EcoPack Solutions','Engineered for Excellence','https://www.ecopacksolutions.com.au','Born dog office list get dark. Commercial already law sport true force something.','01241 Christopher Hollow','Coopers Plains',4,73,4),
(38,38,'Precision Components Pty Ltd','Engineered for Excellence','https://www.precisioncomponentsptyltd.com.au','Affect address affect exist. Happy member seat rest. Character rock ahead drug nor notice. Road turn look in great.','49662 Dorothy Islands Suite 880','Coopers Plains',4,52,3),
(39,39,'EcoEssentials','Handcrafted Goods','https://www.ecoessentials.com.au','Save himself safe natural could. Activity scientist determine then garden local. Street question particular be challenge eye.','31791 Wilson Neck Apt. 178','Coopers Plains',2,13,1),
(40,40,'EcoPack Solutions','Automating Tomorrow','https://www.ecopacksolutions.com.au','Nothing soon scientist computer before discuss. Along do listen. Face discussion pressure after left manager. Establish wide research worker during senior.','98361 Victoria Garden','Coopers Plains',4,74,1),
(41,41,'QuantumLeap AI','Seamless Collaboration','https://www.quantumleapai.com.au','Popular until begin call respond trial. Decade tonight reach trouble research hit.','5677 Mcgee Villages','Coopers Plains',1,50,1),
(42,42,'EcoPack Solutions','Automating Tomorrow','https://www.ecopacksolutions.com.au','For various whether deep. Phone their training certain capital gun. Learn recent bank smile world surface economy.','91299 Joseph Dam','Coopers Plains',4,75,1),
(43,43,'InnovateCloud','Seamless Collaboration','https://www.innovatecloud.com.au','Risk act often term. Where age remember anyone draw.','874 Jeffrey Hills Apt. 422','Coopers Plains',1,28,1),
(44,44,'InnovateCloud','Integrating Your World','https://www.innovatecloud.com.au','Me consider total. Entire do imagine herself know.','00268 Smith Forge Suite 058','Coopers Plains',1,39,1),
(45,45,'EcoEssentials','Handcrafted Goods','https://www.ecoessentials.com.au','Seek power cut hot north. System become budget knowledge could too.','67038 Theresa Freeway','Coopers Plains',2,17,4),
(46,46,'Coastal Threads','Beach-Inspired Fashion','https://www.coastalthreads.com.au','Time account large coach. Need but low this. Like compare despite hair. Doctor full strong floor.','8925 Steele Center','Coopers Plains',2,99,4),
(47,47,'Apex Financial Solutions','Digital Presence, Perfected','https://www.apexfinancialsolutions.com.au','Son traditional science write commercial. Upon work thing shoulder certainly.','167 Barbara Prairie','Coopers Plains',3,54,1),
(48,48,'SynthWave Analytics','AI-Powered Insights','https://www.synthwaveanalytics.com.au','Four my five father few book say. Fish finish quickly. Computer soon woman own foot.','2111 Joanna Springs Suite 058','Coopers Plains',1,2,1),
(49,49,'DataStream','The Future of Data, Today','https://www.datastream.com.au','Smile form own. Radio until design. Consumer cover thousand the edge same.','202 Robert Well','Coopers Plains',1,92,4),
(50,50,'Momentum Strategy Group','Digital Presence, Perfected','https://www.momentumstrategygroup.com.au','Lot world remember couple. Member local sport could Mr allow theory.','286 Ochoa Plains','Coopers Plains',3,83,4),
(51,51,'Precision Components Pty Ltd','Quality Ingredients, Honest Food','https://www.precisioncomponentsptyltd.com.au','Reveal herself debate condition. Concern argue although fear. Computer score well international little number marriage.','532 Ricky Rest Apt. 031','Coopers Plains',4,28,1),
(52,52,'The Local Pantry','Fresh & Local, Delivered','https://www.thelocalpantry.com.au','Source gas why difference color able drop. Seat she institution important dog line detail figure.','2473 Kramer Circles Suite 507','Coopers Plains',2,100,4),
(53,53,'Sun-Kissed Foods','Quality Ingredients, Honest Food','https://www.sun-kissedfoods.com.au','Suggest ahead explain out eye risk. Among nor well science dream officer everyone. Ever chance perhaps development above environment enjoy. Section structure everything this phone.','58672 Haynes Point','Coopers Plains',4,49,4),
(54,54,'Artisan Alley','Beach-Inspired Fashion','https://www.artisanalley.com.au','Dark would serious upon. Goal front as less.','1770 Sandra Radial Apt. 228','Coopers Plains',2,34,2),
(55,55,'BlueGum Digital Marketing','Securing Your Future','https://www.bluegumdigitalmarketing.com.au','Theory by learn without. Could break pattern sell. Resource will much officer. Brother deal rate structure material no.','5313 Farrell Avenue','Coopers Plains',3,19,1),
(56,56,'DataStream','Seamless Collaboration','https://www.datastream.com.au','Require production sometimes yet past seem. Play fast get let seek. Sport agency natural share.','5147 Rodriguez Spur Suite 918','Coopers Plains',1,44,4),
(57,57,'BlueGum Digital Marketing','Securing Your Future','https://www.bluegumdigitalmarketing.com.au','Series strategy range character staff they.','117 Jason Fort Apt. 678','Coopers Plains',3,13,1),
(58,58,'Artisan Alley','Handcrafted Goods','https://www.artisanalley.com.au','Discuss fast mind far. Admit perform teach during against keep itself.','48092 Deanna Knoll Suite 231','Coopers Plains',2,4,4),
(59,59,'Ironbark Security','Digital Presence, Perfected','https://www.ironbarksecurity.com.au','Above common in property work local window treatment. Opportunity enter test operation suffer.','3524 Jonathan Path Apt. 497','Coopers Plains',3,6,3),
(60,60,'InnovateCloud','Seamless Collaboration','https://www.innovatecloud.com.au','Worker ask would. Bill and budget much item hear view. Body lead south key herself.','08746 Kelly Run','Coopers Plains',1,52,2),
(61,61,'Artisan Alley','Adventure Awaits','https://www.artisanalley.com.au','House whose thing statement pull suddenly. Out guess move perhaps can challenge high source.','568 James Stravenue Suite 348','Coopers Plains',2,38,2),
(62,62,'Momentum Strategy Group','Driving Growth & Innovation','https://www.momentumstrategygroup.com.au','Near push include in dinner American adult himself. Meeting wait would dark growth half.','441 Sheila Common Suite 225','Coopers Plains',3,61,2),
(63,63,'InnovateCloud','Integrating Your World','https://www.innovatecloud.com.au','Future relationship pay maybe sport. Ask join increase positive contain just feel. Deep worker moment structure once her.','958 Kathy Divide Apt. 587','Coopers Plains',1,98,1),
(64,64,'TerraForm Robotics','Quality Ingredients, Honest Food','https://www.terraformrobotics.com.au','Where amount realize station enjoy upon few himself. Carry I five appear address move. Author condition serve like.','43103 Derek Avenue Apt. 231','Coopers Plains',4,94,4),
(65,65,'InnovateCloud','Seamless Collaboration','https://www.innovatecloud.com.au','Whom ten walk his threat trip. Do international memory unit your.','5873 Ashley Heights','Coopers Plains',1,93,3),
(66,66,'Precision Components Pty Ltd','Engineered for Excellence','https://www.precisioncomponentsptyltd.com.au','Piece science direction investment dream any listen per. Imagine hit activity beat follow week live central. Beautiful resource management need music drive bit.','320 Jimmy Radial','Coopers Plains',4,95,4),
(67,67,'Momentum Strategy Group','Your Financial Partner','https://www.momentumstrategygroup.com.au','General issue without particularly tough author. Guess remember more law personal ten.','5336 Joan Track Suite 732','Coopers Plains',3,39,4),
(68,68,'QuantumLeap AI','AI-Powered Insights','https://www.quantumleapai.com.au','Better phone information might service. Report protect that sometimes spring.','17004 David Junction','Coopers Plains',1,11,3),
(69,69,'Ironbark Security','Securing Your Future','https://www.ironbarksecurity.com.au','Business accept since all there.','35515 Albert Mountain Apt. 001','Coopers Plains',3,52,1),
(70,70,'Artisan Alley','Beach-Inspired Fashion','https://www.artisanalley.com.au','On owner sister here until entire. Short role kitchen should second guy during.','19693 Mack Roads','Coopers Plains',2,48,1),
(71,71,'TerraForm Robotics','Engineered for Excellence','https://www.terraformrobotics.com.au','Success above specific simple manager improve they. General model actually walk fight onto far.','135 Chapman Centers','Coopers Plains',4,72,4),
(72,72,'The Local Pantry','Beach-Inspired Fashion','https://www.thelocalpantry.com.au','Marriage before middle young item. Player prepare major boy.','308 Parker Shoals Suite 541','Coopers Plains',2,63,3),
(73,73,'Precision Components Pty Ltd','Sustainable Packaging','https://www.precisioncomponentsptyltd.com.au','Western than maintain back surface around to south. Somebody land computer admit reveal letter. Line enjoy stand hand reduce difficult. Own while approach everything campaign ten.','45259 Moreno Parks','Coopers Plains',4,71,1),
(74,74,'The Local Pantry','Handcrafted Goods','https://www.thelocalpantry.com.au','Reason on sort suggest. Somebody trip eight after. Onto traditional hospital mother wait.','1898 Flores Lane Suite 606','Coopers Plains',2,22,1),
(75,75,'EcoPack Solutions','Automating Tomorrow','https://www.ecopacksolutions.com.au','Wonder range second level process across growth. Cell benefit listen section admit many million. Area task for hour enough station suffer.','74697 Jason Fields Apt. 120','Coopers Plains',4,36,4),
(76,76,'Outback Gear Co.','Handcrafted Goods','https://www.outbackgearco.com.au','Leave authority over. See natural economy economic. Friend score agree sit health environmental prove.','9583 Lawson Landing Apt. 956','Coopers Plains',2,46,2),
(77,77,'Coastal Threads','Adventure Awaits','https://www.coastalthreads.com.au','Keep could term. Above add room shoulder company number wide.','6453 Brown Mountains Suite 177','Coopers Plains',2,66,1),
(78,78,'NexusFlow','Integrating Your World','https://www.nexusflow.com.au','Someone them keep itself. Reality treat the easy behavior fund.','6134 Tanner Drive','Coopers Plains',1,60,3),
(79,79,'Precision Components Pty Ltd','Engineered for Excellence','https://www.precisioncomponentsptyltd.com.au','Step job official energy manage. Lawyer better anything writer.','6967 Alexander Track Apt. 889','Coopers Plains',4,75,1),
(80,80,'Ironbark Security','Securing Your Future','https://www.ironbarksecurity.com.au','Husband force those pay where team black protect.','3741 Catherine Spur','Coopers Plains',3,11,3),
(81,81,'BlueGum Digital Marketing','Securing Your Future','https://www.bluegumdigitalmarketing.com.au','Sit main report arm. Voice myself practice foot size bag. Relationship operation suddenly game.','9752 Holly Loop','Coopers Plains',3,44,3),
(82,82,'Precision Components Pty Ltd','Quality Ingredients, Honest Food','https://www.precisioncomponentsptyltd.com.au','Sort eight test message between nation peace. Crime half consider establish be. Security manage economy analysis follow entire music.','0311 Angelica Well','Coopers Plains',4,27,4),
(83,83,'TerraForm Robotics','Engineered for Excellence','https://www.terraformrobotics.com.au','Front better several. Compare north site may article certainly outside. Lead suddenly else pull person throw evidence heart.','1010 April Corner Apt. 287','Coopers Plains',4,15,1),
(84,84,'Ironbark Security','Securing Your Future','https://www.ironbarksecurity.com.au','What mouth article special minute sort type. Job it maybe main financial take. Write sport even spend try eat.','305 Porter Avenue Suite 832','Coopers Plains',3,87,4),
(85,85,'Outback Gear Co.','Fresh & Local, Delivered','https://www.outbackgearco.com.au','Whatever everyone this box line quickly. Movie sign kitchen military brother left.','683 Hernandez Course Apt. 799','Coopers Plains',2,44,3),
(86,86,'Precision Components Pty Ltd','Quality Ingredients, Honest Food','https://www.precisioncomponentsptyltd.com.au','Win compare suggest left. Sister sea from option be. Statement plant career project community.','8932 Armstrong Lake Apt. 079','Coopers Plains',4,17,1),
(87,87,'Apex Financial Solutions','Your Financial Partner','https://www.apexfinancialsolutions.com.au','Factor dark area his usually consumer. Develop professional his thing close gun child consumer.','697 Diaz Mews Apt. 526','Coopers Plains',3,27,3),
(88,88,'EcoEssentials','Beach-Inspired Fashion','https://www.ecoessentials.com.au','Thousand which stop learn increase. Friend interesting industry very heart important. Individual subject particularly along consider.','57379 Roth Divide','Coopers Plains',2,27,4),
(89,89,'Sun-Kissed Foods','Sustainable Packaging','https://www.sun-kissedfoods.com.au','Season around water resource heavy newspaper. Believe man situation reduce shake evening world eye. Without page magazine ten building. Enter mission off mother food unit.','512 Lopez Prairie Suite 382','Coopers Plains',4,74,2),
(90,90,'Ironbark Security','Securing Your Future','https://www.ironbarksecurity.com.au','Less and possible. Popular market heavy strong. Catch board sign interest view least.','0588 Becker Causeway Suite 483','Coopers Plains',3,33,1),
(91,91,'EcoEssentials','Beach-Inspired Fashion','https://www.ecoessentials.com.au','Conference wish item. Computer grow machine religious police bill understand.','142 Whitney Isle','Coopers Plains',2,57,3),
(92,92,'Apex Financial Solutions','Driving Growth & Innovation','https://www.apexfinancialsolutions.com.au','Add news fire. By sign consumer sense marriage same.','07880 James Alley','Coopers Plains',3,8,1),
(93,93,'Apex Financial Solutions','Digital Presence, Perfected','https://www.apexfinancialsolutions.com.au','Move ten from need will. Play position approach news. Peace candidate natural fire yeah response.','47720 House Rapids Suite 806','Coopers Plains',3,68,1),
(94,94,'QuantumLeap AI','Integrating Your World','https://www.quantumleapai.com.au','Network property himself authority official sing tell. Message indeed no book report rest.','921 Antonio Freeway Suite 409','Coopers Plains',1,50,3),
(95,95,'Precision Components Pty Ltd','Sustainable Packaging','https://www.precisioncomponentsptyltd.com.au','Check with attack thought edge run. Everything citizen just civil.','02926 Bell River','Coopers Plains',4,62,4),
(96,96,'DataStream','Seamless Collaboration','https://www.datastream.com.au','Agree article some factor church season bad south. Language create former feel light foreign pick. Seek understand forget. Child trade response change friend.','5659 Shelly Circle Apt. 344','Coopers Plains',1,45,1),
(97,97,'Apex Financial Solutions','Digital Presence, Perfected','https://www.apexfinancialsolutions.com.au','Should guess evening camera option without. Probably television couple style. Leg help born between kid north.','731 Bush Knoll','Coopers Plains',3,78,1),
(98,98,'TerraForm Robotics','Sustainable Packaging','https://www.terraformrobotics.com.au','Animal enjoy film reduce behind technology. Next sea kid day drop professor also occur.','39252 Smith Haven Apt. 379','Coopers Plains',4,82,2),
(99,99,'InnovateCloud','Integrating Your World','https://www.innovatecloud.com.au','Traditional something remember next society fire. Result important around decade join law. Wear beat leader surface next woman.','665 Lewis Tunnel','Coopers Plains',1,76,4),
(100,100,'InnovateCloud','AI-Powered Insights','https://www.innovatecloud.com.au','Join decision music boy only. Lawyer Democrat increase nation save.','286 Heath Flats','Coopers Plains',1,98,3),
(101,101,'InnovateCloud','Seamless Collaboration','https://www.innovatecloud.com.au','Anyone economy wear form whole. Dog attorney image.','3621 Estrada Brooks Apt. 183','Coopers Plains',1,91,2),
(102,102,'Sun-Kissed Foods','Engineered for Excellence','https://www.sun-kissedfoods.com.au','Trouble four imagine her little democratic morning color. Senior capital spend say find without we.','10607 Harris Grove Suite 708','Coopers Plains',4,68,1),
(103,103,'Outback Gear Co.','Beach-Inspired Fashion','https://www.outbackgearco.com.au','Worker leader face within example leg tree. Budget new rather agency. House kid young as on treat. Develop just imagine attack do best.','2207 Tanya Mill Suite 944','Coopers Plains',2,37,3),
(104,104,'EcoPack Solutions','Quality Ingredients, Honest Food','https://www.ecopacksolutions.com.au','Mouth pretty save decision expect fill perhaps. Service area start sound yourself.','8169 Mcclain Garden Apt. 411','Coopers Plains',4,77,4),
(105,105,'ConnectSphere','AI-Powered Insights','https://www.connectsphere.com.au','Campaign somebody stay series. Above man federal mean position.','242 Sandra Extensions Apt. 476','Coopers Plains',1,72,3),
(106,106,'Sun-Kissed Foods','Quality Ingredients, Honest Food','https://www.sun-kissedfoods.com.au','Health put chance region. Bar say year computer save option though. Plan ago wear usually figure suffer financial according.','958 Ashley Roads Suite 040','Coopers Plains',4,96,1),
(107,107,'Ironbark Security','Your Financial Partner','https://www.ironbarksecurity.com.au','Magazine ability light great model name skin. Writer doctor anyone lose century imagine not. Never eye mother seven physical course.','5276 Juan Springs','Coopers Plains',3,23,3),
(108,108,'InnovateCloud','Integrating Your World','https://www.innovatecloud.com.au','Other face career class. Carry body discuss list quickly.','351 Mcknight Port','Coopers Plains',1,8,2),
(109,109,'Coastal Threads','Handcrafted Goods','https://www.coastalthreads.com.au','Stand front land federal weight amount she. Suddenly your short thousand. Wonder position company agree design.','1099 Crawford Groves','Coopers Plains',2,5,4),
(110,110,'DataStream','AI-Powered Insights','https://www.datastream.com.au','Kitchen ask them concern best month. Make doctor affect.','455 Bond Throughway Suite 737','Coopers Plains',1,31,1),
(111,111,'DataStream','Seamless Collaboration','https://www.datastream.com.au','Trade though read.','77827 Schroeder Spur Apt. 376','Coopers Plains',1,15,2),
(112,112,'Ironbark Security','Securing Your Future','https://www.ironbarksecurity.com.au','Probably especially baby training trial memory seat. Lead oil Congress perhaps development amount.','0668 Garcia Street Suite 617','Coopers Plains',3,96,2),
(113,113,'Precision Components Pty Ltd','Automating Tomorrow','https://www.precisioncomponentsptyltd.com.au','Cultural rather technology region beautiful account read. Believe letter effort tax including myself.','71578 Heather Glens','Coopers Plains',4,4,4),
(114,114,'Precision Components Pty Ltd','Quality Ingredients, Honest Food','https://www.precisioncomponentsptyltd.com.au','Do administration evening stop gun interview. Reason so discussion exist show to. Wish develop either forward study year necessary.','4831 Wiley Lights Suite 189','Coopers Plains',4,2,2),
(115,115,'QuantumLeap AI','Integrating Your World','https://www.quantumleapai.com.au','Professor data grow like region other hospital. Represent up area agree least general tough audience.','9290 Taylor Vista','Coopers Plains',1,34,4),
(116,116,'Precision Components Pty Ltd','Quality Ingredients, Honest Food','https://www.precisioncomponentsptyltd.com.au','Eight arm discussion without foot parent young. Include risk thought window me product.','488 Veronica Freeway Suite 503','Coopers Plains',4,20,4),
(117,117,'Sun-Kissed Foods','Sustainable Packaging','https://www.sun-kissedfoods.com.au','Threat quite easy organization what home. Face wish spend. Candidate way rich.','66522 Colin Walks Apt. 294','Coopers Plains',4,60,1),
(118,118,'SynthWave Analytics','Seamless Collaboration','https://www.synthwaveanalytics.com.au','Culture police industry black training production activity. Available protect performance onto party president. Up by recent car week food.','99810 Bruce Streets Apt. 314','Coopers Plains',1,5,1),
(119,119,'The Local Pantry','Adventure Awaits','https://www.thelocalpantry.com.au','Think box view Congress week sometimes. More task firm reach likely approach including.','50182 Lindsey Cape Apt. 782','Coopers Plains',2,10,2),
(120,120,'InnovateCloud','Integrating Your World','https://www.innovatecloud.com.au','Person over sort especially father. Upon final audience. Must peace common though cause ever campaign. Unit billion degree paper police better six through.','304 Edwards Radial Suite 642','Coopers Plains',1,66,4),
(121,121,'Ironbark Security','Your Financial Partner','https://www.ironbarksecurity.com.au','Skin tonight pretty finish religious relate. Very involve now can important factor who occur.','83697 Mendoza Burgs','Coopers Plains',3,19,3),
(122,122,'Ironbark Security','Driving Growth & Innovation','https://www.ironbarksecurity.com.au','Daughter do attack truth. Region truth morning position young this.','84524 Martinez Curve','Coopers Plains',3,75,3),
(123,123,'SynthWave Analytics','The Future of Data, Today','https://www.synthwaveanalytics.com.au','National learn personal radio. Structure argue apply where order. Congress behind question growth. Information than for let imagine travel agreement.','03798 Smith Cliff Suite 965','Coopers Plains',1,98,1),
(124,124,'EcoEssentials','Adventure Awaits','https://www.ecoessentials.com.au','Term provide until push eye cultural. Level born point prevent.','0054 Kristen Lakes','Coopers Plains',2,4,1),
(125,125,'Sun-Kissed Foods','Quality Ingredients, Honest Food','https://www.sun-kissedfoods.com.au','None ability Republican writer finish customer. Believe image cold organization police. Rich study wrong.','578 Jeffery Village','Coopers Plains',4,75,3),
(126,126,'Precision Components Pty Ltd','Quality Ingredients, Honest Food','https://www.precisioncomponentsptyltd.com.au','Good produce green tax might laugh. Ten scientist occur eight play person well.','603 Ryan Divide Suite 109','Coopers Plains',4,48,3),
(127,127,'Sun-Kissed Foods','Quality Ingredients, Honest Food','https://www.sun-kissedfoods.com.au','Develop experience health quickly event modern hotel. Quality see economic read large.','4336 Kim Alley Suite 379','Coopers Plains',4,8,4),
(128,128,'Artisan Alley','Beach-Inspired Fashion','https://www.artisanalley.com.au','Return recognize high recent class fund. Trial husband believe home each attorney reason arm.','016 Courtney Underpass','Coopers Plains',2,41,3),
(129,129,'SynthWave Analytics','Seamless Collaboration','https://www.synthwaveanalytics.com.au','Wide message tax. Away help itself leg experience its.','9539 Tina Circles','Coopers Plains',1,37,4),
(130,130,'SynthWave Analytics','Integrating Your World','https://www.synthwaveanalytics.com.au','Herself budget section federal. Concern air capital system chance personal. Subject before guy group seven.','934 Yu Drive','Coopers Plains',1,41,4),
(131,131,'InnovateCloud','AI-Powered Insights','https://www.innovatecloud.com.au','Find staff manager. Claim provide kind.','0940 Jones Loaf Apt. 517','Coopers Plains',1,14,4),
(132,132,'Outback Gear Co.','Fresh & Local, Delivered','https://www.outbackgearco.com.au','Research role hear sometimes. Choose everyone weight billion administration science. On area deep.','862 Jennifer Mill Apt. 419','Coopers Plains',2,45,2),
(133,133,'Sun-Kissed Foods','Quality Ingredients, Honest Food','https://www.sun-kissedfoods.com.au','Animal personal difference mouth current strategy bill. Thank these trial table operation. Thus someone fill east.','53108 Mark Flat','Coopers Plains',4,72,1),
(134,134,'Artisan Alley','Fresh & Local, Delivered','https://www.artisanalley.com.au','Painting time someone relate. Court be cell know himself remember usually.','5478 Webster Camp','Coopers Plains',2,34,4),
(135,135,'TerraForm Robotics','Engineered for Excellence','https://www.terraformrobotics.com.au','Her respond future build. President many strategy only structure. Improve present base she right. Western choice trouble hit best.','10521 David Squares Suite 246','Coopers Plains',4,10,4),
(136,136,'The Local Pantry','Adventure Awaits','https://www.thelocalpantry.com.au','Should leave year. Design office cost within rather compare.','5991 Lester Drives','Coopers Plains',2,90,1),
(137,137,'TerraForm Robotics','Sustainable Packaging','https://www.terraformrobotics.com.au','Crime federal although strong something. Degree environment available soldier speak whatever.','03120 Miguel Lock','Coopers Plains',4,51,1),
(138,138,'Sun-Kissed Foods','Sustainable Packaging','https://www.sun-kissedfoods.com.au','Customer off always lot. Water behavior talk that face nature. Pull imagine pattern trial or author.','9859 Mcguire Forges Apt. 405','Coopers Plains',4,5,2),
(139,139,'Coastal Threads','Beach-Inspired Fashion','https://www.coastalthreads.com.au','Follow yourself capital just stop. Network letter resource newspaper spring will. More also agreement soon such near lay born.','068 John View Apt. 701','Coopers Plains',2,4,1),
(140,140,'Artisan Alley','Handcrafted Goods','https://www.artisanalley.com.au','Choose summer speak represent thousand. Must fear general minute. Yeah yet car there.','915 Hodges Trail Apt. 401','Coopers Plains',2,58,4),
(141,141,'ConnectSphere','The Future of Data, Today','https://www.connectsphere.com.au','Various option another simple young force. Support support we way than allow fish. Job value physical important.','50476 Monique Ports Apt. 620','Coopers Plains',1,76,3),
(142,142,'Precision Components Pty Ltd','Automating Tomorrow','https://www.precisioncomponentsptyltd.com.au','Maybe paper plan yes memory. Customer build real choice research great.','613 Ian Plaza','Coopers Plains',4,13,4),
(143,143,'The Local Pantry','Handcrafted Goods','https://www.thelocalpantry.com.au','Yeah agree character mother if cold. American increase season current. Throw policy guy after computer know.','2048 Rocha Isle Apt. 906','Coopers Plains',2,39,1),
(144,144,'Apex Financial Solutions','Digital Presence, Perfected','https://www.apexfinancialsolutions.com.au','Finally offer citizen. Increase impact book task coach only media. Account hour appear father her. Dinner last big health board anyone tough.','1501 Amy Mountain Apt. 978','Coopers Plains',3,69,2),
(145,145,'Sun-Kissed Foods','Sustainable Packaging','https://www.sun-kissedfoods.com.au','Way same manage word political. Model consumer ok finally thing by scientist way.','62614 Pamela Place','Coopers Plains',4,27,3),
(146,146,'Coastal Threads','Handcrafted Goods','https://www.coastalthreads.com.au','Add politics item opportunity product role toward. Final third today. Approach agent quality sort.','718 Heather Expressway Apt. 092','Coopers Plains',2,41,4),
(147,147,'ConnectSphere','Seamless Collaboration','https://www.connectsphere.com.au','Program both itself so center. Station drop brother road know dog. You these town sport.','30634 Danny Ridge','Coopers Plains',1,31,2),
(148,148,'Precision Components Pty Ltd','Engineered for Excellence','https://www.precisioncomponentsptyltd.com.au','Knowledge firm model week there themselves including. High pretty option degree dark and. American position room thought treatment move no.','36803 Joseph Inlet','Coopers Plains',4,37,4),
(149,149,'ConnectSphere','Seamless Collaboration','https://www.connectsphere.com.au','Region long remember bill eye movie. Base partner glass as.','89149 Charles Highway','Coopers Plains',1,62,4),
(150,150,'TerraForm Robotics','Automating Tomorrow','https://www.terraformrobotics.com.au','Hospital newspaper just system. Herself level know from push enjoy. Theory alone chance.','236 Huffman Ranch Suite 410','Coopers Plains',4,15,4),
(151,151,'TerraForm Robotics','Automating Tomorrow','https://www.terraformrobotics.com.au','Add cover team to really mean most. Image like newspaper truth.','569 Melton Green','Coopers Plains',4,22,3),
(152,152,'TerraForm Robotics','Sustainable Packaging','https://www.terraformrobotics.com.au','Today door share right civil meeting model. Walk water last article Republican.','86099 Bethany Meadows Apt. 410','Coopers Plains',4,46,3),
(153,153,'SynthWave Analytics','AI-Powered Insights','https://www.synthwaveanalytics.com.au','Boy bar knowledge other. Manager sister likely. Benefit story home red find if level.','6923 Cannon Fork Suite 161','Coopers Plains',1,8,2),
(154,154,'InnovateCloud','AI-Powered Insights','https://www.innovatecloud.com.au','Else heavy stuff image again activity. The control amount he too including significant.','180 Lopez Dam Suite 708','Coopers Plains',1,39,2),
(155,155,'Momentum Strategy Group','Securing Your Future','https://www.momentumstrategygroup.com.au','Name TV national hope over money. All car special purpose light budget. State need peace board well.','9660 Nicole Flat','Coopers Plains',3,19,4),
(156,156,'Artisan Alley','Handcrafted Goods','https://www.artisanalley.com.au','Week general set walk huge. Product look front gun wish recognize. Mission assume news step sense let. Keep yourself fast check compare water story.','95390 Bates Vista','Coopers Plains',2,11,4),
(157,157,'Precision Components Pty Ltd','Sustainable Packaging','https://www.precisioncomponentsptyltd.com.au','For cost billion institution couple. Hear huge amount.','499 Jackson Island','Coopers Plains',4,88,1),
(158,158,'EcoPack Solutions','Automating Tomorrow','https://www.ecopacksolutions.com.au','Little your development world green anyone her. Its good newspaper my real item. Medical many third trade opportunity action.','9501 Ronald Mission','Coopers Plains',4,9,1),
(159,159,'Apex Financial Solutions','Digital Presence, Perfected','https://www.apexfinancialsolutions.com.au','Pass around tree ago seek happy note third. Attorney control edge effect particularly.','64025 Hanson Manor','Coopers Plains',3,5,4),
(160,160,'Coastal Threads','Beach-Inspired Fashion','https://www.coastalthreads.com.au','Bad none magazine player candidate. Indicate reveal policy store age scientist. Task sense training laugh morning.','722 Jeffrey Mountain Suite 059','Coopers Plains',2,5,4),
(161,161,'DataStream','Integrating Your World','https://www.datastream.com.au','Kitchen project around work. Partner natural think assume task meet.','81678 Barnett Key Suite 196','Coopers Plains',1,98,2),
(162,162,'The Local Pantry','Beach-Inspired Fashion','https://www.thelocalpantry.com.au','Gun social report example firm us. Financial single language clearly beyond act. Term word east threat ago apply.','28351 Martinez View Apt. 520','Coopers Plains',2,31,3),
(163,163,'InnovateCloud','Seamless Collaboration','https://www.innovatecloud.com.au','Conference country loss group. Seem age interview play do free plan create.','400 Phillips Branch','Coopers Plains',1,37,4),
(164,164,'TerraForm Robotics','Engineered for Excellence','https://www.terraformrobotics.com.au','Officer per family in take girl red. Follow seek budget consumer. Coach record prepare claim myself.','08903 Kevin Streets','Coopers Plains',4,93,2),
(165,165,'Ironbark Security','Driving Growth & Innovation','https://www.ironbarksecurity.com.au','Especially no everyone establish age red run. Risk cut recognize successful energy final move. Create every gun evening another mean interest tend. Treat detail majority minute movement.','19691 Victor Rapid','Coopers Plains',3,34,4),
(166,166,'Coastal Threads','Fresh & Local, Delivered','https://www.coastalthreads.com.au','Example foot your physical society return term bar.','1317 Noah Meadows Suite 215','Coopers Plains',2,89,1),
(167,167,'Momentum Strategy Group','Driving Growth & Innovation','https://www.momentumstrategygroup.com.au','Interesting outside cover get itself scene attack. Public car thought across me amount risk. Wait among and least natural decide.','6635 Estes Fall','Coopers Plains',3,2,2),
(168,168,'Artisan Alley','Adventure Awaits','https://www.artisanalley.com.au','Kitchen involve cell movie face our. Event budget whatever employee himself guess life. Collection seek mission.','02226 Connie Course','Coopers Plains',2,44,3),
(169,169,'Ironbark Security','Securing Your Future','https://www.ironbarksecurity.com.au','Bit production defense character leave. Single which economy friend car during.','247 Paul Green Suite 329','Coopers Plains',3,54,2),
(170,170,'TerraForm Robotics','Automating Tomorrow','https://www.terraformrobotics.com.au','Clearly production walk lot home economic space account. Provide amount son film give finish. Radio simply national dream member produce try.','608 Rowland Manor Suite 029','Coopers Plains',4,88,3),
(171,171,'Sun-Kissed Foods','Engineered for Excellence','https://www.sun-kissedfoods.com.au','Concern few PM sister him sort. Cultural pattern employee start everything such performance.','8171 Ross Plain Apt. 059','Coopers Plains',4,88,2),
(172,172,'Outback Gear Co.','Beach-Inspired Fashion','https://www.outbackgearco.com.au','Research world four offer stand letter while. While within price receive. How himself food opportunity level.','6628 Russell Motorway Apt. 918','Coopers Plains',2,32,2),
(173,173,'BlueGum Digital Marketing','Driving Growth & Innovation','https://www.bluegumdigitalmarketing.com.au','Benefit language need must whatever. Face win hand deep scientist. Assume avoid just hope fight.','81424 Tami Course','Coopers Plains',3,2,1),
(174,174,'Apex Financial Solutions','Driving Growth & Innovation','https://www.apexfinancialsolutions.com.au','Cost cause other effect choice case. Yeah try million book attack read near.','74342 Duffy Streets Apt. 517','Coopers Plains',3,52,4),
(175,175,'Precision Components Pty Ltd','Automating Tomorrow','https://www.precisioncomponentsptyltd.com.au','Quite allow since. Response something partner decade majority. Peace final animal tell.','6818 Robert Canyon Apt. 292','Coopers Plains',4,11,1),
(176,176,'BlueGum Digital Marketing','Securing Your Future','https://www.bluegumdigitalmarketing.com.au','West each major effort exist look perhaps. Trip unit help tonight receive drive throughout treat.','7013 Ruiz Run','Coopers Plains',3,23,2),
(177,177,'BlueGum Digital Marketing','Securing Your Future','https://www.bluegumdigitalmarketing.com.au','Team hundred nearly short always. Station deal represent and spend shake member.','26872 Dustin Plaza','Coopers Plains',3,12,2),
(178,178,'SynthWave Analytics','Seamless Collaboration','https://www.synthwaveanalytics.com.au','Clear network yard that suffer. Finally college let part agency contain arrive quality. Bit particularly yes turn today.','917 Colin Valley','Coopers Plains',1,98,3),
(179,179,'BlueGum Digital Marketing','Digital Presence, Perfected','https://www.bluegumdigitalmarketing.com.au','Away now too music. Morning major ago Mr watch because. Force identify peace.','2814 Martin Pike Suite 980','Coopers Plains',3,73,2),
(180,180,'NexusFlow','The Future of Data, Today','https://www.nexusflow.com.au','For movie front. All wrong play rule.','27175 Adams Brook','Coopers Plains',1,99,2),
(181,181,'Coastal Threads','Handcrafted Goods','https://www.coastalthreads.com.au','Fish cold building eight myself note of. Consumer part record much forget recently.','800 Howell Curve','Coopers Plains',2,4,3),
(182,182,'TerraForm Robotics','Automating Tomorrow','https://www.terraformrobotics.com.au','Mission term may decade. Heart late course far oil. Could these past certainly service design.','900 Andrew Wells Suite 485','Coopers Plains',4,73,2),
(183,183,'Artisan Alley','Fresh & Local, Delivered','https://www.artisanalley.com.au','Response adult hot. Notice when ok about ok.','528 Miller Lakes','Coopers Plains',2,71,2),
(184,184,'Momentum Strategy Group','Your Financial Partner','https://www.momentumstrategygroup.com.au','During federal recent have interesting space occur. Ask write international clearly difficult perform card.','76354 Wells Corners','Coopers Plains',3,62,4),
(185,185,'EcoPack Solutions','Engineered for Excellence','https://www.ecopacksolutions.com.au','Blue cup phone understand. Consumer despite training.','257 Price Harbor','Coopers Plains',4,67,4),
(186,186,'SynthWave Analytics','AI-Powered Insights','https://www.synthwaveanalytics.com.au','Million set time four. Ago life talk rich visit alone woman.','2118 Perez Trafficway Suite 785','Coopers Plains',1,5,2),
(187,187,'Precision Components Pty Ltd','Sustainable Packaging','https://www.precisioncomponentsptyltd.com.au','Knowledge above develop as charge on. Grow own smile audience spend new entire.','646 Cameron Land Suite 297','Coopers Plains',4,86,4),
(188,188,'Apex Financial Solutions','Securing Your Future','https://www.apexfinancialsolutions.com.au','Memory key interesting plant base left exactly turn. Positive including away sense least. Suddenly production senior theory reach police worry talk.','776 Dominique Cape Apt. 995','Coopers Plains',3,8,3),
(189,189,'EcoEssentials','Handcrafted Goods','https://www.ecoessentials.com.au','Prevent fear sort program indeed. Return long sort her carry rate.','4430 Perez Mall','Coopers Plains',2,95,3),
(190,190,'Outback Gear Co.','Beach-Inspired Fashion','https://www.outbackgearco.com.au','Raise political southern our me figure talk. Fight national economy. Travel him especially including fill loss center resource.','143 Dawson Common','Coopers Plains',2,3,3),
(191,191,'The Local Pantry','Fresh & Local, Delivered','https://www.thelocalpantry.com.au','Remain catch this month environment win chance. Similar authority drop eye sing per share.','994 Huffman Club','Coopers Plains',2,76,3),
(192,192,'EcoEssentials','Adventure Awaits','https://www.ecoessentials.com.au','Three accept whose.','399 Burnett Road Apt. 340','Coopers Plains',2,64,4),
(193,193,'BlueGum Digital Marketing','Digital Presence, Perfected','https://www.bluegumdigitalmarketing.com.au','Cut hair take beat. Sea likely most pass attack what.','23572 Danielle Overpass','Coopers Plains',3,98,2),
(194,194,'Momentum Strategy Group','Driving Growth & Innovation','https://www.momentumstrategygroup.com.au','Message significant certainly race happen pick customer. Radio really move water star learn. Free describe floor tell.','279 Lori Stravenue','Coopers Plains',3,46,4),
(195,195,'DataStream','Integrating Your World','https://www.datastream.com.au','Young remember lot administration south part. Traditional office all wrong win. Catch former each design or property pass.','7225 Bryant Mountains Apt. 751','Coopers Plains',1,94,1),
(196,196,'Momentum Strategy Group','Digital Presence, Perfected','https://www.momentumstrategygroup.com.au','Agent phone early way. Fund deep activity follow red effort never. Start something party deal interesting.','229 Amanda Path Suite 447','Coopers Plains',3,42,2),
(197,197,'The Local Pantry','Fresh & Local, Delivered','https://www.thelocalpantry.com.au','Town star claim worry address billion score most. Start technology hand man wonder. Available try throughout bank many security. Take true it woman article blue.','569 Guerrero Union','Coopers Plains',2,40,2),
(198,198,'InnovateCloud','Seamless Collaboration','https://www.innovatecloud.com.au','Onto carry when PM.','9713 Justin Spur Apt. 536','Coopers Plains',1,60,3),
(199,199,'ConnectSphere','The Future of Data, Today','https://www.connectsphere.com.au','Court red scene work whole often customer pull. American send option ready area attention.','0900 Rachel Trail Suite 517','Coopers Plains',1,67,3),
(200,200,'Precision Components Pty Ltd','Quality Ingredients, Honest Food','https://www.precisioncomponentsptyltd.com.au','Attack first by respond himself most about score. Care girl talk many discuss occur. Task personal lay wrong hand stand.','087 Allen Club','Coopers Plains',4,8,2),
(201,201,'EcoPack Solutions','Automating Tomorrow','https://www.ecopacksolutions.com.au','Believe executive medical hospital mind capital option. Large Democrat and operation ability born ten. Church score building modern PM face.','28604 Sherry Creek','Coopers Plains',4,88,3),
(202,202,'SynthWave Analytics','The Future of Data, Today','https://www.synthwaveanalytics.com.au','Group firm mind raise pattern address until. Time owner line process family this back.','2464 Tina Tunnel Apt. 619','Coopers Plains',1,28,3),
(203,203,'Outback Gear Co.','Handcrafted Goods','https://www.outbackgearco.com.au','Some effect city room single. Play staff message paper cold any. Whole difference over set issue perhaps follow. Firm doctor animal.','02400 Rodriguez Groves Suite 869','Coopers Plains',2,66,1),
(204,204,'BlueGum Digital Marketing','Digital Presence, Perfected','https://www.bluegumdigitalmarketing.com.au','Accept rule art. Carry build Mr choose action fish day.','02137 Vaughan Harbor Suite 779','Coopers Plains',3,74,1),
(205,205,'Apex Financial Solutions','Securing Your Future','https://www.apexfinancialsolutions.com.au','East listen allow care firm stage. Technology part according live game. Article soon easy event fly community need brother.','391 Whitney Springs Suite 417','Coopers Plains',3,70,4),
(206,206,'TerraForm Robotics','Automating Tomorrow','https://www.terraformrobotics.com.au','Person somebody door game group politics hair. Cultural eye happy morning.','074 Clark Canyon','Coopers Plains',4,2,4),
(207,207,'Ironbark Security','Your Financial Partner','https://www.ironbarksecurity.com.au','Clear practice customer across note. Trade site eye. Firm people thought.','17337 Oliver Valley Suite 860','Coopers Plains',3,51,1),
(208,208,'The Local Pantry','Fresh & Local, Delivered','https://www.thelocalpantry.com.au','Wall nation responsibility across. For care system create sometimes ago sister kind.','7786 William Glens','Coopers Plains',2,11,1),
(209,209,'Ironbark Security','Your Financial Partner','https://www.ironbarksecurity.com.au','Top realize job voice property poor police. Force suddenly rate hard develop.','9556 Jared Crossroad','Coopers Plains',3,68,1),
(210,210,'Momentum Strategy Group','Digital Presence, Perfected','https://www.momentumstrategygroup.com.au','Property bed officer begin. Reveal over national own. Third pick generation training.','894 Robyn Vista','Coopers Plains',3,57,3),
(211,211,'InnovateCloud','Seamless Collaboration','https://www.innovatecloud.com.au','Interview there thank into. His career forward others remain money necessary. Political order series husband gas next.','45280 Turner Ways Apt. 340','Coopers Plains',1,98,1),
(212,212,'BlueGum Digital Marketing','Your Financial Partner','https://www.bluegumdigitalmarketing.com.au','Tough recent staff we push. Above program life individual recent whatever significant peace. Time line present responsibility whole set have course.','28408 Orr Heights Apt. 296','Coopers Plains',3,91,1),
(213,213,'Outback Gear Co.','Handcrafted Goods','https://www.outbackgearco.com.au','Interesting central likely make certainly president ahead night. Everyone seem usually firm run.','7343 Kevin Cove Apt. 856','Coopers Plains',2,68,2),
(214,214,'The Local Pantry','Adventure Awaits','https://www.thelocalpantry.com.au','Nor dinner any although. During book capital involve magazine and report.','3865 Jennifer Lane','Coopers Plains',2,35,2),
(215,215,'Artisan Alley','Adventure Awaits','https://www.artisanalley.com.au','Say rule executive room big nature. Statement sign girl apply response.','62459 Gary Tunnel Suite 436','Coopers Plains',2,10,3),
(216,216,'DataStream','The Future of Data, Today','https://www.datastream.com.au','Throw force where southern traditional interview. Job ready company now less kid charge while.','6451 Russell Creek','Coopers Plains',1,45,1),
(217,217,'Sun-Kissed Foods','Quality Ingredients, Honest Food','https://www.sun-kissedfoods.com.au','Race truth because myself pretty subject. Full kind television result. Stuff someone late scene.','3630 Olivia Station Suite 009','Coopers Plains',4,34,4),
(218,218,'TerraForm Robotics','Automating Tomorrow','https://www.terraformrobotics.com.au','Remember government simple present. Buy form lose throw save.','162 Oconnor Springs Apt. 873','Coopers Plains',4,31,4),
(219,219,'EcoPack Solutions','Sustainable Packaging','https://www.ecopacksolutions.com.au','Town summer break news former stand. Group growth country main write.','161 Foster Manor','Coopers Plains',4,35,2),
(220,220,'Ironbark Security','Digital Presence, Perfected','https://www.ironbarksecurity.com.au','Understand health moment us direction. Challenge it treatment parent see beyond school when.','157 Eric Corner','Coopers Plains',3,73,1),
(221,221,'Apex Financial Solutions','Your Financial Partner','https://www.apexfinancialsolutions.com.au','Movement form structure player. See appear relationship traditional south summer rock. Prevent piece view operation last.','076 Williams Manors','Coopers Plains',3,6,3),
(222,222,'Artisan Alley','Handcrafted Goods','https://www.artisanalley.com.au','Amount instead strong alone speak western. Personal south away young back new do.','3650 Shawn Point Suite 245','Coopers Plains',2,41,1),
(223,223,'The Local Pantry','Beach-Inspired Fashion','https://www.thelocalpantry.com.au','Show themselves individual set memory almost. Else example community sort history past.','17882 Matthew Curve','Coopers Plains',2,4,4),
(224,224,'EcoPack Solutions','Sustainable Packaging','https://www.ecopacksolutions.com.au','Pattern tree draw likely month exactly lose.','719 Brown Valley Suite 887','Coopers Plains',4,17,3),
(225,225,'Apex Financial Solutions','Digital Presence, Perfected','https://www.apexfinancialsolutions.com.au','Big former thought offer strategy. Sometimes argue glass. Address future however memory.','570 Lee Gateway','Coopers Plains',3,99,2),
(226,226,'Artisan Alley','Handcrafted Goods','https://www.artisanalley.com.au','Stop special prove of. Increase middle table deal.','2915 Johnson Walks','Coopers Plains',2,99,4),
(227,227,'The Local Pantry','Handcrafted Goods','https://www.thelocalpantry.com.au','Deep start understand rich same wear system thus. And though country officer instead. Fish live talk station since dark.','6164 Ellis Mountain Apt. 641','Coopers Plains',2,29,2),
(228,228,'Apex Financial Solutions','Driving Growth & Innovation','https://www.apexfinancialsolutions.com.au','Chance stuff better compare treat continue medical. Despite work if appear take benefit. Stop detail enough physical business.','119 Mark Valleys','Coopers Plains',3,44,3),
(229,229,'InnovateCloud','The Future of Data, Today','https://www.innovatecloud.com.au','Military stock kid. Car executive ask star somebody determine send their.','6077 Johnson Radial','Coopers Plains',1,67,4),
(230,230,'Coastal Threads','Handcrafted Goods','https://www.coastalthreads.com.au','Partner federal around old.','620 Turner Corners','Coopers Plains',2,64,2),
(231,231,'Outback Gear Co.','Adventure Awaits','https://www.outbackgearco.com.au','Owner its process write style mouth. Still mission less truth manage. Production question describe fine discussion.','97228 Martin Keys Suite 931','Coopers Plains',2,57,4),
(232,232,'Momentum Strategy Group','Driving Growth & Innovation','https://www.momentumstrategygroup.com.au','Move walk public last in bring expert. Physical once less week response sometimes poor.','786 Thomas Hill Apt. 114','Coopers Plains',3,68,4),
(233,233,'TerraForm Robotics','Engineered for Excellence','https://www.terraformrobotics.com.au','Price lay recent listen medical college under. Trial society color speech important rest.','0092 Wendy Drive Apt. 907','Coopers Plains',4,27,4),
(234,234,'EcoPack Solutions','Quality Ingredients, Honest Food','https://www.ecopacksolutions.com.au','Girl drop conference when say prove me. Fly data minute law difficult.','07102 Charles Junctions','Coopers Plains',4,61,3),
(235,235,'QuantumLeap AI','The Future of Data, Today','https://www.quantumleapai.com.au','Right movement evidence too support control peace.','068 Jenkins Plain Apt. 471','Coopers Plains',1,23,3),
(236,236,'NexusFlow','The Future of Data, Today','https://www.nexusflow.com.au','Popular mind help cause remain pick.','914 Cindy Burgs Apt. 602','Coopers Plains',1,48,3),
(237,237,'EcoEssentials','Beach-Inspired Fashion','https://www.ecoessentials.com.au','Seat exist set pass across difference near light. Decision democratic lead whom matter feel our.','2023 Derek Shores Suite 370','Coopers Plains',2,98,1),
(238,238,'Sun-Kissed Foods','Engineered for Excellence','https://www.sun-kissedfoods.com.au','Walk defense truth hear call local campaign. Two none that summer road let foot. Well us whole sport stand source.','2455 Riddle Roads','Coopers Plains',4,25,2),
(239,239,'DataStream','Seamless Collaboration','https://www.datastream.com.au','Common theory toward lead instead space war set. Five music thought season whole difficult.','558 Erin Court','Coopers Plains',1,77,3),
(240,240,'Coastal Threads','Adventure Awaits','https://www.coastalthreads.com.au','Fear issue talk resource. Community book remain check represent provide meet.','404 Vargas Vista','Coopers Plains',2,55,1),
(241,241,'NexusFlow','Seamless Collaboration','https://www.nexusflow.com.au','Hair base business own choose hotel. Nor gas kid executive window thus. Think girl citizen always.','09186 Luis Skyway','Coopers Plains',1,37,3),
(242,242,'BlueGum Digital Marketing','Your Financial Partner','https://www.bluegumdigitalmarketing.com.au','Board citizen knowledge week beautiful. Test change other.','642 Andrew Fields','Coopers Plains',3,87,3),
(243,243,'QuantumLeap AI','The Future of Data, Today','https://www.quantumleapai.com.au','Some call plan.','6150 Chambers Greens Apt. 399','Coopers Plains',1,52,3),
(244,244,'InnovateCloud','Integrating Your World','https://www.innovatecloud.com.au','Next act who use today social. Party picture see court seem. Husband market nor plant different sign whose.','9722 Lisa Rapid Suite 925','Coopers Plains',1,54,1),
(245,245,'InnovateCloud','Seamless Collaboration','https://www.innovatecloud.com.au','Start care scientist test piece population let. Pick join whatever. Hand speech able current international week. Bad show site.','372 Shaw Wall Apt. 286','Coopers Plains',1,85,1),
(246,246,'Precision Components Pty Ltd','Sustainable Packaging','https://www.precisioncomponentsptyltd.com.au','Require writer this individual realize data life. Improve author process public suggest. Movement office near truth body hour mean. Might difficult card around.','434 Tammy Lake','Coopers Plains',4,15,2),
(247,247,'ConnectSphere','The Future of Data, Today','https://www.connectsphere.com.au','Executive street responsibility enjoy keep toward card pass. Shoulder exist discuss then write. Store month gas stop government list leg north.','406 Erik Mills Apt. 467','Coopers Plains',1,61,4),
(248,248,'Precision Components Pty Ltd','Engineered for Excellence','https://www.precisioncomponentsptyltd.com.au','Animal special represent real democratic I industry. Feel full effort manager fight.','2523 Cooke Village','Coopers Plains',4,53,2),
(249,249,'InnovateCloud','AI-Powered Insights','https://www.innovatecloud.com.au','Or message guy. Lot life within.','34067 Johnson Branch','Coopers Plains',1,22,4),
(250,250,'Outback Gear Co.','Fresh & Local, Delivered','https://www.outbackgearco.com.au','More possible wish able before positive. Choose sing ball.','404 Gonzalez Wall Suite 306','Coopers Plains',2,98,1),
(251,251,'Apex Financial Solutions','Driving Growth & Innovation','https://www.apexfinancialsolutions.com.au','Question role stock first lead everybody. Thousand themselves employee meet by.','592 Daniel Overpass','Coopers Plains',3,43,2),
(252,252,'ConnectSphere','Seamless Collaboration','https://www.connectsphere.com.au','Billion bed prove change between finish. Interview opportunity such whose.','3866 Taylor Squares','Coopers Plains',1,13,3),
(253,253,'BlueGum Digital Marketing','Driving Growth & Innovation','https://www.bluegumdigitalmarketing.com.au','Themselves some some audience nearly hand coach. Nice should ok prepare it. List mention model very society catch.','293 Sylvia Village','Coopers Plains',3,92,1),
(254,254,'Precision Components Pty Ltd','Engineered for Excellence','https://www.precisioncomponentsptyltd.com.au','This sound decision true. Onto pick which.','71888 Susan Greens','Coopers Plains',4,16,4),
(255,255,'Ironbark Security','Digital Presence, Perfected','https://www.ironbarksecurity.com.au','Something lead far cover artist. Baby maintain beat tend fact data eat.','917 Harrell Square Suite 911','Coopers Plains',3,49,4),
(256,256,'EcoPack Solutions','Sustainable Packaging','https://www.ecopacksolutions.com.au','Different government difficult article. Training choose second him also agent. Institution network call work peace your thing.','3980 William Mills Apt. 582','Coopers Plains',4,36,3),
(257,257,'InnovateCloud','Seamless Collaboration','https://www.innovatecloud.com.au','Care impact item simply two one. Data force at people difference. Book herself hundred possible six accept soon.','7878 Seth Lights Apt. 096','Coopers Plains',1,15,3),
(258,258,'Ironbark Security','Securing Your Future','https://www.ironbarksecurity.com.au','Cover the evening beautiful. Go more information onto far season be.','74937 Deborah Ramp Apt. 336','Coopers Plains',3,67,4),
(259,259,'Apex Financial Solutions','Digital Presence, Perfected','https://www.apexfinancialsolutions.com.au','Area girl even such join commercial.','4915 James Motorway','Coopers Plains',3,84,2),
(260,260,'Precision Components Pty Ltd','Quality Ingredients, Honest Food','https://www.precisioncomponentsptyltd.com.au','Well just ok activity. Already recognize country American case that. Pass this order sister be nature look reduce.','4727 Sanchez Garden Suite 858','Coopers Plains',4,97,1),
(261,261,'QuantumLeap AI','AI-Powered Insights','https://www.quantumleapai.com.au','Somebody condition image house. Responsibility late compare front nation language concern.','2601 Guzman Spring Apt. 098','Coopers Plains',1,85,2),
(262,262,'Apex Financial Solutions','Driving Growth & Innovation','https://www.apexfinancialsolutions.com.au','Deep wish material pay degree deal. Return family standard treatment. Hit try else place similar thing.','050 David Extension','Coopers Plains',3,59,3),
(263,263,'EcoEssentials','Handcrafted Goods','https://www.ecoessentials.com.au','Despite record send drop. Foreign else approach land.','3124 Stephen Drive','Coopers Plains',2,84,1),
(264,264,'NexusFlow','AI-Powered Insights','https://www.nexusflow.com.au','Option tax fight authority. Attack available turn get writer team throughout.','311 Sharon Rapids','Coopers Plains',1,44,4),
(265,265,'Momentum Strategy Group','Digital Presence, Perfected','https://www.momentumstrategygroup.com.au','Coach owner nature radio. Become ahead know case get. Item least would war top arm that.','2666 Miller Ridge','Coopers Plains',3,27,3),
(266,266,'Coastal Threads','Handcrafted Goods','https://www.coastalthreads.com.au','Too single various smile throughout. Water food without ahead.','324 Mejia Islands Suite 529','Coopers Plains',2,89,4),
(267,267,'TerraForm Robotics','Automating Tomorrow','https://www.terraformrobotics.com.au','Computer notice task small form collection land. Discussion reveal understand myself.','4106 Shawn Harbor','Coopers Plains',4,46,4),
(268,268,'QuantumLeap AI','Seamless Collaboration','https://www.quantumleapai.com.au','Because local three benefit baby change avoid. Theory but exactly environmental turn result also. Base million either big.','83557 Dana Path Apt. 604','Coopers Plains',1,1,2),
(269,269,'Apex Financial Solutions','Driving Growth & Innovation','https://www.apexfinancialsolutions.com.au','About owner accept letter business hear win expect.','2061 Gonzalez Port Apt. 450','Coopers Plains',3,71,1),
(270,270,'TerraForm Robotics','Quality Ingredients, Honest Food','https://www.terraformrobotics.com.au','Practice day during catch reason discuss. Prove season finally finish single Democrat important.','16438 Jacobs Garden','Coopers Plains',4,79,4),
(271,271,'The Local Pantry','Fresh & Local, Delivered','https://www.thelocalpantry.com.au','Statement free executive else. Seek author rock. Mr treatment performance source season.','54779 Ward Inlet Suite 236','Coopers Plains',2,99,3),
(272,272,'Momentum Strategy Group','Your Financial Partner','https://www.momentumstrategygroup.com.au','Sell stock voice building. Change head from alone ball.','0246 Goodman Creek','Coopers Plains',3,12,1),
(273,273,'Momentum Strategy Group','Digital Presence, Perfected','https://www.momentumstrategygroup.com.au','Role learn family institution finish trial nearly. Sometimes maybe free better all.','44459 Carlos Summit Apt. 265','Coopers Plains',3,44,2),
(274,274,'Apex Financial Solutions','Your Financial Partner','https://www.apexfinancialsolutions.com.au','Without executive support now parent foot public. Right away own positive whose. Though in outside current.','181 Mcfarland Creek','Coopers Plains',3,69,2),
(275,275,'EcoPack Solutions','Quality Ingredients, Honest Food','https://www.ecopacksolutions.com.au','Remember call official worker mention. Less risk choice traditional around chance. Seven likely pattern popular keep husband. Our teacher what without always across give low.','543 Miller Skyway Apt. 859','Coopers Plains',4,83,1),
(276,276,'Artisan Alley','Beach-Inspired Fashion','https://www.artisanalley.com.au','Air score wish. From trip sometimes in entire.','00407 Dawn Throughway','Coopers Plains',2,30,1),
(277,277,'QuantumLeap AI','AI-Powered Insights','https://www.quantumleapai.com.au','Pretty scientist officer bed daughter report none enough. Political already employee begin could modern bad. Image stock cover service.','9877 Hayes Dam Suite 391','Coopers Plains',1,88,4),
(278,278,'NexusFlow','Integrating Your World','https://www.nexusflow.com.au','Through show list.','92141 Chelsea Drive','Coopers Plains',1,86,2),
(279,279,'EcoEssentials','Handcrafted Goods','https://www.ecoessentials.com.au','Under nature right name safe. Exist offer wife college art. Through fine them the prepare work.','85354 Jacob Springs Apt. 333','Coopers Plains',2,89,3),
(280,280,'NexusFlow','AI-Powered Insights','https://www.nexusflow.com.au','Paper question too result attention. Special friend card. Ground no care.','1139 West Manor','Coopers Plains',1,69,1),
(281,281,'EcoEssentials','Fresh & Local, Delivered','https://www.ecoessentials.com.au','Structure month task. Audience describe purpose.','2686 Mckinney Forks Apt. 747','Coopers Plains',2,13,4),
(282,282,'Ironbark Security','Driving Growth & Innovation','https://www.ironbarksecurity.com.au','Player goal past yard. Happy modern ever room. Black sell live expert treatment movement land born.','4263 Murray Mall Suite 648','Coopers Plains',3,61,4),
(283,283,'Apex Financial Solutions','Driving Growth & Innovation','https://www.apexfinancialsolutions.com.au','Meet night movement because newspaper soldier discussion scientist. Perhaps special fight however draw.','65583 Mcmillan Port Apt. 959','Coopers Plains',3,48,4),
(284,284,'ConnectSphere','Integrating Your World','https://www.connectsphere.com.au','Couple direction cell body. Ever protect since offer computer certain.','875 Richard Mountains Suite 233','Coopers Plains',1,90,1),
(285,285,'Artisan Alley','Adventure Awaits','https://www.artisanalley.com.au','Mean simple almost production learn our wear. Left arrive animal discussion despite reach.','17917 Green Trail','Coopers Plains',2,15,2),
(286,286,'Outback Gear Co.','Handcrafted Goods','https://www.outbackgearco.com.au','Public something reality law later over table away. Dog institution long board ahead fund yourself.','059 Gonzalez Crossing','Coopers Plains',2,56,4),
(287,287,'BlueGum Digital Marketing','Driving Growth & Innovation','https://www.bluegumdigitalmarketing.com.au','Television if decade ready always law piece.','183 Baker Crossing','Coopers Plains',3,90,1),
(288,288,'Apex Financial Solutions','Securing Your Future','https://www.apexfinancialsolutions.com.au','Woman worker father interview. Top film glass contain already. Evening memory year help.','91775 Christopher Place Apt. 594','Coopers Plains',3,56,4),
(289,289,'SynthWave Analytics','The Future of Data, Today','https://www.synthwaveanalytics.com.au','Standard state paper majority design brother according large.','7235 Roberson Cove','Coopers Plains',1,11,4),
(290,290,'BlueGum Digital Marketing','Driving Growth & Innovation','https://www.bluegumdigitalmarketing.com.au','Cut including hope take far poor here training. Break born suddenly family community.','0552 Jacobs Mews Suite 761','Coopers Plains',3,34,2),
(291,291,'ConnectSphere','Seamless Collaboration','https://www.connectsphere.com.au','Action why third land energy practice give. Machine structure serious arrive. Reason claim usually away drop data. Describe author mission street new.','184 Nolan Ways Suite 117','Coopers Plains',1,55,2),
(292,292,'ConnectSphere','Seamless Collaboration','https://www.connectsphere.com.au','Somebody difference member threat will Mr house raise. Market southern many statement. Power relationship card difficult.','681 Sullivan Track Suite 539','Coopers Plains',1,46,2),
(293,293,'NexusFlow','AI-Powered Insights','https://www.nexusflow.com.au','You debate must woman hear from. Effort record religious material. Who no side physical.','5626 Michelle Hollow Suite 535','Coopers Plains',1,37,2),
(294,294,'ConnectSphere','The Future of Data, Today','https://www.connectsphere.com.au','Fact particularly somebody send decide black. Blood college beyond management anyone enough together. Under former consumer stand again.','853 Martin Knoll Apt. 524','Coopers Plains',1,59,4),
(295,295,'TerraForm Robotics','Quality Ingredients, Honest Food','https://www.terraformrobotics.com.au','Stock physical section run and. Position check administration over heavy fear. Actually even dark bill become information.','091 Pope Radial Suite 524','Coopers Plains',4,28,3),
(296,296,'Apex Financial Solutions','Securing Your Future','https://www.apexfinancialsolutions.com.au','Compare water something him. Enter later control best modern. Your security one food early would.','0079 Martinez Corner Apt. 655','Coopers Plains',3,59,4),
(297,297,'The Local Pantry','Handcrafted Goods','https://www.thelocalpantry.com.au','Indeed structure reveal trial great include. Break from develop draw single interesting region. Way even cost back PM list.','182 Paul Drive Suite 813','Coopers Plains',2,7,2),
(298,298,'Coastal Threads','Fresh & Local, Delivered','https://www.coastalthreads.com.au','Fire commercial young music. Concern option if plan use information. Focus week society network final guy food.','06960 Berger Club','Coopers Plains',2,45,3),
(299,299,'EcoPack Solutions','Sustainable Packaging','https://www.ecopacksolutions.com.au','Safe owner his front. Study main north customer blue than adult.','1831 Lisa Mills','Coopers Plains',4,23,1),
(300,300,'EcoPack Solutions','Engineered for Excellence','https://www.ecopacksolutions.com.au','Give consider own. Wrong recognize matter by audience area news knowledge. Describe particularly amount moment. Toward room article would story evidence.','92988 Haley Spring Suite 902','Coopers Plains',4,83,3),
(301,301,'Sun-Kissed Foods','Automating Tomorrow','https://www.sun-kissedfoods.com.au','Contain simply plan. Well foreign position age.','15500 Madden Hills','Coopers Plains',4,42,4),
(302,302,'BlueGum Digital Marketing','Securing Your Future','https://www.bluegumdigitalmarketing.com.au','Firm movie through product main seem TV western. Still crime article close thousand building hospital. Pattern same personal pull I write.','3007 Aaron Field Apt. 976','Coopers Plains',3,49,4),
(303,303,'EcoPack Solutions','Quality Ingredients, Honest Food','https://www.ecopacksolutions.com.au','Miss bed just company. Lead ever imagine inside.','115 Morris Cliffs Apt. 010','Coopers Plains',4,2,3),
(304,304,'Ironbark Security','Digital Presence, Perfected','https://www.ironbarksecurity.com.au','Leader education yourself lose research door. Shake walk crime court happy news.','992 Mcintosh Landing','Coopers Plains',3,33,1),
(305,305,'EcoPack Solutions','Automating Tomorrow','https://www.ecopacksolutions.com.au','Life room exist almost blue whatever population. Parent idea how street ten couple major.','00299 Ricardo Stream Apt. 382','Coopers Plains',4,63,2),
(306,306,'InnovateCloud','Seamless Collaboration','https://www.innovatecloud.com.au','Industry training control. Reflect politics hit speak young allow. Team find become they.','43737 Gomez Loop Suite 354','Coopers Plains',1,59,2),
(307,307,'Coastal Threads','Beach-Inspired Fashion','https://www.coastalthreads.com.au','Your relationship expect animal collection. Off if first growth throw. Baby event decide car hundred.','1402 Jennifer Mission','Coopers Plains',2,10,3),
(308,308,'SynthWave Analytics','The Future of Data, Today','https://www.synthwaveanalytics.com.au','Cell speak score car stay interview action. Her marriage entire TV benefit issue indeed stay. Police manage pass computer.','02015 Caroline Road','Coopers Plains',1,67,4),
(309,309,'EcoPack Solutions','Engineered for Excellence','https://www.ecopacksolutions.com.au','In line next affect strategy sense suffer. Republican write try book blue. During dream beat sound tell front trip.','387 Gamble Estates Suite 567','Coopers Plains',4,17,3),
(310,310,'Artisan Alley','Handcrafted Goods','https://www.artisanalley.com.au','Attention school news land give movement arrive. Hot network follow as itself. Establish next provide.','457 Charles Spurs Suite 832','Coopers Plains',2,71,1),
(311,311,'Precision Components Pty Ltd','Quality Ingredients, Honest Food','https://www.precisioncomponentsptyltd.com.au','That late arm magazine toward note make. Nor around under should so car sound.','17318 Fred Pines Suite 442','Coopers Plains',4,48,1),
(312,312,'DataStream','Seamless Collaboration','https://www.datastream.com.au','Rest tonight difference. Perform collection pretty mouth.','32276 Smith Light Suite 559','Coopers Plains',1,71,4),
(313,313,'NexusFlow','AI-Powered Insights','https://www.nexusflow.com.au','Heavy bill probably try knowledge simply lay. Must again trade school office budget. Country its bag article player nothing.','10774 Thomas Union Suite 512','Coopers Plains',1,100,1),
(314,314,'EcoEssentials','Fresh & Local, Delivered','https://www.ecoessentials.com.au','Hear night news billion certain. Too outside nor artist management music.','276 Eric Parkways Suite 318','Coopers Plains',2,81,2),
(315,315,'BlueGum Digital Marketing','Driving Growth & Innovation','https://www.bluegumdigitalmarketing.com.au','Heart something wrong describe city doctor across. Move project magazine first decade share collection. Remember most themselves.','45046 Cristian Roads','Coopers Plains',3,73,3),
(316,316,'Apex Financial Solutions','Securing Your Future','https://www.apexfinancialsolutions.com.au','Single know side. Wide agree attack himself cultural.','138 Teresa Roads Apt. 891','Coopers Plains',3,9,3),
(317,317,'DataStream','The Future of Data, Today','https://www.datastream.com.au','From offer theory candidate against to. Age street consumer interesting world school them coach. American only population until total help.','9533 Moran Trace','Coopers Plains',1,33,4),
(318,318,'Artisan Alley','Fresh & Local, Delivered','https://www.artisanalley.com.au','Turn man include add alone often. Resource late network debate half unit rule power.','7358 Gillespie Crest Apt. 577','Coopers Plains',2,52,1),
(319,319,'EcoPack Solutions','Quality Ingredients, Honest Food','https://www.ecopacksolutions.com.au','Wind since cost hospital. Professor dream security do note serious fight. Environment consider throughout size nature night.','434 Torres Bridge Apt. 737','Coopers Plains',4,92,2),
(320,320,'InnovateCloud','Integrating Your World','https://www.innovatecloud.com.au','Create realize series plan class manager matter board. Treatment pay development set.','3291 Huffman Island Apt. 251','Coopers Plains',1,5,4),
(321,321,'Precision Components Pty Ltd','Quality Ingredients, Honest Food','https://www.precisioncomponentsptyltd.com.au','Say light will kid gun. Food from picture phone.','1621 Timothy Ways','Coopers Plains',4,45,1),
(322,322,'Coastal Threads','Handcrafted Goods','https://www.coastalthreads.com.au','Cost big even actually natural next imagine if. Operation day answer stage measure choice.','0595 Fernandez Creek','Coopers Plains',2,96,1),
(323,323,'Momentum Strategy Group','Your Financial Partner','https://www.momentumstrategygroup.com.au','Positive professional I mention soon myself. Less whom happy system probably center. Into speak fire quickly pay. Draw truth result.','25609 Debra Ports Suite 060','Coopers Plains',3,61,3),
(324,324,'BlueGum Digital Marketing','Digital Presence, Perfected','https://www.bluegumdigitalmarketing.com.au','Structure college he trip rather cup activity. Company service peace. Site seek professor certainly.','848 Mitchell Rest Apt. 902','Coopers Plains',3,89,4),
(325,325,'Ironbark Security','Securing Your Future','https://www.ironbarksecurity.com.au','Truth you financial actually shake toward. Amount discussion work side science cell.','520 Claire Highway','Coopers Plains',3,43,4),
(326,326,'EcoEssentials','Adventure Awaits','https://www.ecoessentials.com.au','Nearly answer kitchen range. Toward eight board bit. City cultural individual though garden production authority TV.','20335 Meredith Key','Coopers Plains',2,76,1),
(327,327,'Apex Financial Solutions','Driving Growth & Innovation','https://www.apexfinancialsolutions.com.au','Letter local data large investment culture friend. Find health this mind. Sister source throw once forward rock nature newspaper.','5404 Clark Inlet Suite 461','Coopers Plains',3,64,4),
(328,328,'Ironbark Security','Your Financial Partner','https://www.ironbarksecurity.com.au','Upon commercial page serious. Hard alone case southern news for issue.','859 Sherry Mews Apt. 153','Coopers Plains',3,87,4),
(329,329,'Apex Financial Solutions','Your Financial Partner','https://www.apexfinancialsolutions.com.au','Everything Democrat toward positive themselves rather. Adult stop be only run prevent. Operation prepare better truth skin different. Suffer our section green.','745 Smith Manors','Coopers Plains',3,40,3),
(330,330,'Sun-Kissed Foods','Quality Ingredients, Honest Food','https://www.sun-kissedfoods.com.au','Environmental direction best play. Hit activity reduce kind hundred perhaps particularly.','4349 Johnson Trace','Coopers Plains',4,26,2),
(331,331,'Momentum Strategy Group','Securing Your Future','https://www.momentumstrategygroup.com.au','Occur level seem. Sound how hour official gas.','587 Petersen Stravenue Apt. 354','Coopers Plains',3,71,1),
(332,332,'Ironbark Security','Securing Your Future','https://www.ironbarksecurity.com.au','Mention rock another several. Investment girl great box yeah.','99549 Tran Canyon Apt. 708','Coopers Plains',3,64,1),
(333,333,'Momentum Strategy Group','Digital Presence, Perfected','https://www.momentumstrategygroup.com.au','Design agree indeed alone usually. Continue everybody animal run century.','7211 Romero Square Suite 455','Coopers Plains',3,45,2),
(334,334,'Momentum Strategy Group','Digital Presence, Perfected','https://www.momentumstrategygroup.com.au','Home language parent open off product heart. Position form available should interesting your.','02656 Elizabeth Heights','Coopers Plains',3,16,1),
(335,335,'Outback Gear Co.','Fresh & Local, Delivered','https://www.outbackgearco.com.au','Act professional car remember. Season among particularly last from report. Way condition down gas worry along. Politics mother message wind maintain.','670 Morris Brooks Suite 286','Coopers Plains',2,6,2),
(336,336,'Precision Components Pty Ltd','Sustainable Packaging','https://www.precisioncomponentsptyltd.com.au','Throughout site clearly ok candidate doctor listen. Service surface what source would. Civil main total not inside happy determine.','0549 Nicole Spur Suite 528','Coopers Plains',4,26,1),
(337,337,'BlueGum Digital Marketing','Driving Growth & Innovation','https://www.bluegumdigitalmarketing.com.au','Parent speech care. Born play prove country test course.','7788 Susan Island Suite 897','Coopers Plains',3,24,3),
(338,338,'EcoPack Solutions','Engineered for Excellence','https://www.ecopacksolutions.com.au','Fact country quickly name. Fire resource better debate. Gas those office sport soldier toward.','88738 Robin Radial','Coopers Plains',4,42,1),
(339,339,'Precision Components Pty Ltd','Quality Ingredients, Honest Food','https://www.precisioncomponentsptyltd.com.au','Thought economy color again group foreign. Far man drive piece out class.','5496 Thomas Haven','Coopers Plains',4,97,3),
(340,340,'EcoPack Solutions','Sustainable Packaging','https://www.ecopacksolutions.com.au','Task represent yet hundred. Collection front hear team. Player part including remember surface movie.','37512 Rebecca Vista','Coopers Plains',4,56,1),
(341,341,'NexusFlow','The Future of Data, Today','https://www.nexusflow.com.au','Woman fly everything team far away. Evidence growth subject garden effort behind.','18807 Walter Courts Suite 067','Coopers Plains',1,5,3),
(342,342,'Precision Components Pty Ltd','Automating Tomorrow','https://www.precisioncomponentsptyltd.com.au','Local dark short foot million. Pretty although smile expect though different. Mr system travel week pattern.','13166 Kathy Brook','Coopers Plains',4,55,3),
(343,343,'EcoPack Solutions','Quality Ingredients, Honest Food','https://www.ecopacksolutions.com.au','Congress treatment perhaps history look tree back front.','727 Colleen Valley','Coopers Plains',4,96,4),
(344,344,'The Local Pantry','Beach-Inspired Fashion','https://www.thelocalpantry.com.au','Center someone little. Society firm growth dog.','0463 Kelsey Shores','Coopers Plains',2,83,2),
(345,345,'DataStream','AI-Powered Insights','https://www.datastream.com.au','Use list court create north sister. Represent happen identify end more beyond according. Want than serious read public though.','388 Brown Extension','Coopers Plains',1,38,3),
(346,346,'Momentum Strategy Group','Securing Your Future','https://www.momentumstrategygroup.com.au','Low pick back sit employee none.','63119 Christopher Hills Suite 597','Coopers Plains',3,100,4),
(347,347,'Artisan Alley','Beach-Inspired Fashion','https://www.artisanalley.com.au','Voice mother serious I career. Kind line probably natural talk someone.','6627 Farmer Avenue','Coopers Plains',2,38,2),
(348,348,'Outback Gear Co.','Handcrafted Goods','https://www.outbackgearco.com.au','Consumer tend data. Property practice fall environmental property game present participant.','810 Marissa Hills','Coopers Plains',2,26,2),
(349,349,'Ironbark Security','Securing Your Future','https://www.ironbarksecurity.com.au','Provide human onto capital. Example compare time live trouble condition.','5099 Levy Street Suite 501','Coopers Plains',3,33,4),
(350,350,'Momentum Strategy Group','Securing Your Future','https://www.momentumstrategygroup.com.au','However particular activity most. Personal never operation bit design. Effort responsibility who feel girl.','826 Lisa Roads Suite 108','Coopers Plains',3,63,1),
(351,351,'EcoEssentials','Handcrafted Goods','https://www.ecoessentials.com.au','Church end foreign place join position mission cultural.','79446 Jones Villages Apt. 449','Coopers Plains',2,75,4),
(352,352,'EcoEssentials','Handcrafted Goods','https://www.ecoessentials.com.au','Dark every personal some little rise apply school. Because carry old.','350 Laurie Neck','Coopers Plains',2,62,2),
(353,353,'Momentum Strategy Group','Driving Growth & Innovation','https://www.momentumstrategygroup.com.au','Soon send chance PM Republican must. Score seven how. Audience wrong Democrat.','4456 Trujillo Stream Suite 089','Coopers Plains',3,95,3),
(354,354,'InnovateCloud','AI-Powered Insights','https://www.innovatecloud.com.au','After election realize grow such expert girl. Create spend enjoy machine bad technology. Suggest weight news ability.','7722 Thompson Pines','Coopers Plains',1,76,4),
(355,355,'TerraForm Robotics','Sustainable Packaging','https://www.terraformrobotics.com.au','Under away garden probably close fund. Voice upon sport someone put level. Interview either the drop.','932 Alicia Overpass','Coopers Plains',4,67,1),
(356,356,'Outback Gear Co.','Adventure Awaits','https://www.outbackgearco.com.au','Anyone green center worry central president. Prepare so among beyond quickly training often that. Group explain best especially front on.','50201 Francis Crest Suite 712','Coopers Plains',2,46,2),
(357,357,'Momentum Strategy Group','Your Financial Partner','https://www.momentumstrategygroup.com.au','Station sense program goal concern military. Ten place draw public. Table begin produce ready table miss.','64663 Patrick Terrace','Coopers Plains',3,31,1),
(358,358,'DataStream','The Future of Data, Today','https://www.datastream.com.au','Environmental citizen tell American. Admit least thus.','238 Michael Tunnel','Coopers Plains',1,87,4),
(359,359,'Momentum Strategy Group','Securing Your Future','https://www.momentumstrategygroup.com.au','Teach tend already least fine strategy. Style second power station.','428 Matthew Mountain Suite 193','Coopers Plains',3,75,4),
(360,360,'Coastal Threads','Beach-Inspired Fashion','https://www.coastalthreads.com.au','Animal responsibility economic within. Be media professional compare already.','63175 David Walks','Coopers Plains',2,5,2),
(361,361,'TerraForm Robotics','Automating Tomorrow','https://www.terraformrobotics.com.au','For whole natural doctor allow just speak. To to where write pass tax kitchen sell. Market industry hold usually within occur name.','16107 Pearson Rest Suite 890','Coopers Plains',4,91,2),
(362,362,'Apex Financial Solutions','Your Financial Partner','https://www.apexfinancialsolutions.com.au','Budget street southern least unit election voice. Magazine past fine thousand.','68291 James Dam Suite 695','Coopers Plains',3,13,1),
(363,363,'Momentum Strategy Group','Securing Your Future','https://www.momentumstrategygroup.com.au','West throughout some door represent others director. Red ever great song music letter. Congress consumer within go early. Degree civil west girl.','9881 Isabella Glens Suite 052','Coopers Plains',3,16,4),
(364,364,'Artisan Alley','Fresh & Local, Delivered','https://www.artisanalley.com.au','Interest cup movie control. Wrong poor window draw region west.','0271 Johnson Crossroad Apt. 274','Coopers Plains',2,15,4),
(365,365,'Coastal Threads','Adventure Awaits','https://www.coastalthreads.com.au','Same score now late. Page report catch.','281 Theresa Wells','Coopers Plains',2,18,4),
(366,366,'Artisan Alley','Beach-Inspired Fashion','https://www.artisanalley.com.au','Cause end might involve. Natural change commercial. Process discussion school.','4453 Donna Drive Apt. 366','Coopers Plains',2,3,3),
(367,367,'Ironbark Security','Your Financial Partner','https://www.ironbarksecurity.com.au','Already food director eight box. Receive oil buy author would people.','1887 Anthony Estates Apt. 810','Coopers Plains',3,23,4),
(368,368,'InnovateCloud','Seamless Collaboration','https://www.innovatecloud.com.au','Account care here knowledge. Owner itself action professor ball institution.','43166 Rowe Extensions','Coopers Plains',1,41,1),
(369,369,'Precision Components Pty Ltd','Quality Ingredients, Honest Food','https://www.precisioncomponentsptyltd.com.au','Half hair life thank night. Want threat mother friend here lawyer. Truth bar stuff college throw religious turn join.','582 Kimberly Rue','Coopers Plains',4,25,1),
(370,370,'Coastal Threads','Handcrafted Goods','https://www.coastalthreads.com.au','As event them only civil. Card nor teacher wind popular notice toward.','076 Lewis Gateway','Coopers Plains',2,5,3),
(371,371,'EcoEssentials','Adventure Awaits','https://www.ecoessentials.com.au','Night hotel decision task.','515 Ferguson Fall','Coopers Plains',2,43,3),
(372,372,'Momentum Strategy Group','Securing Your Future','https://www.momentumstrategygroup.com.au','Reveal rule near name about yourself could inside. Development popular you can letter understand door.','853 Timothy Cliff Apt. 822','Coopers Plains',3,41,1),
(373,373,'NexusFlow','The Future of Data, Today','https://www.nexusflow.com.au','Season modern product wrong health. Appear none world herself investment wrong author.','2253 Anthony Corners','Coopers Plains',1,70,2),
(374,374,'Outback Gear Co.','Handcrafted Goods','https://www.outbackgearco.com.au','Music music talk. Bed size yeah later. Close country exactly visit.','744 Owens Stream','Coopers Plains',2,48,3),
(375,375,'DataStream','The Future of Data, Today','https://www.datastream.com.au','Drop compare information place get partner. Discover side agreement share value. Lawyer near short assume another security together couple.','57765 Anthony Vista Suite 581','Coopers Plains',1,29,4),
(376,376,'TerraForm Robotics','Sustainable Packaging','https://www.terraformrobotics.com.au','Buy public recently. At meet the son probably.','116 Jordan Parkways Suite 983','Coopers Plains',4,58,1),
(377,377,'InnovateCloud','Seamless Collaboration','https://www.innovatecloud.com.au','Get lead ago south heavy amount. Image rule media adult.','217 Andrea Rue','Coopers Plains',1,98,1),
(378,378,'Coastal Threads','Handcrafted Goods','https://www.coastalthreads.com.au','Process others head. Why even note future.','543 Karen Locks Apt. 867','Coopers Plains',2,88,3),
(379,379,'EcoPack Solutions','Quality Ingredients, Honest Food','https://www.ecopacksolutions.com.au','Truth expect above whom. Consumer Mrs us because move. Her degree bar whatever.','18360 William Drives','Coopers Plains',4,68,3),
(380,380,'BlueGum Digital Marketing','Your Financial Partner','https://www.bluegumdigitalmarketing.com.au','Discover him man stuff. Effort machine check turn recently partner dinner. Sea people issue her national along southern.','7489 Victoria Well','Coopers Plains',3,26,2),
(381,381,'Sun-Kissed Foods','Quality Ingredients, Honest Food','https://www.sun-kissedfoods.com.au','Use approach laugh home leader two. Television effect case party brother receive.','4684 Adam Fords','Coopers Plains',4,82,3),
(382,382,'The Local Pantry','Adventure Awaits','https://www.thelocalpantry.com.au','Middle research hour kid. Ball station wear method film.','7677 Vanessa Ville','Coopers Plains',2,21,4),
(383,383,'ConnectSphere','Seamless Collaboration','https://www.connectsphere.com.au','Leader husband see tax build community agency skin. Standard result PM different during.','948 Perez Ridge Apt. 704','Coopers Plains',1,20,3),
(384,384,'SynthWave Analytics','The Future of Data, Today','https://www.synthwaveanalytics.com.au','Difference song minute table end within. Agency seek guy probably reduce Mr medical. Project religious thing health away across either.','558 Ray Rapid','Coopers Plains',1,1,1),
(385,385,'SynthWave Analytics','AI-Powered Insights','https://www.synthwaveanalytics.com.au','Science newspaper middle senior. Team possible word specific ahead down. Term gas star.','60307 Zamora Loaf','Coopers Plains',1,9,2),
(386,386,'EcoPack Solutions','Sustainable Packaging','https://www.ecopacksolutions.com.au','Similar usually scientist also information. Lose however happy police place. Today music accept. New certain consider.','020 Adrian Pike','Coopers Plains',4,87,3),
(387,387,'Momentum Strategy Group','Digital Presence, Perfected','https://www.momentumstrategygroup.com.au','From future five. Probably myself modern.','683 Jillian Forest Apt. 790','Coopers Plains',3,13,4),
(388,388,'Coastal Threads','Handcrafted Goods','https://www.coastalthreads.com.au','Unit piece music participant political provide Congress.','533 Buck Village Apt. 990','Coopers Plains',2,67,1),
(389,389,'The Local Pantry','Handcrafted Goods','https://www.thelocalpantry.com.au','Eight third focus the wide upon.','4073 William Knoll','Coopers Plains',2,75,4),
(390,390,'BlueGum Digital Marketing','Digital Presence, Perfected','https://www.bluegumdigitalmarketing.com.au','Key goal political nor commercial skill for. Picture red grow also wear enter trip then.','57598 Kramer Course','Coopers Plains',3,69,3),
(391,391,'NexusFlow','Integrating Your World','https://www.nexusflow.com.au','Yet article factor we. Him think say deal price arm foot. Purpose similar peace feel bar small.','4282 Johnson Underpass','Coopers Plains',1,66,3),
(392,392,'Apex Financial Solutions','Driving Growth & Innovation','https://www.apexfinancialsolutions.com.au','Next politics thousand.','615 Campbell Squares Suite 517','Coopers Plains',3,10,2),
(393,393,'Sun-Kissed Foods','Automating Tomorrow','https://www.sun-kissedfoods.com.au','Police different trial tell simply energy hold. May treatment college. Father success early economic interesting. Environmental may board hair until hope age.','089 Daniel Harbors Apt. 024','Coopers Plains',4,39,1),
(394,394,'TerraForm Robotics','Engineered for Excellence','https://www.terraformrobotics.com.au','Gun continue major follow general power buy. At hair would stage American. A common score person.','704 Monique Walk Apt. 534','Coopers Plains',4,33,2),
(395,395,'Ironbark Security','Driving Growth & Innovation','https://www.ironbarksecurity.com.au','Be three wish job citizen then. According any we many give as open across. Hard tell federal heavy particularly worker skin. Feel bill common oil.','287 Chen Station','Coopers Plains',3,57,4),
(396,396,'EcoPack Solutions','Engineered for Excellence','https://www.ecopacksolutions.com.au','Fire agree Mr pass. Tell glass for price item need after. Degree interesting care something four already history.','0771 Huang Squares Suite 653','Coopers Plains',4,7,1),
(397,397,'SynthWave Analytics','Integrating Your World','https://www.synthwaveanalytics.com.au','Choice produce song bar. Car above in leg positive too.','847 Hunter Mission Suite 388','Coopers Plains',1,36,1),
(398,398,'Momentum Strategy Group','Driving Growth & Innovation','https://www.momentumstrategygroup.com.au','Size shoulder these different effect house begin discuss. Him source bag happy produce official. Imagine send sister.','6783 Mora Knoll','Coopers Plains',3,13,3),
(399,399,'ConnectSphere','The Future of Data, Today','https://www.connectsphere.com.au','Physical person exactly nation law real pull father.','15626 Brooks Knoll Suite 954','Coopers Plains',1,6,2),
(400,400,'BlueGum Digital Marketing','Your Financial Partner','https://www.bluegumdigitalmarketing.com.au','Behind check onto understand. Third ask middle stand fast case.','4828 Denise Keys','Coopers Plains',3,36,2),
(401,401,'Artisan Alley','Beach-Inspired Fashion','https://www.artisanalley.com.au','Civil those near enjoy charge even game account. Newspaper law necessary north above area many.','4033 Joseph Union','Coopers Plains',2,93,2),
(402,402,'EcoEssentials','Beach-Inspired Fashion','https://www.ecoessentials.com.au','Decide institution energy kitchen present yeah. Big modern kind eye rule.','4673 Tim Prairie','Coopers Plains',2,51,4),
(403,403,'TerraForm Robotics','Automating Tomorrow','https://www.terraformrobotics.com.au','Suffer thank top. Red wish significant if. While expect organization.','8909 Laura Views Suite 267','Coopers Plains',4,1,1),
(404,404,'NexusFlow','Seamless Collaboration','https://www.nexusflow.com.au','Threat size feel bit near however. Draw not clearly none better serious control. Trial brother firm beat same different painting.','3408 Meghan Canyon','Coopers Plains',1,82,1),
(405,405,'Apex Financial Solutions','Your Financial Partner','https://www.apexfinancialsolutions.com.au','Course floor go best million. Available painting significant although stuff because. Three which over soon.','1384 Heather Ports Apt. 811','Coopers Plains',3,63,4),
(406,406,'InnovateCloud','The Future of Data, Today','https://www.innovatecloud.com.au','Next book garden individual admit year. Decade law trial investment something seat goal minute. Dark economic bill red over how window. Often act article none six another.','5052 Jasmine Corner Apt. 944','Coopers Plains',1,31,4),
(407,407,'Outback Gear Co.','Adventure Awaits','https://www.outbackgearco.com.au','Economic particularly relate occur them. Test from head. Certain this season reflect short the along.','1283 Anderson Shores Suite 082','Coopers Plains',2,37,3),
(408,408,'EcoPack Solutions','Automating Tomorrow','https://www.ecopacksolutions.com.au','Worry sell most might treatment career still. Her soon trade world stuff reveal. Network news size movie close.','625 James Causeway Suite 376','Coopers Plains',4,97,2),
(409,409,'Sun-Kissed Foods','Automating Tomorrow','https://www.sun-kissedfoods.com.au','Soon behavior study worry maintain.','6731 Christine Mission','Coopers Plains',4,23,2),
(410,410,'EcoPack Solutions','Quality Ingredients, Honest Food','https://www.ecopacksolutions.com.au','Smile talk nature stand catch adult. Most cover along support time feeling. Raise scene account religious.','391 Andrew Fork','Coopers Plains',4,12,4),
(411,411,'The Local Pantry','Adventure Awaits','https://www.thelocalpantry.com.au','Weight fire most cultural look. Case task performance effect bill.','38383 Jackson Key Apt. 079','Coopers Plains',2,82,3),
(412,412,'Sun-Kissed Foods','Quality Ingredients, Honest Food','https://www.sun-kissedfoods.com.au','Usually friend trial move. Entire federal yeah quite professor style.','094 Friedman Estates Suite 591','Coopers Plains',4,98,4),
(413,413,'Precision Components Pty Ltd','Automating Tomorrow','https://www.precisioncomponentsptyltd.com.au','Although analysis adult budget whatever store appear political. Somebody trade project of message section.','27539 Carter Plaza Suite 578','Coopers Plains',4,92,3),
(414,414,'DataStream','The Future of Data, Today','https://www.datastream.com.au','Particular social officer include friend probably measure. Near still glass art those water public. City must water represent husband.','68537 Atkinson Gateway','Coopers Plains',1,12,4),
(415,415,'Sun-Kissed Foods','Engineered for Excellence','https://www.sun-kissedfoods.com.au','Share anything cut. Turn charge fish until sell it accept.','47613 John Plaza Suite 437','Coopers Plains',4,65,2),
(416,416,'QuantumLeap AI','Integrating Your World','https://www.quantumleapai.com.au','Water suffer keep two black our religious. War heart Mr too theory actually especially. Civil partner clear.','900 Kelly Knoll','Coopers Plains',1,66,1),
(417,417,'Apex Financial Solutions','Securing Your Future','https://www.apexfinancialsolutions.com.au','What rather surface piece admit. Trial whether national kitchen forward.','7341 Samantha Square Suite 005','Coopers Plains',3,89,1),
(418,418,'InnovateCloud','The Future of Data, Today','https://www.innovatecloud.com.au','Fine community stand fast with. Itself wish give education whatever follow city.','134 Hester Mill Apt. 141','Coopers Plains',1,34,3),
(419,419,'Outback Gear Co.','Handcrafted Goods','https://www.outbackgearco.com.au','Power offer experience view real at. Quality only beat recently. Method question evening either eat.','802 Patrick Junctions Suite 959','Coopers Plains',2,61,1),
(420,420,'EcoEssentials','Adventure Awaits','https://www.ecoessentials.com.au','Song month behind teach party government. Edge scientist special read cold task lay. Nation investment task knowledge sometimes space. Follow development push arm sister law.','97691 Connie Crescent','Coopers Plains',2,69,1),
(421,421,'Ironbark Security','Driving Growth & Innovation','https://www.ironbarksecurity.com.au','Stage design school accept. Support read TV bit happen law early top. Better book young possible.','582 Andersen Haven','Coopers Plains',3,63,3),
(422,422,'NexusFlow','AI-Powered Insights','https://www.nexusflow.com.au','Tree level about field artist strong think. Particularly customer order while allow answer.','445 Emily Via Suite 970','Coopers Plains',1,58,4),
(423,423,'NexusFlow','Integrating Your World','https://www.nexusflow.com.au','Chance likely realize collection technology country. Likely building particular artist spring entire.','319 Omar Flat','Coopers Plains',1,26,3),
(424,424,'InnovateCloud','Seamless Collaboration','https://www.innovatecloud.com.au','Tough our appear strong hope continue nation begin. Security hold what development.','265 King Shoal','Coopers Plains',1,98,2),
(425,425,'Precision Components Pty Ltd','Sustainable Packaging','https://www.precisioncomponentsptyltd.com.au','About simple suffer environment data present.','53782 Wheeler Way Apt. 224','Coopers Plains',4,20,1),
(426,426,'Sun-Kissed Foods','Automating Tomorrow','https://www.sun-kissedfoods.com.au','Medical behind company authority about. Financial design only could training determine. Company place read hotel look.','2144 Randall Fork Apt. 302','Coopers Plains',4,44,4),
(427,427,'Momentum Strategy Group','Driving Growth & Innovation','https://www.momentumstrategygroup.com.au','Five future plant ask oil market far. Require stage good item. Over today help ahead.','652 Jackson Garden Apt. 492','Coopers Plains',3,77,3),
(428,428,'EcoEssentials','Beach-Inspired Fashion','https://www.ecoessentials.com.au','Information think activity big against other agent. Entire practice finally figure. Watch occur early by reduce not popular recently.','6938 Smith Stravenue','Coopers Plains',2,37,2),
(429,429,'Sun-Kissed Foods','Quality Ingredients, Honest Food','https://www.sun-kissedfoods.com.au','Appear call particularly sign several ball key. Voice quality policy despite.','5246 Richardson Roads','Coopers Plains',4,85,3),
(430,430,'Sun-Kissed Foods','Automating Tomorrow','https://www.sun-kissedfoods.com.au','Know recently whom event property say anyone treat. Example once hot fire people catch. Baby represent pressure.','0965 Brady Light','Coopers Plains',4,3,1),
(431,431,'Coastal Threads','Handcrafted Goods','https://www.coastalthreads.com.au','Worker professional box real source range. Me less picture get.','017 Anthony Estate','Coopers Plains',2,11,3),
(432,432,'NexusFlow','AI-Powered Insights','https://www.nexusflow.com.au','Medical reality firm unit.','03415 Bernard Prairie','Coopers Plains',1,42,4),
(433,433,'The Local Pantry','Beach-Inspired Fashion','https://www.thelocalpantry.com.au','Often serious maintain despite claim. Grow quite myself leader brother partner. Give soon great less stock important.','41576 Green Bypass Apt. 827','Coopers Plains',2,51,3),
(434,434,'Ironbark Security','Your Financial Partner','https://www.ironbarksecurity.com.au','Democratic rise couple blood father. Part case morning knowledge shake member.','99657 Stacy Springs Suite 247','Coopers Plains',3,67,4),
(435,435,'BlueGum Digital Marketing','Your Financial Partner','https://www.bluegumdigitalmarketing.com.au','Music position forward seem believe customer really. Since discuss prepare yet may ok. Blue add every care southern street. Save anyone across be admit cold.','37691 Chan Union Suite 385','Coopers Plains',3,75,2),
(436,436,'NexusFlow','The Future of Data, Today','https://www.nexusflow.com.au','Try speak recent attorney most. One happy training world man nearly.','50687 Dixon Street Apt. 846','Coopers Plains',1,65,2),
(437,437,'Outback Gear Co.','Adventure Awaits','https://www.outbackgearco.com.au','Hospital far green fight by also. Thing reduce explain goal successful indeed. Care surface method call fact score sure.','895 Davis Passage Suite 314','Coopers Plains',2,83,1),
(438,438,'Coastal Threads','Fresh & Local, Delivered','https://www.coastalthreads.com.au','Various glass somebody high local year drop. Hear certainly score yourself Mrs hand information. Soon let street particular help morning.','587 Amanda Stravenue Suite 650','Coopers Plains',2,31,1),
(439,439,'Outback Gear Co.','Beach-Inspired Fashion','https://www.outbackgearco.com.au','Series itself just free coach. Month success their eat energy stand.','83030 Pratt Mount Suite 732','Coopers Plains',2,36,1),
(440,440,'Ironbark Security','Your Financial Partner','https://www.ironbarksecurity.com.au','Happy room tax more.','3091 Amber Locks Suite 253','Coopers Plains',3,48,3),
(441,441,'Coastal Threads','Beach-Inspired Fashion','https://www.coastalthreads.com.au','Mouth matter according focus. Plan rest worker kind southern each. Help moment meet skin.','415 Anthony Port Apt. 435','Coopers Plains',2,81,3),
(442,442,'Outback Gear Co.','Fresh & Local, Delivered','https://www.outbackgearco.com.au','Visit account relate dog director way population there. Box than activity do.','6985 Steele Burgs','Coopers Plains',2,12,3),
(443,443,'DataStream','Seamless Collaboration','https://www.datastream.com.au','Low too seem center community indeed kitchen professional. Ball indeed my nice firm common. Eight get time new current.','0179 Catherine Ramp Apt. 210','Coopers Plains',1,16,2),
(444,444,'Precision Components Pty Ltd','Automating Tomorrow','https://www.precisioncomponentsptyltd.com.au','High staff factor successful foot camera billion. Risk write late no. Very include program technology.','0055 Preston Pines Suite 596','Coopers Plains',4,81,3),
(445,445,'DataStream','The Future of Data, Today','https://www.datastream.com.au','Account agree yard put. Source guess too six hear price. Teacher whether they choose night.','0406 Debbie Valleys Apt. 400','Coopers Plains',1,36,4),
(446,446,'Artisan Alley','Handcrafted Goods','https://www.artisanalley.com.au','Official guess left contain get. These win animal standard benefit. Perhaps sing you bank will mother yes war.','923 Terri Drives Suite 673','Coopers Plains',2,23,3),
(447,447,'Coastal Threads','Fresh & Local, Delivered','https://www.coastalthreads.com.au','Key environment hotel again. Including their analysis information huge each.','99325 Ochoa Centers Apt. 610','Coopers Plains',2,35,4),
(448,448,'Apex Financial Solutions','Securing Your Future','https://www.apexfinancialsolutions.com.au','Where seven among drop evidence even. Follow create live current.','80879 David Island Apt. 197','Coopers Plains',3,95,1),
(449,449,'EcoEssentials','Adventure Awaits','https://www.ecoessentials.com.au','Deal case citizen Republican item. Debate key number car.','5778 Diaz Lakes','Coopers Plains',2,67,4),
(450,450,'Ironbark Security','Digital Presence, Perfected','https://www.ironbarksecurity.com.au','Tell manager it second try. Expect in country tell career.','2971 Robert Crest','Coopers Plains',3,7,1),
(451,451,'EcoPack Solutions','Sustainable Packaging','https://www.ecopacksolutions.com.au','Ask painting possible. Person true address defense number scientist. Better water new fear majority police international service.','387 Bowman Grove Apt. 502','Coopers Plains',4,4,2),
(452,452,'Ironbark Security','Securing Your Future','https://www.ironbarksecurity.com.au','Rather American region American deep. Party direction him democratic federal remain. Capital may prepare recent mean stock name.','62478 Caitlin Inlet','Coopers Plains',3,96,2),
(453,453,'Artisan Alley','Adventure Awaits','https://www.artisanalley.com.au','Country book machine never.','3726 Daniels Tunnel Suite 068','Coopers Plains',2,49,3),
(454,454,'ConnectSphere','Seamless Collaboration','https://www.connectsphere.com.au','Term sense ever arm bed in. Avoid half apply do tax for middle.','031 Baker Bypass','Coopers Plains',1,37,3),
(455,455,'NexusFlow','Seamless Collaboration','https://www.nexusflow.com.au','Civil bill PM week tax growth.','18075 Tristan Way Suite 388','Coopers Plains',1,47,3),
(456,456,'BlueGum Digital Marketing','Securing Your Future','https://www.bluegumdigitalmarketing.com.au','Ball artist sound both marriage build whatever. Rock soon executive need live.','85009 James Meadow','Coopers Plains',3,22,4),
(457,457,'BlueGum Digital Marketing','Driving Growth & Innovation','https://www.bluegumdigitalmarketing.com.au','Large single past reflect left create. Including over research often. Cost lead education clearly single recently option.','33553 Bradley Inlet','Coopers Plains',3,77,1),
(458,458,'Outback Gear Co.','Fresh & Local, Delivered','https://www.outbackgearco.com.au','Class remain behavior every president. Unit dream oil someone in at.','4322 Gonzalez Ports','Coopers Plains',2,19,3),
(459,459,'Artisan Alley','Handcrafted Goods','https://www.artisanalley.com.au','Law choice interesting it. Play under oil reflect little beautiful.','4007 Smith Ramp Suite 125','Coopers Plains',2,71,4),
(460,460,'EcoPack Solutions','Quality Ingredients, Honest Food','https://www.ecopacksolutions.com.au','Character building check radio cup. Poor appear win really. Military name along mission job president would.','14591 Donald Meadow','Coopers Plains',4,35,1),
(461,461,'Apex Financial Solutions','Digital Presence, Perfected','https://www.apexfinancialsolutions.com.au','Break knowledge pattern born. None environmental general group local enjoy right. Allow there model level senior own tonight.','0074 Pierce Highway','Coopers Plains',3,20,1),
(462,462,'TerraForm Robotics','Sustainable Packaging','https://www.terraformrobotics.com.au','Child follow growth friend. System Congress point many focus.','334 Smith Pine','Coopers Plains',4,65,1),
(463,463,'EcoPack Solutions','Quality Ingredients, Honest Food','https://www.ecopacksolutions.com.au','Officer remember spend exist any. Somebody age our check.','777 Stephanie View Suite 955','Coopers Plains',4,94,3),
(464,464,'Outback Gear Co.','Beach-Inspired Fashion','https://www.outbackgearco.com.au','Level institution four station dog eat. Much instead party enjoy special.','924 Haley Courts Apt. 645','Coopers Plains',2,22,2),
(465,465,'Ironbark Security','Your Financial Partner','https://www.ironbarksecurity.com.au','Decide we identify rise agreement perhaps. Window allow various natural image ball. Bill former marriage left prepare service room.','48208 Peterson Rest Suite 038','Coopers Plains',3,87,4),
(466,466,'NexusFlow','Integrating Your World','https://www.nexusflow.com.au','Nearly subject production strategy decade free follow. Tend program sign. Black group within.','4419 Stephens Road','Coopers Plains',1,70,1),
(467,467,'NexusFlow','Seamless Collaboration','https://www.nexusflow.com.au','Cell news development thought professor bag security. Step including spend usually fear general work.','99478 Adams Canyon Apt. 579','Coopers Plains',1,21,3),
(468,468,'BlueGum Digital Marketing','Driving Growth & Innovation','https://www.bluegumdigitalmarketing.com.au','Clearly fall school. Much short nature deep game TV. End their hot attorney box rate.','733 Christopher Streets','Coopers Plains',3,14,4),
(469,469,'Outback Gear Co.','Handcrafted Goods','https://www.outbackgearco.com.au','None garden after possible difference picture great. Bag public major anything sister seek.','38590 Randall Ramp Apt. 005','Coopers Plains',2,10,1),
(470,470,'EcoPack Solutions','Quality Ingredients, Honest Food','https://www.ecopacksolutions.com.au','Wonder animal bed seek skin. Government you perform gun radio program activity. Medical movie environmental along raise.','0961 Owen Circles','Coopers Plains',4,76,1),
(471,471,'Artisan Alley','Beach-Inspired Fashion','https://www.artisanalley.com.au','Kid more point all while well.','8625 Estrada Loaf Apt. 526','Coopers Plains',2,40,3),
(472,472,'Momentum Strategy Group','Digital Presence, Perfected','https://www.momentumstrategygroup.com.au','Draw federal arm bad indicate stock be.','07983 Anderson Estate Suite 277','Coopers Plains',3,29,3),
(473,473,'SynthWave Analytics','Seamless Collaboration','https://www.synthwaveanalytics.com.au','Quality half able house new yet.','9314 Weeks Lodge','Coopers Plains',1,33,3),
(474,474,'NexusFlow','Seamless Collaboration','https://www.nexusflow.com.au','None allow town dog member sure heavy knowledge. Win can season box. True attention record thousand something left.','804 William Lights Suite 020','Coopers Plains',1,54,4),
(475,475,'Ironbark Security','Securing Your Future','https://www.ironbarksecurity.com.au','Professional paper serve write open table. Least let when else. With four hundred. Less under give discover.','78301 Chen Square Suite 528','Coopers Plains',3,86,2),
(476,476,'NexusFlow','AI-Powered Insights','https://www.nexusflow.com.au','Eat suddenly land side strong yourself I. Lead building brother those dark.','119 Foster Lake Suite 302','Coopers Plains',1,89,1),
(477,477,'ConnectSphere','Integrating Your World','https://www.connectsphere.com.au','Meet create prevent wrong attention report sure. Society camera smile.','933 Kirby Valley','Coopers Plains',1,87,4),
(478,478,'InnovateCloud','Seamless Collaboration','https://www.innovatecloud.com.au','Charge treat easy. Lot current glass.','771 David Courts','Coopers Plains',1,71,4),
(479,479,'DataStream','AI-Powered Insights','https://www.datastream.com.au','Provide loss hotel short. Wind song successful table loss little.','1566 Stewart Forks Apt. 049','Coopers Plains',1,73,2),
(480,480,'Sun-Kissed Foods','Automating Tomorrow','https://www.sun-kissedfoods.com.au','Time later will less listen. Huge study blood identify while. Without science body.','505 Deanna Knoll','Coopers Plains',4,3,2),
(481,481,'Momentum Strategy Group','Digital Presence, Perfected','https://www.momentumstrategygroup.com.au','Career soon church woman. Eye company help firm.','23405 Martinez Village Apt. 958','Coopers Plains',3,24,2),
(482,482,'QuantumLeap AI','Integrating Your World','https://www.quantumleapai.com.au','Owner effort nation later. Raise true its stuff quality.','0286 Romero Springs Suite 799','Coopers Plains',1,53,4),
(483,483,'ConnectSphere','Seamless Collaboration','https://www.connectsphere.com.au','Or area father officer commercial. Wall sell leg. Throughout floor your best behavior loss.','483 Mitchell Stream','Coopers Plains',1,33,3),
(484,484,'DataStream','Seamless Collaboration','https://www.datastream.com.au','Perhaps someone experience opportunity force. Thing lead allow to turn.','08277 Debbie Valleys','Coopers Plains',1,78,2),
(485,485,'NexusFlow','Integrating Your World','https://www.nexusflow.com.au','Out stay development big fund admit. Fast financial condition remain.','839 John Mountain','Coopers Plains',1,3,3),
(486,486,'BlueGum Digital Marketing','Digital Presence, Perfected','https://www.bluegumdigitalmarketing.com.au','Particularly position detail south. Relationship everyone mother act customer beautiful election. Tv including look south. Cut inside discussion successful.','8449 Stanley Cape Suite 958','Coopers Plains',3,9,1),
(487,487,'Coastal Threads','Handcrafted Goods','https://www.coastalthreads.com.au','Leg successful herself manage look fire low dog. End society space book human quality. Usually card race collection result.','14946 Gabriel Branch','Coopers Plains',2,35,3),
(488,488,'SynthWave Analytics','The Future of Data, Today','https://www.synthwaveanalytics.com.au','Join stay fly save look possible. When position environment common scene.','4814 Ruiz Mountains Apt. 363','Coopers Plains',1,50,4),
(489,489,'EcoPack Solutions','Automating Tomorrow','https://www.ecopacksolutions.com.au','Identify leader certain big enjoy. Compare father blue why.','3989 Campbell Forest Apt. 196','Coopers Plains',4,79,3),
(490,490,'ConnectSphere','Seamless Collaboration','https://www.connectsphere.com.au','Year popular evidence ten accept. Draw attack start same floor ready. Interest ability send.','010 Khan Trail','Coopers Plains',1,23,2),
(491,491,'SynthWave Analytics','Seamless Collaboration','https://www.synthwaveanalytics.com.au','Particularly goal read yes I must sense. Seven Congress rock let they third leader. Thought think security have able. Offer organization couple as affect action career.','36036 Heather Fork Apt. 982','Coopers Plains',1,91,1),
(492,492,'Ironbark Security','Digital Presence, Perfected','https://www.ironbarksecurity.com.au','People tough together.','305 Jake Ramp','Coopers Plains',3,22,1),
(493,493,'EcoPack Solutions','Engineered for Excellence','https://www.ecopacksolutions.com.au','Study organization operation mean off view.','5101 Anne Trafficway','Coopers Plains',4,86,4),
(494,494,'QuantumLeap AI','Integrating Your World','https://www.quantumleapai.com.au','Himself development base purpose.','3760 Nguyen Motorway','Coopers Plains',1,39,3),
(495,495,'Momentum Strategy Group','Digital Presence, Perfected','https://www.momentumstrategygroup.com.au','List single lead seat loss sport reduce. Upon base here close little foreign.','2311 Emma Views','Coopers Plains',3,28,3),
(496,496,'Apex Financial Solutions','Securing Your Future','https://www.apexfinancialsolutions.com.au','Main key quite book parent. Off painting tax teach stage guy among maintain. Him phone majority receive road suddenly store kid.','0528 Johnson Canyon','Coopers Plains',3,65,4),
(497,497,'Ironbark Security','Your Financial Partner','https://www.ironbarksecurity.com.au','Share tend quite heart child lead at full. Color continue behavior general information.','20129 Higgins Rapids Suite 877','Coopers Plains',3,90,3),
(498,498,'Precision Components Pty Ltd','Automating Tomorrow','https://www.precisioncomponentsptyltd.com.au','Condition computer nation part. Me anyone art morning drug. American small source collection inside. Society role miss change whether may end.','93794 Devin Estates','Coopers Plains',4,45,2),
(499,499,'NexusFlow','Seamless Collaboration','https://www.nexusflow.com.au','Collection recent bill strategy. About official two vote purpose degree hour political. Doctor send or agency central summer with.','66046 Parks Prairie Suite 140','Coopers Plains',1,44,4),
(500,500,'Artisan Alley','Beach-Inspired Fashion','https://www.artisanalley.com.au','Picture politics believe news break remain. Power career card trouble argue policy strong.','6404 Jay Cape Apt. 521','Coopers Plains',2,48,2);
/*!40000 ALTER TABLE `businesses` ENABLE KEYS */;
UNLOCK TABLES;
commit;

--
-- Table structure for table `case_studies`
--

DROP TABLE IF EXISTS `case_studies`;
/*!40101 SET @saved_cs_client     = @@character_set_client */;
/*!40101 SET character_set_client = utf8mb4 */;
CREATE TABLE `case_studies` (
  `id` int(11) NOT NULL AUTO_INCREMENT,
  `owner_user_id` int(11) DEFAULT NULL,
  `title` varchar(255) DEFAULT NULL,
  `content` text DEFAULT NULL,
  `thumbnail` varchar(255) DEFAULT NULL,
  `video_url` varchar(255) DEFAULT NULL,
  `published` tinyint(1) DEFAULT NULL,
  PRIMARY KEY (`id`),
  KEY `owner_user_id` (`owner_user_id`),
  CONSTRAINT `case_studies_ibfk_1` FOREIGN KEY (`owner_user_id`) REFERENCES `users` (`id`)
) ENGINE=InnoDB DEFAULT CHARSET=utf8mb4 COLLATE=utf8mb4_unicode_ci;
/*!40101 SET character_set_client = @saved_cs_client */;

--
-- Dumping data for table `case_studies`
--

LOCK TABLES `case_studies` WRITE;
/*!40000 ALTER TABLE `case_studies` DISABLE KEYS */;
set autocommit=0;
/*!40000 ALTER TABLE `case_studies` ENABLE KEYS */;
UNLOCK TABLES;
commit;

--
-- Table structure for table `connection_mastermind_roles`
--

DROP TABLE IF EXISTS `connection_mastermind_roles`;
/*!40101 SET @saved_cs_client     = @@character_set_client */;
/*!40101 SET character_set_client = utf8mb4 */;
CREATE TABLE `connection_mastermind_roles` (
  `connection_id` int(11) NOT NULL,
  `mastermind_role_id` int(11) NOT NULL,
  PRIMARY KEY (`connection_id`,`mastermind_role_id`),
  KEY `mastermind_role_id` (`mastermind_role_id`),
  CONSTRAINT `connection_mastermind_roles_ibfk_1` FOREIGN KEY (`connection_id`) REFERENCES `business_connections` (`id`),
  CONSTRAINT `connection_mastermind_roles_ibfk_2` FOREIGN KEY (`mastermind_role_id`) REFERENCES `mastermind_roles` (`id`)
) ENGINE=InnoDB DEFAULT CHARSET=utf8mb4 COLLATE=utf8mb4_unicode_ci;
/*!40101 SET character_set_client = @saved_cs_client */;

--
-- Dumping data for table `connection_mastermind_roles`
--

LOCK TABLES `connection_mastermind_roles` WRITE;
/*!40000 ALTER TABLE `connection_mastermind_roles` DISABLE KEYS */;
set autocommit=0;
/*!40000 ALTER TABLE `connection_mastermind_roles` ENABLE KEYS */;
UNLOCK TABLES;
commit;

--
-- Table structure for table `connection_types`
--

DROP TABLE IF EXISTS `connection_types`;
/*!40101 SET @saved_cs_client     = @@character_set_client */;
/*!40101 SET character_set_client = utf8mb4 */;
CREATE TABLE `connection_types` (
  `id` int(11) NOT NULL AUTO_INCREMENT,
  `name` varchar(100) DEFAULT NULL,
  PRIMARY KEY (`id`)
) ENGINE=InnoDB AUTO_INCREMENT=405 DEFAULT CHARSET=utf8mb4 COLLATE=utf8mb4_unicode_ci;
/*!40101 SET character_set_client = @saved_cs_client */;

--
-- Dumping data for table `connection_types`
--

LOCK TABLES `connection_types` WRITE;
/*!40000 ALTER TABLE `connection_types` DISABLE KEYS */;
set autocommit=0;
INSERT INTO `connection_types` VALUES
(1,'Partnership'),
(2,'Supplier'),
(3,'Customer'),
(4,'Investor'),
(5,'Partnership'),
(6,'Supplier'),
(7,'Customer'),
(8,'Investor'),
(9,'Partnership'),
(10,'Supplier'),
(11,'Customer'),
(12,'Investor'),
(13,'Partnership'),
(14,'Supplier'),
(15,'Customer'),
(16,'Investor'),
(17,'Partnership'),
(18,'Supplier'),
(19,'Customer'),
(20,'Investor'),
(21,'Partnership'),
(22,'Supplier'),
(23,'Customer'),
(24,'Investor'),
(25,'Partnership'),
(26,'Supplier'),
(27,'Customer'),
(28,'Investor'),
(29,'Partnership'),
(30,'Supplier'),
(31,'Customer'),
(32,'Investor'),
(33,'Partnership'),
(34,'Supplier'),
(35,'Customer'),
(36,'Investor'),
(37,'Partnership'),
(38,'Supplier'),
(39,'Customer'),
(40,'Investor'),
(41,'Partnership'),
(42,'Supplier'),
(43,'Customer'),
(44,'Investor'),
(45,'Partnership'),
(46,'Supplier'),
(47,'Customer'),
(48,'Investor'),
(49,'Partnership'),
(50,'Supplier'),
(51,'Customer'),
(52,'Investor'),
(53,'Partnership'),
(54,'Supplier'),
(55,'Customer'),
(56,'Investor'),
(57,'Partnership'),
(58,'Supplier'),
(59,'Customer'),
(60,'Investor'),
(61,'Partnership'),
(62,'Supplier'),
(63,'Customer'),
(64,'Investor'),
(65,'Partnership'),
(66,'Supplier'),
(67,'Customer'),
(68,'Investor'),
(69,'Partnership'),
(70,'Supplier'),
(71,'Customer'),
(72,'Investor'),
(73,'Partnership'),
(74,'Supplier'),
(75,'Customer'),
(76,'Investor'),
(77,'Partnership'),
(78,'Supplier'),
(79,'Customer'),
(80,'Investor'),
(81,'Partnership'),
(82,'Supplier'),
(83,'Customer'),
(84,'Investor'),
(85,'Partnership'),
(86,'Supplier'),
(87,'Customer'),
(88,'Investor'),
(89,'Partnership'),
(90,'Supplier'),
(91,'Customer'),
(92,'Investor'),
(93,'Partnership'),
(94,'Supplier'),
(95,'Customer'),
(96,'Investor'),
(97,'Partnership'),
(98,'Supplier'),
(99,'Customer'),
(100,'Investor'),
(101,'Partnership'),
(102,'Supplier'),
(103,'Customer'),
(104,'Investor'),
(105,'Partnership'),
(106,'Supplier'),
(107,'Customer'),
(108,'Investor'),
(109,'Partnership'),
(110,'Supplier'),
(111,'Customer'),
(112,'Investor'),
(113,'Partnership'),
(114,'Supplier'),
(115,'Customer'),
(116,'Investor'),
(117,'Partnership'),
(118,'Supplier'),
(119,'Customer'),
(120,'Investor'),
(121,'Partnership'),
(122,'Supplier'),
(123,'Customer'),
(124,'Investor'),
(125,'Partnership'),
(126,'Supplier'),
(127,'Customer'),
(128,'Investor'),
(129,'Partnership'),
(130,'Supplier'),
(131,'Customer'),
(132,'Investor'),
(133,'Partnership'),
(134,'Supplier'),
(135,'Customer'),
(136,'Investor'),
(137,'Partnership'),
(138,'Supplier'),
(139,'Customer'),
(140,'Investor'),
(141,'Partnership'),
(142,'Supplier'),
(143,'Customer'),
(144,'Investor'),
(145,'Partnership'),
(146,'Supplier'),
(147,'Customer'),
(148,'Investor'),
(149,'Partnership'),
(150,'Supplier'),
(151,'Customer'),
(152,'Investor'),
(153,'Partnership'),
(154,'Supplier'),
(155,'Customer'),
(156,'Investor'),
(157,'Partnership'),
(158,'Supplier'),
(159,'Customer'),
(160,'Investor'),
(161,'Partnership'),
(162,'Supplier'),
(163,'Customer'),
(164,'Investor'),
(165,'Partnership'),
(166,'Supplier'),
(167,'Customer'),
(168,'Investor'),
(169,'Partnership'),
(170,'Supplier'),
(171,'Customer'),
(172,'Investor'),
(173,'Partnership'),
(174,'Supplier'),
(175,'Customer'),
(176,'Investor'),
(177,'Partnership'),
(178,'Supplier'),
(179,'Customer'),
(180,'Investor'),
(181,'Partnership'),
(182,'Supplier'),
(183,'Customer'),
(184,'Investor'),
(185,'Partnership'),
(186,'Supplier'),
(187,'Customer'),
(188,'Investor'),
(189,'Partnership'),
(190,'Supplier'),
(191,'Customer'),
(192,'Investor'),
(193,'Partnership'),
(194,'Supplier'),
(195,'Customer'),
(196,'Investor'),
(197,'Partnership'),
(198,'Supplier'),
(199,'Customer'),
(200,'Investor'),
(201,'Partnership'),
(202,'Supplier'),
(203,'Customer'),
(204,'Investor'),
(205,'Partnership'),
(206,'Supplier'),
(207,'Customer'),
(208,'Investor'),
(209,'Partnership'),
(210,'Supplier'),
(211,'Customer'),
(212,'Investor'),
(213,'Partnership'),
(214,'Supplier'),
(215,'Customer'),
(216,'Investor'),
(217,'Partnership'),
(218,'Supplier'),
(219,'Customer'),
(220,'Investor'),
(221,'Partnership'),
(222,'Supplier'),
(223,'Customer'),
(224,'Investor'),
(225,'Partnership'),
(226,'Supplier'),
(227,'Customer'),
(228,'Investor'),
(229,'Partnership'),
(230,'Supplier'),
(231,'Customer'),
(232,'Investor'),
(233,'Partnership'),
(234,'Supplier'),
(235,'Customer'),
(236,'Investor'),
(237,'Partnership'),
(238,'Supplier'),
(239,'Customer'),
(240,'Investor'),
(241,'Partnership'),
(242,'Supplier'),
(243,'Customer'),
(244,'Investor'),
(245,'Partnership'),
(246,'Supplier'),
(247,'Customer'),
(248,'Investor'),
(249,'Partnership'),
(250,'Supplier'),
(251,'Customer'),
(252,'Investor'),
(253,'Partnership'),
(254,'Supplier'),
(255,'Customer'),
(256,'Investor'),
(257,'Partnership'),
(258,'Supplier'),
(259,'Customer'),
(260,'Investor'),
(261,'Partnership'),
(262,'Supplier'),
(263,'Customer'),
(264,'Investor'),
(265,'Partnership'),
(266,'Supplier'),
(267,'Customer'),
(268,'Investor'),
(269,'Partnership'),
(270,'Supplier'),
(271,'Customer'),
(272,'Investor'),
(273,'Partnership'),
(274,'Supplier'),
(275,'Customer'),
(276,'Investor'),
(277,'Partnership'),
(278,'Supplier'),
(279,'Customer'),
(280,'Investor'),
(281,'Partnership'),
(282,'Supplier'),
(283,'Customer'),
(284,'Investor'),
(285,'Partnership'),
(286,'Supplier'),
(287,'Customer'),
(288,'Investor'),
(289,'Partnership'),
(290,'Supplier'),
(291,'Customer'),
(292,'Investor'),
(293,'Partnership'),
(294,'Supplier'),
(295,'Customer'),
(296,'Investor'),
(297,'Partnership'),
(298,'Supplier'),
(299,'Customer'),
(300,'Investor'),
(301,'Partnership'),
(302,'Supplier'),
(303,'Customer'),
(304,'Investor'),
(305,'Partnership'),
(306,'Supplier'),
(307,'Customer'),
(308,'Investor'),
(309,'Partnership'),
(310,'Supplier'),
(311,'Customer'),
(312,'Investor'),
(313,'Partnership'),
(314,'Supplier'),
(315,'Customer'),
(316,'Investor'),
(317,'Partnership'),
(318,'Supplier'),
(319,'Customer'),
(320,'Investor'),
(321,'Partnership'),
(322,'Supplier'),
(323,'Customer'),
(324,'Investor'),
(325,'Partnership'),
(326,'Supplier'),
(327,'Customer'),
(328,'Investor'),
(329,'Partnership'),
(330,'Supplier'),
(331,'Customer'),
(332,'Investor'),
(333,'Partnership'),
(334,'Supplier'),
(335,'Customer'),
(336,'Investor'),
(337,'Partnership'),
(338,'Supplier'),
(339,'Customer'),
(340,'Investor'),
(341,'Partnership'),
(342,'Supplier'),
(343,'Customer'),
(344,'Investor'),
(345,'Partnership'),
(346,'Supplier'),
(347,'Customer'),
(348,'Investor'),
(349,'Partnership'),
(350,'Supplier'),
(351,'Customer'),
(352,'Investor'),
(353,'Partnership'),
(354,'Supplier'),
(355,'Customer'),
(356,'Investor'),
(357,'Partnership'),
(358,'Supplier'),
(359,'Customer'),
(360,'Investor'),
(361,'Partnership'),
(362,'Supplier'),
(363,'Customer'),
(364,'Investor'),
(365,'Partnership'),
(366,'Supplier'),
(367,'Customer'),
(368,'Investor'),
(369,'Partnership'),
(370,'Supplier'),
(371,'Customer'),
(372,'Investor'),
(373,'Partnership'),
(374,'Supplier'),
(375,'Customer'),
(376,'Investor'),
(377,'Partnership'),
(378,'Supplier'),
(379,'Customer'),
(380,'Investor'),
(381,'Partnership'),
(382,'Supplier'),
(383,'Customer'),
(384,'Investor'),
(385,'Partnership'),
(386,'Supplier'),
(387,'Customer'),
(388,'Investor'),
(389,'Partnership'),
(390,'Supplier'),
(391,'Customer'),
(392,'Investor'),
(393,'Partnership'),
(394,'Supplier'),
(395,'Customer'),
(396,'Investor'),
(397,'Partnership'),
(398,'Supplier'),
(399,'Customer'),
(400,'Investor'),
(401,'Partnership'),
(402,'Supplier'),
(403,'Customer'),
(404,'Investor');
/*!40000 ALTER TABLE `connection_types` ENABLE KEYS */;
UNLOCK TABLES;
commit;

--
-- Table structure for table `daily_activities`
--

DROP TABLE IF EXISTS `daily_activities`;
/*!40101 SET @saved_cs_client     = @@character_set_client */;
/*!40101 SET character_set_client = utf8mb4 */;
CREATE TABLE `daily_activities` (
  `id` int(11) NOT NULL AUTO_INCREMENT,
  `name` varchar(60) DEFAULT NULL,
  `description` text DEFAULT NULL,
  PRIMARY KEY (`id`)
) ENGINE=InnoDB AUTO_INCREMENT=601 DEFAULT CHARSET=utf8mb4 COLLATE=utf8mb4_unicode_ci;
/*!40101 SET character_set_client = @saved_cs_client */;

--
-- Dumping data for table `daily_activities`
--

LOCK TABLES `daily_activities` WRITE;
/*!40000 ALTER TABLE `daily_activities` DISABLE KEYS */;
set autocommit=0;
INSERT INTO `daily_activities` VALUES
(1,'inside','Home couple fill today company of whatever far.'),
(2,'write','Herself listen movie five chair measure.'),
(3,'see','Wide apply add leader young think carry.'),
(4,'hard','Focus scene top within size.'),
(5,'firm','Between manage action someone fish foreign wind.'),
(6,'evening','Like plant until general her visit turn.'),
(7,'understand','Whole early focus it.'),
(8,'vote','Middle tell five TV of.'),
(9,'front','Guy charge sometimes two billion probably until society.'),
(10,'mission','Always that during yourself other.'),
(11,'class','Teacher garden reveal value since gun as.'),
(12,'per','Show reason father choose week.'),
(13,'mention','Gun most direction they they fight economic article.'),
(14,'political','Cut show perform beyond if above system.'),
(15,'service','Agency popular enter important.'),
(16,'box','More develop other task.'),
(17,'do','These north data vote.'),
(18,'life','Race scientist wait weight actually.'),
(19,'prepare','They over ability customer.'),
(20,'admit','Letter three possible past.'),
(21,'ok','Stay dinner serious of particular according.'),
(22,'agree','Sell remain mouth organization reason similar bed.'),
(23,'network','Spring organization back half office one positive.'),
(24,'director','Radio simple director agree source computer.'),
(25,'long','Tv listen TV charge ask.'),
(26,'cell','Environmental under person successful to idea kind window.'),
(27,'beautiful','Series team science treat green responsibility.'),
(28,'industry','Stay least seat use they.'),
(29,'news','World any important part.'),
(30,'image','Political many fill market the candidate.'),
(31,'whom','Production our argue return.'),
(32,'wind','Charge unit man material eye area decide.'),
(33,'affect','Soldier could store teach safe.'),
(34,'hot','Left condition least whose beat idea next.'),
(35,'music','Really require share citizen hope nature.'),
(36,'wall','Image factor sort.'),
(37,'parent','Half environment ago before provide memory.'),
(38,'game','Seat bill particularly mother price.'),
(39,'environment','Suffer instead street letter future.'),
(40,'less','Shoulder assume let challenge boy.'),
(41,'them','Within friend as beyond save field.'),
(42,'wife','Personal receive east big short.'),
(43,'remain','Yet worry listen experience.'),
(44,'likely','Least stand night.'),
(45,'until','Address particularly main around let.'),
(46,'measure','Machine door until both often and stock.'),
(47,'seat','Debate around clearly camera time.'),
(48,'according','Room maintain what general miss here positive political.'),
(49,'treat','Nice course win discuss.'),
(50,'agent','During approach drug great.'),
(51,'agency','Want difference data own control.'),
(52,'character','Check catch open glass.'),
(53,'three','You firm across.'),
(54,'else','Step than letter common back.'),
(55,'record','Actually likely book early piece year.'),
(56,'husband','Challenge than street ten.'),
(57,'morning','Serious because require hand spring.'),
(58,'one','Experience professor president step weight.'),
(59,'should','Reflect her tax.'),
(60,'drive','North my become until.'),
(61,'pull','Best nothing evening trip.'),
(62,'though','Religious building security fish leave specific our.'),
(63,'color','Close section week box item cup.'),
(64,'suffer','Everybody there reveal box.'),
(65,'trip','When plan pretty course need us.'),
(66,'market','Material bit suffer far example.'),
(67,'maintain','Memory commercial world detail meeting.'),
(68,'southern','Account blood interest relationship exactly compare approach.'),
(69,'from','Region direction do letter season.'),
(70,'mean','Another floor question soldier upon also budget.'),
(71,'establish','About model course action personal organization.'),
(72,'real','Certainly claim church shoulder peace thought media.'),
(73,'size','Tv argue threat medical eight.'),
(74,'key','Heavy day step laugh light current unit.'),
(75,'face','Story understand between door student green pass true.'),
(76,'Mr','Successful your foot heavy around herself.'),
(77,'new','When water newspaper.'),
(78,'current','Suffer good spend wife poor career.'),
(79,'down','Light threat tax rule relate themselves door.'),
(80,'three','Contain establish nearly modern travel fast.'),
(81,'sister','Later federal information yes scene perform speech.'),
(82,'teacher','Remember green follow.'),
(83,'church','Argue late break participant leave owner.'),
(84,'arm','Which image effect agent kind quality.'),
(85,'language','Religious national war later also.'),
(86,'course','Audience provide white door represent party news.'),
(87,'rate','Century tell social rich situation leave kid.'),
(88,'meeting','Anyone economic stay floor knowledge.'),
(89,'list','Record might level culture as.'),
(90,'at','Kitchen drug allow as.'),
(91,'woman','Nor along event turn political around suggest.'),
(92,'question','To section radio choice.'),
(93,'apply','Determine too media gas.'),
(94,'herself','Market radio know represent.'),
(95,'figure','Inside cold big together same.'),
(96,'building','Development better continue arrive way although inside.'),
(97,'back','Two vote travel message loss size pattern.'),
(98,'do','After growth account man officer.'),
(99,'board','Decide project concern and whose often.'),
(100,'within','Reason fight since these.'),
(101,'record','Car sometimes physical investment human join.'),
(102,'trade','Main alone look these.'),
(103,'none','Member you despite help summer while.'),
(104,'standard','Make hotel then collection recognize.'),
(105,'admit','Season hotel part drive financial.'),
(106,'feel','Drop skin shoulder people pattern with artist.'),
(107,'hospital','Office wear pattern fill computer listen necessary.'),
(108,'course','Coach market last movie.'),
(109,'popular','Soon student magazine tree whatever ball theory order.'),
(110,'defense','Military play door choice.'),
(111,'make','Style home wind popular change best.'),
(112,'hundred','Southern road here market.'),
(113,'nearly','The follow very office.'),
(114,'kid','Mission term break fact.'),
(115,'quality','Take news ground sea son skin.'),
(116,'series','Be force perform it plan citizen paper.'),
(117,'arrive','Goal meet company billion know her perhaps.'),
(118,'fast','Hour image work these.'),
(119,'indicate','Become subject what capital goal alone last.'),
(120,'bar','Plan store sport culture type usually or.'),
(121,'pattern','Even south number job purpose lose write.'),
(122,'church','State its south enough.'),
(123,'value','Their human soon where.'),
(124,'thank','Reflect reveal reveal message manager.'),
(125,'middle','Over themselves although listen nature.'),
(126,'current','Live national account what.'),
(127,'shake','Once whom turn five certain understand hour.'),
(128,'father','Decade show lot around adult.'),
(129,'simply','Allow customer team young officer traditional my.'),
(130,'make','Their trip generation bed.'),
(131,'eye','Often science also against quality.'),
(132,'provide','Pull international when organization many tree then.'),
(133,'receive','Garden degree rise others necessary increase.'),
(134,'certainly','High office would win tree result.'),
(135,'growth','Stop PM very someone wrong.'),
(136,'them','Respond technology yard describe.'),
(137,'through','Write score why next bill morning drop risk.'),
(138,'human','Wonder hard author court.'),
(139,'good','Discuss election fact check.'),
(140,'hospital','Fish head school bit stand field.'),
(141,'risk','Whole land middle often bed.'),
(142,'little','Man form draw entire where include walk rock.'),
(143,'six','House discover avoid unit.'),
(144,'difficult','Focus sure court suddenly option.'),
(145,'along','Attack like future yard let.'),
(146,'cause','Fly always natural arrive section gas step.'),
(147,'threat','Benefit rise defense hit box.'),
(148,'want','Eat likely not edge.'),
(149,'economy','Assume sell hit.'),
(150,'trip','The after one law against.'),
(151,'skill','She stand current listen he.'),
(152,'grow','Example build crime main place somebody across.'),
(153,'walk','Face product music type cause similar.'),
(154,'increase','Piece decision student can attorney box analysis cost.'),
(155,'action','Player budget state film art alone.'),
(156,'contain','Live particular response within.'),
(157,'increase','Protect do lot full.'),
(158,'either','Everybody moment yourself little.'),
(159,'guy','Game week spend statement.'),
(160,'call','Because agency involve.'),
(161,'do','From enter special affect would provide.'),
(162,'writer','Better low realize outside world president.'),
(163,'bill','Usually girl network boy.'),
(164,'music','Let TV high.'),
(165,'day','Consumer share visit.'),
(166,'probably','Avoid reach vote minute cultural force part.'),
(167,'bed','Myself side TV TV training.'),
(168,'brother','Member left capital movement.'),
(169,'fear','Mrs likely we medical certain.'),
(170,'off','Director natural opportunity everything oil fast.'),
(171,'must','Generation build hand lot.'),
(172,'plant','Enough war least part next.'),
(173,'start','During let doctor fact tree myself.'),
(174,'effect','Form claim size focus buy.'),
(175,'heart','Should similar home modern defense.'),
(176,'pattern','After environmental prove trouble alone discussion bring.'),
(177,'newspaper','Despite be town prevent now.'),
(178,'western','Song much light.'),
(179,'where','Man real agreement type man teach vote.'),
(180,'task','Real example success organization then.'),
(181,'think','Politics member wide purpose today.'),
(182,'interview','Low price relate myself scientist type.'),
(183,'fight','Figure into company opportunity table result.'),
(184,'management','Simple miss prevent good TV.'),
(185,'kid','Finally after financial pressure their.'),
(186,'scene','Case high give during read how west late.'),
(187,'property','Direction scene perhaps everybody Democrat color imagine rock.'),
(188,'product','Its stay no factor.'),
(189,'management','Treat enjoy baby opportunity.'),
(190,'ok','Out ability group too what industry morning.'),
(191,'Congress','Soon degree stay movie between degree.'),
(192,'couple','City skin worker dog available.'),
(193,'first','Join him parent machine put.'),
(194,'middle','Thing treat office myself just.'),
(195,'manager','Through what magazine everyone stay culture win.'),
(196,'trade','Service brother on police sit just best fact.'),
(197,'clear','Question class almost season religious.'),
(198,'above','Rather bank return interest answer collection second.'),
(199,'treatment','Painting hope many.'),
(200,'almost','Many trial hit local.'),
(201,'owner','Mention when sometimes more.'),
(202,'half','Part require skill sport those how door.'),
(203,'from','Forget and special bag boy.'),
(204,'religious','Interesting sister heavy spend.'),
(205,'house','Chair force partner happen heavy size.'),
(206,'bag','Cell listen bed.'),
(207,'community','Process miss where window safe nature best certainly.'),
(208,'population','Church home girl put figure full ago.'),
(209,'go','Class eight control smile recognize figure answer.'),
(210,'draw','Decide week mean phone member computer onto.'),
(211,'size','Shoulder claim conference team final speak any.'),
(212,'be','Spring draw force.'),
(213,'character','Million democratic teacher face.'),
(214,'herself','Sense subject development its side say.'),
(215,'discuss','Relate guess type church will set decide.'),
(216,'now','Sense many land campaign sense author and.'),
(217,'already','Claim physical move person benefit get.'),
(218,'specific','Agreement industry newspaper win when.'),
(219,'point','Travel day rich discussion street among.'),
(220,'follow','Market same draw still specific event study.'),
(221,'strategy','Along play read central tell likely until.'),
(222,'apply','Light while view situation and few.'),
(223,'tell','Little throughout life.'),
(224,'door','Morning son little develop level goal technology.'),
(225,'respond','Stage behavior significant north will local.'),
(226,'goal','Present road recently quickly.'),
(227,'notice','Ever example room security.'),
(228,'hour','Young visit over music training various upon.'),
(229,'red','Sit win system spend.'),
(230,'cut','Our season always late.'),
(231,'full','Stand also fall call.'),
(232,'serve','Must student political trade president.'),
(233,'day','Center although degree option manager realize thank.'),
(234,'air','Respond short contain include consumer house.'),
(235,'teacher','Follow enjoy behind bit thousand.'),
(236,'others','Pattern close degree late billion likely.'),
(237,'simply','Simply identify according author.'),
(238,'network','Scientist style church ten smile human evening.'),
(239,'happy','Support act practice level.'),
(240,'response','Response specific training town.'),
(241,'mission','Language kid maybe official article.'),
(242,'should','My garden blood approach cup.'),
(243,'sometimes','Task form herself own pretty help.'),
(244,'career','Every admit provide avoid.'),
(245,'experience','Yeah watch room design choice whole rich image.'),
(246,'quality','Feel worry policy ok against she paper.'),
(247,'detail','Analysis professor law physical once authority discuss.'),
(248,'suggest','Bag church so decision television.'),
(249,'treat','Energy tell blood skill affect you follow.'),
(250,'foreign','Seem establish agreement world.'),
(251,'though','History computer Republican behavior big.'),
(252,'high','Several above subject expect history.'),
(253,'painting','May hundred where wide lawyer suffer.'),
(254,'firm','Avoid recognize government issue yourself season.'),
(255,'into','Four some and exist.'),
(256,'traditional','Effort six local.'),
(257,'human','Size level Republican large hit central western.'),
(258,'term','Listen state middle rich quite.'),
(259,'situation','Include ability drug before.'),
(260,'your','Field expect recent Mr.'),
(261,'heavy','Phone employee choice decision wear radio have.'),
(262,'role','Effort worker cold mind keep indicate.'),
(263,'capital','Safe reduce student public.'),
(264,'bad','High section maybe Congress land.'),
(265,'either','Statement skin who success go success show.'),
(266,'young','Suffer you country parent night develop understand sit.'),
(267,'card','From security today skin better clear wonder.'),
(268,'enough','Difference city memory table according begin.'),
(269,'property','Try whether child.'),
(270,'ok','Month involve job billion down writer deep both.'),
(271,'and','Instead can conference true she.'),
(272,'own','On and court add bring more way.'),
(273,'happen','Hotel hold market material store resource avoid.'),
(274,'personal','Body environment word guy talk some feeling.'),
(275,'people','Knowledge candidate including back finish.'),
(276,'kind','Issue identify bar might ago.'),
(277,'hotel','Difference thank reality by toward accept what.'),
(278,'research','Time before practice community soon never.'),
(279,'recognize','Owner finish tonight animal.'),
(280,'against','When hair interest special start.'),
(281,'each','Information back yeah policy or.'),
(282,'them','Voice behavior find keep piece decision system north.'),
(283,'because','Ball protect best class.'),
(284,'build','Stop country article common staff.'),
(285,'win','Rule western thought.'),
(286,'site','Fire hotel blue much civil player the.'),
(287,'adult','Into color claim culture continue next challenge learn.'),
(288,'who','Style rather group region despite behind.'),
(289,'speak','Ready audience mention raise take.'),
(290,'former','House pressure could hospital.'),
(291,'so','Force show people billion property crime picture consumer.'),
(292,'computer','Role represent push charge tax military two.'),
(293,'wrong','International act performance management available moment.'),
(294,'outside','Likely give left us modern issue.'),
(295,'order','Individual understand president trial different consumer.'),
(296,'enter','Family decade throw long still.'),
(297,'property','Measure production song heavy board.'),
(298,'garden','Serious ago finish material worker.'),
(299,'wait','Common a few man blood exist war Republican.'),
(300,'natural','Then nor fear.'),
(301,'situation','Cold maybe community wish.'),
(302,'role','Bank score region first too professional.'),
(303,'area','North partner truth.'),
(304,'scene','Teacher newspaper speak rate carry end turn.'),
(305,'later','Treatment several for we possible.'),
(306,'turn','Force if left begin blood watch.'),
(307,'truth','Management house head practice ago minute.'),
(308,'former','Society visit whose call box financial.'),
(309,'information','Million effort Mrs.'),
(310,'politics','Offer high wall million financial usually.'),
(311,'similar','Range example beautiful reflect three cold much.'),
(312,'law','Agent in property case ten senior form.'),
(313,'crime','System situation order staff floor should.'),
(314,'probably','Age soon sense add.'),
(315,'past','Least mention dog sit especially discussion medical.'),
(316,'onto','Admit security very value trouble treatment amount fight.'),
(317,'next','Feel physical receive.'),
(318,'along','Board last morning perform suffer piece.'),
(319,'toward','Firm law factor protect door.'),
(320,'factor','Day heart voice pressure home deep.'),
(321,'everybody','Last close south control speech amount personal.'),
(322,'happen','Dark argue quality call imagine in.'),
(323,'pass','Fly future together quickly camera provide.'),
(324,'account','Rise majority may fine ground response myself.'),
(325,'would','Win cost game civil police.'),
(326,'think','View suffer white Democrat report.'),
(327,'partner','Operation number pull no.'),
(328,'town','Surface she shake subject manage become box.'),
(329,'stock','Generation discuss foot ready course.'),
(330,'across','Green pressure assume smile begin.'),
(331,'once','Sit focus military strong like.'),
(332,'indicate','Truth eight view sing.'),
(333,'send','Heart wrong soldier month water particularly.'),
(334,'west','Somebody state movie appear suggest accept read.'),
(335,'quickly','Bring despite ready sit especially local.'),
(336,'discussion','Language attorney water effort house small answer rock.'),
(337,'food','Somebody yes woman blue story.'),
(338,'either','Certainly technology culture team rate.'),
(339,'reality','Performance watch water part the.'),
(340,'ball','Build threat behind fact.'),
(341,'father','Dark claim purpose wall Republican medical check open.'),
(342,'project','Here girl report find.'),
(343,'unit','Affect hair much cell maybe appear.'),
(344,'or','Effort dinner stuff increase reason south indeed.'),
(345,'team','Fast campaign local now summer.'),
(346,'poor','Question per effect remember.'),
(347,'from','Who subject make particularly tell help town.'),
(348,'still','Yet style ball we college nice young.'),
(349,'hit','Upon easy democratic with according.'),
(350,'during','Month instead address citizen production.'),
(351,'week','Although everything I prepare rest chance wonder lawyer.'),
(352,'soldier','Hit leg involve heart billion wear.'),
(353,'town','Military surface kitchen must well.'),
(354,'wrong','Soon student difficult decision ago free determine.'),
(355,'capital','Election collection standard street develop.'),
(356,'first','Among speech charge employee leader movement though.'),
(357,'note','Real beat out different expert analysis.'),
(358,'resource','Feel TV say if.'),
(359,'resource','Sport hospital remember half treat plan they.'),
(360,'local','Expect pattern doctor serious choice give.'),
(361,'up','Its lose speak television accept style product.'),
(362,'into','There road concern visit anything house section.'),
(363,'pass','Bed purpose short list sea.'),
(364,'understand','Make performance government give.'),
(365,'trouble','Friend total fire could improve network data.'),
(366,'consider','Through blood kind.'),
(367,'edge','Analysis like arrive election quite defense.'),
(368,'step','Adult professor final situation form.'),
(369,'arrive','Have husband sense even power.'),
(370,'course','Baby training official.'),
(371,'describe','Agency campaign continue to someone concern.'),
(372,'business','To Mrs want care.'),
(373,'stock','Create authority individual.'),
(374,'listen','Entire describe some another probably sister role.'),
(375,'though','Activity factor leg south.'),
(376,'every','Event job plant risk eye view shoulder.'),
(377,'off','Front billion card its suggest.'),
(378,'conference','These list phone old.'),
(379,'east','Collection western occur cause feeling.'),
(380,'specific','Three four myself bed paper page wrong everything.'),
(381,'whatever','Specific subject late success begin three hear.'),
(382,'poor','Between where wind suffer.'),
(383,'sure','Well sister international director suffer.'),
(384,'less','She stage head thus region.'),
(385,'least','Leave specific everything once adult specific generation.'),
(386,'east','Paper quality nearly long improve over list plant.'),
(387,'moment','Determine road since enough customer your too.'),
(388,'single','Executive rate probably southern.'),
(389,'early','Near by during same standard.'),
(390,'a','Hotel point great sea.'),
(391,'term','Score together explain capital base style.'),
(392,'so','Bed opportunity however.'),
(393,'fire','Current stop newspaper my standard.'),
(394,'maybe','Imagine note message follow concern.'),
(395,'thought','Citizen focus each treatment wear.'),
(396,'candidate','Decade just speak theory majority.'),
(397,'generation','End condition old maybe game yes game.'),
(398,'avoid','Girl position let push.'),
(399,'ability','During us act successful force theory finally news.'),
(400,'conference','Finish sign visit wrong.'),
(401,'seem','Last development clear according.'),
(402,'clearly','Better man raise sit political say.'),
(403,'first','World economy professional spend reveal.'),
(404,'network','Amount study meeting civil even court color.'),
(405,'certainly','Development beautiful ready impact than standard.'),
(406,'mind','Explain memory gas become.'),
(407,'marriage','Now whatever blood away star.'),
(408,'usually','Check future reveal someone cause then.'),
(409,'head','Ago record fine prepare past mission least.'),
(410,'inside','Head kitchen page democratic debate everything realize.'),
(411,'of','National that cost music.'),
(412,'rest','Parent laugh nature wish analysis agreement.'),
(413,'must','Threat light huge.'),
(414,'young','Yeah onto discuss choose.'),
(415,'player','Head style too rest energy music culture.'),
(416,'per','American account both last.'),
(417,'throughout','Despite mind level.'),
(418,'enjoy','Thank less detail cup.'),
(419,'front','Clear anyone charge five.'),
(420,'during','Enough ready understand share reduce quickly us.'),
(421,'hotel','Sense north money he business newspaper professional.'),
(422,'especially','Model yard under north fill network.'),
(423,'machine','Technology remain nice fast effect tax large purpose.'),
(424,'day','Feeling national pull teacher that process themselves.'),
(425,'right','Case toward role few enter.'),
(426,'thing','While only meeting decade let.'),
(427,'husband','Their raise record painting reality factor.'),
(428,'none','Peace world recognize very lay.'),
(429,'specific','Across degree bill kind finish such house sometimes.'),
(430,'capital','Perhaps discover now turn activity five.'),
(431,'while','Activity boy coach cause factor act.'),
(432,'group','Administration politics issue kind east begin.'),
(433,'wrong','Few clearly your environmental.'),
(434,'may','Necessary employee hear deep level yard morning.'),
(435,'deep','Great wrong movie man build necessary.'),
(436,'much','Leg source then give add lot.'),
(437,'country','Fill approach behavior ask north front.'),
(438,'factor','Message special better whatever.'),
(439,'around','Size bad now create real animal himself.'),
(440,'blood','Scene name all want deep.'),
(441,'expect','Ten today attorney social.'),
(442,'something','Crime per trade recently foot.'),
(443,'by','Discussion defense fund success yard owner tonight leave.'),
(444,'group','Student ten for walk.'),
(445,'large','Member memory space learn already wear still.'),
(446,'challenge','Wide major a situation produce say four.'),
(447,'point','Wall range property attention my recognize.'),
(448,'cultural','Suddenly author range interview.'),
(449,'people','Hear election may fill throw purpose.'),
(450,'watch','Old goal on.'),
(451,'kind','Traditional education Congress now top thank.'),
(452,'order','Fight quickly again.'),
(453,'relate','Data trouble after effect case response finish.'),
(454,'produce','Process those seem increase human thus.'),
(455,'apply','Training throughout need blood sense.'),
(456,'program','Financial amount economy sign subject imagine.'),
(457,'poor','Wonder remain red fund forget.'),
(458,'guess','Per born attention front establish cell discuss.'),
(459,'support','Policy trouble choose identify thus.'),
(460,'travel','Without name spend hard leader resource write.'),
(461,'customer','Explain but wrong.'),
(462,'choice','Arrive response catch already else.'),
(463,'born','Account center data.'),
(464,'building','Politics word kid trouble television various college.'),
(465,'happen','Whole argue professor upon reduce PM value.'),
(466,'discussion','Involve popular stop shake because goal range may.'),
(467,'radio','Performance well remain save story significant nothing.'),
(468,'pull','Lawyer mouth thus anything.'),
(469,'cup','Or yeah former sport line house social.'),
(470,'above','Sport improve more collection across.'),
(471,'record','Stay much point enough eight.'),
(472,'radio','Dream case on hair per.'),
(473,'while','Beat discussion address identify room southern.'),
(474,'week','Sea have modern use least term sign.'),
(475,'partner','Together Congress everyone expert reduce so.'),
(476,'well','Nor beyond child none remain.'),
(477,'health','Reach employee professor story.'),
(478,'whom','Campaign again true agent there instead.'),
(479,'same','However per again part.'),
(480,'newspaper','Just season necessary administration.'),
(481,'particularly','Five address million hold year wonder.'),
(482,'not','Beyond nearly example customer west these mean.'),
(483,'character','Wish stand network debate right morning.'),
(484,'two','Out key last suggest she image.'),
(485,'kind','Front close present industry until.'),
(486,'employee','Begin spring evening.'),
(487,'threat','While attorney because benefit team part.'),
(488,'scene','Tough recently song certainly grow.'),
(489,'but','Institution sign card heart administration make.'),
(490,'score','Report entire consumer administration.'),
(491,'section','Everybody amount woman character man maintain data.'),
(492,'owner','Buy pay language page probably.'),
(493,'room','Old business on modern in in.'),
(494,'maintain','Operation young deal call.'),
(495,'wind','Nor at before.'),
(496,'lose','Increase bank that.'),
(497,'into','Only see though evening.'),
(498,'maybe','Red three next.'),
(499,'senior','Grow full public.'),
(500,'any','But pressure position court note item paper develop.'),
(501,'public','Word away place wife.'),
(502,'speak','Against material clear evening thousand each no.'),
(503,'senior','Candidate between camera member strong heavy low movement.'),
(504,'style','Least method item shake.'),
(505,'cover','Wind law forget life collection employee.'),
(506,'five','Task baby large cause.'),
(507,'picture','Determine modern remain sit they.'),
(508,'really','Offer campaign statement share during.'),
(509,'expert','Many boy into.'),
(510,'fact','Peace thing respond into health.'),
(511,'visit','Tough man better voice though sense.'),
(512,'police','Few eye meeting social.'),
(513,'street','Thus wife middle audience happen most to TV.'),
(514,'mean','Administration receive fish religious off evening anything once.'),
(515,'character','Instead remain total.'),
(516,'produce','Price also at material two hair.'),
(517,'network','Form leave cultural American.'),
(518,'kid','Lead and here crime than well education.'),
(519,'prevent','Cover along south career suffer spring eight.'),
(520,'machine','Body time head cup when rich.'),
(521,'treatment','People public although there course sort group.'),
(522,'ready','Their develop sometimes reach change team almost.'),
(523,'hotel','Because police note research available place most too.'),
(524,'fund','Push strong memory of likely.'),
(525,'military','Serve record charge return.'),
(526,'win','Direction old such learn race pay general.'),
(527,'foreign','Rest cell would similar peace beat lay cell.'),
(528,'dark','Great under group size then year.'),
(529,'improve','Sit those some staff result fish.'),
(530,'again','Real present them article table case.'),
(531,'place','Doctor air plant science candidate strategy challenge represent.'),
(532,'research','Unit discussion modern story ground bag include.'),
(533,'I','Institution push since almost much add.'),
(534,'record','Action drive foot finish guy ability imagine.'),
(535,'movie','Ability play easy air purpose.'),
(536,'full','Exist culture name stand less sea.'),
(537,'pretty','Air finally director really song state style.'),
(538,'seek','Realize party agree provide could lot wide.'),
(539,'century','Claim page this pull company student ready six.'),
(540,'stop','Admit require lay hour front operation us.'),
(541,'name','Who statement TV safe although old difficult drive.'),
(542,'near','Add wonder talk subject.'),
(543,'bar','Year late fact white strong senior watch.'),
(544,'successful','Generation both instead collection commercial.'),
(545,'throughout','Third material performance spend adult blue especially.'),
(546,'movement','Us senior team call small without.'),
(547,'make','City often conference method recognize cost cold.'),
(548,'fund','Bring bank how soldier.'),
(549,'interest','Meeting interview traditional million section value majority.'),
(550,'training','Enough defense really wall.'),
(551,'audience','Camera security production its.'),
(552,'data','Foot capital parent stage piece.'),
(553,'often','Inside tend star according.'),
(554,'stuff','Shake buy run.'),
(555,'score','Your law necessary green show.'),
(556,'outside','Actually down eat these skill financial.'),
(557,'along','Industry water art that.'),
(558,'wonder','None song win car.'),
(559,'miss','Quite food often research.'),
(560,'benefit','Draw race art natural player born.'),
(561,'water','Into bring see organization free.'),
(562,'until','Our reason sometimes east southern miss.'),
(563,'interesting','Why risk player fly church.'),
(564,'reason','Month whose face newspaper natural.'),
(565,'like','Career skill first and along example.'),
(566,'phone','Thank myself write administration Democrat but trade trip.'),
(567,'make','Want tough there force leg.'),
(568,'story','Send accept run.'),
(569,'side','Relate threat analysis quite heart wait.'),
(570,'brother','Fire source final education act trade alone.'),
(571,'painting','Hair member account.'),
(572,'cell','Value wear build blue.'),
(573,'miss','Its four world discover character.'),
(574,'politics','Green special catch particular should budget area question.'),
(575,'group','Send analysis mouth.'),
(576,'social','Why claim show investment movie once.'),
(577,'paper','Second can eight.'),
(578,'hospital','Special city quickly.'),
(579,'continue','Continue bank top institution.'),
(580,'without','Clear media network consumer.'),
(581,'thus','Project agency never necessary.'),
(582,'increase','Where hotel or rich.'),
(583,'his','Interview court to memory increase century newspaper.'),
(584,'wall','If various yeah somebody.'),
(585,'image','Create report message.'),
(586,'until','Society like chair nice usually partner.'),
(587,'leave','Class ask local family for school.'),
(588,'heart','Ten pretty plan.'),
(589,'determine','Nation wish media TV often policy child.'),
(590,'hit','Whom speech fire future see few.'),
(591,'matter','Citizen hold individual assume.'),
(592,'science','Size various player line trouble finally space.'),
(593,'have','Fast myself this reach difficult statement in.'),
(594,'yard','Risk floor lead future figure responsibility.'),
(595,'west','Less let career bank.'),
(596,'method','And task report blood know magazine question.'),
(597,'whose','Quality risk time that gas beautiful.'),
(598,'important','Station common whose standard letter national involve.'),
(599,'happen','Money local step matter officer argue thousand.'),
(600,'truth','Base available face who center radio education likely.');
/*!40000 ALTER TABLE `daily_activities` ENABLE KEYS */;
UNLOCK TABLES;
commit;

--
-- Table structure for table `daily_activity_enrolments`
--

DROP TABLE IF EXISTS `daily_activity_enrolments`;
/*!40101 SET @saved_cs_client     = @@character_set_client */;
/*!40101 SET character_set_client = utf8mb4 */;
CREATE TABLE `daily_activity_enrolments` (
  `daily_activity_id` int(11) NOT NULL,
  `user_id` int(11) NOT NULL,
  PRIMARY KEY (`daily_activity_id`,`user_id`),
  KEY `user_id` (`user_id`),
  CONSTRAINT `daily_activity_enrolments_ibfk_1` FOREIGN KEY (`daily_activity_id`) REFERENCES `daily_activities` (`id`),
  CONSTRAINT `daily_activity_enrolments_ibfk_2` FOREIGN KEY (`user_id`) REFERENCES `users` (`id`)
) ENGINE=InnoDB DEFAULT CHARSET=utf8mb4 COLLATE=utf8mb4_unicode_ci;
/*!40101 SET character_set_client = @saved_cs_client */;

--
-- Dumping data for table `daily_activity_enrolments`
--

LOCK TABLES `daily_activity_enrolments` WRITE;
/*!40000 ALTER TABLE `daily_activity_enrolments` DISABLE KEYS */;
set autocommit=0;
INSERT INTO `daily_activity_enrolments` VALUES
(127,1),
(128,3),
(133,3),
(321,3),
(470,4),
(288,5),
(513,5),
(570,7),
(265,9),
(566,11),
(441,12),
(338,15),
(391,16),
(346,17),
(595,17),
(542,18),
(572,18),
(196,19),
(374,19),
(489,20),
(163,22),
(518,22),
(254,23),
(365,23),
(369,27),
(446,27),
(453,27),
(120,29),
(306,30),
(282,32),
(221,33),
(599,34),
(535,35),
(335,38),
(264,40),
(324,40),
(161,43),
(388,44),
(392,46),
(106,48),
(259,49),
(571,51),
(598,52),
(452,55),
(515,55),
(420,57),
(110,59),
(336,60),
(550,60),
(500,62),
(139,63),
(294,63),
(310,63),
(350,64),
(534,67),
(194,68),
(148,72),
(243,73),
(247,73),
(162,75),
(531,75),
(255,77),
(541,77),
(463,78),
(492,78),
(238,79),
(315,79),
(217,80),
(408,81),
(412,81),
(557,81),
(131,83),
(320,83),
(151,84),
(190,84),
(252,85),
(383,85),
(428,85),
(302,88),
(556,88),
(503,90),
(539,90),
(384,91),
(504,92),
(367,93),
(456,93),
(450,94),
(222,95),
(342,95),
(115,98),
(235,98),
(372,99),
(421,99),
(276,101),
(260,103),
(332,104),
(584,106),
(193,107),
(375,107),
(157,108),
(144,111),
(244,112),
(164,113),
(249,115),
(597,115),
(232,117),
(573,119),
(305,120),
(585,120),
(587,120),
(370,121),
(498,121),
(522,121),
(533,121),
(490,122),
(362,123),
(363,123),
(538,124),
(546,125),
(292,126),
(464,126),
(477,126),
(286,129),
(487,129),
(129,130),
(472,130),
(494,130),
(343,132),
(393,132),
(308,134),
(109,135),
(206,135),
(246,135),
(517,135),
(389,136),
(426,136),
(150,138),
(177,138),
(548,138),
(429,139),
(394,140),
(445,140),
(447,140),
(229,143),
(368,143),
(318,144),
(328,144),
(458,149),
(404,151),
(439,152),
(509,153),
(167,155),
(242,156),
(271,156),
(214,157),
(284,160),
(198,163),
(263,164),
(474,164),
(387,165),
(526,165),
(309,166),
(451,169),
(506,169),
(186,170),
(152,171),
(171,172),
(580,172),
(440,173),
(401,175),
(586,175),
(457,178),
(425,179),
(562,179),
(555,182),
(165,185),
(466,187),
(508,188),
(200,189),
(460,189),
(578,190),
(122,191),
(107,192),
(234,192),
(373,192),
(104,193),
(480,193),
(301,194),
(543,197),
(241,198),
(312,198),
(102,199),
(423,199),
(201,200),
(257,200),
(352,201),
(433,201),
(516,201),
(300,202),
(385,202),
(174,203),
(449,205),
(361,207),
(559,209),
(154,210),
(402,213),
(204,216),
(476,216),
(274,217),
(486,217),
(579,217),
(147,219),
(459,219),
(574,219),
(379,220),
(575,221),
(126,226),
(413,230),
(521,230),
(554,230),
(215,232),
(311,232),
(424,232),
(135,233),
(225,233),
(455,233),
(145,234),
(211,237),
(218,237),
(266,237),
(299,237),
(565,237),
(569,238),
(159,246),
(418,246),
(323,247),
(355,250),
(280,253),
(567,255),
(273,257),
(536,261),
(213,263),
(269,263),
(378,266),
(473,266),
(558,266),
(297,267),
(468,267),
(475,267),
(168,268),
(564,268),
(576,269),
(250,270),
(344,271),
(354,272),
(313,273),
(590,273),
(442,275),
(226,276),
(180,277),
(278,277),
(118,282),
(520,282),
(262,283),
(331,283),
(339,283),
(382,283),
(501,283),
(525,283),
(551,283),
(314,284),
(175,285),
(434,286),
(530,286),
(212,290),
(298,290),
(337,291),
(479,291),
(510,291),
(237,292),
(583,293),
(183,295),
(199,295),
(341,297),
(184,298),
(178,299),
(210,299),
(527,299),
(592,299),
(427,300),
(270,302),
(195,303),
(224,303),
(588,303),
(141,304),
(381,304),
(169,305),
(192,305),
(351,305),
(511,305),
(359,306),
(549,307),
(467,308),
(108,309),
(483,309),
(105,314),
(149,314),
(172,314),
(327,315),
(594,315),
(116,316),
(380,316),
(561,316),
(160,317),
(435,317),
(356,318),
(444,319),
(544,319),
(411,321),
(304,322),
(422,324),
(482,324),
(497,324),
(283,325),
(403,326),
(240,327),
(227,328),
(432,329),
(245,330),
(267,331),
(268,331),
(600,331),
(371,334),
(438,334),
(553,334),
(366,335),
(461,335),
(519,335),
(216,336),
(377,337),
(443,338),
(582,339),
(272,340),
(524,342),
(415,344),
(399,345),
(281,346),
(348,346),
(431,347),
(156,348),
(188,348),
(179,349),
(499,349),
(137,350),
(333,351),
(231,352),
(295,352),
(287,353),
(296,353),
(329,353),
(485,354),
(410,355),
(316,357),
(112,360),
(577,360),
(502,361),
(325,362),
(552,366),
(469,367),
(523,367),
(591,369),
(481,371),
(491,372),
(330,373),
(448,374),
(545,375),
(142,376),
(593,376),
(197,377),
(119,378),
(353,378),
(253,379),
(349,381),
(256,386),
(507,388),
(537,388),
(117,389),
(181,389),
(208,390),
(407,390),
(124,391),
(484,391),
(173,393),
(488,393),
(547,393),
(113,394),
(219,394),
(395,394),
(158,395),
(277,397),
(134,398),
(101,399),
(275,399),
(406,399),
(414,400),
(409,401),
(397,403),
(189,406),
(589,406),
(471,407),
(512,408),
(143,409),
(176,411),
(290,412),
(532,412),
(345,414),
(153,415),
(132,416),
(182,416),
(360,416),
(596,419),
(220,420),
(419,422),
(326,423),
(114,425),
(436,425),
(454,425),
(528,425),
(493,427),
(495,427),
(560,427),
(416,428),
(130,429),
(251,436),
(103,438),
(581,438),
(155,439),
(209,440),
(289,440),
(285,441),
(529,441),
(191,442),
(279,443),
(303,444),
(540,444),
(125,445),
(319,445),
(396,445),
(187,446),
(121,447),
(505,447),
(398,448),
(293,451),
(203,452),
(248,452),
(347,452),
(166,453),
(376,455),
(358,458),
(230,461),
(185,462),
(291,462),
(239,463),
(568,464),
(465,467),
(563,467),
(233,469),
(207,471),
(202,472),
(322,472),
(334,473),
(478,473),
(417,474),
(236,478),
(170,479),
(146,480),
(514,480),
(223,482),
(390,482),
(364,484),
(386,484),
(405,484),
(111,485),
(123,485),
(261,486),
(136,487),
(205,488),
(307,488),
(138,489),
(140,489),
(258,489),
(357,491),
(340,492),
(496,492),
(400,493),
(437,494),
(430,495),
(462,495),
(317,499),
(228,500);
/*!40000 ALTER TABLE `daily_activity_enrolments` ENABLE KEYS */;
UNLOCK TABLES;
commit;

--
-- Table structure for table `idea_votes`
--

DROP TABLE IF EXISTS `idea_votes`;
/*!40101 SET @saved_cs_client     = @@character_set_client */;
/*!40101 SET character_set_client = utf8mb4 */;
CREATE TABLE `idea_votes` (
  `voter_user_id` int(11) NOT NULL,
  `idea_id` int(11) NOT NULL,
  `type` tinyint(1) DEFAULT NULL,
  PRIMARY KEY (`voter_user_id`,`idea_id`),
  KEY `idea_id` (`idea_id`),
  CONSTRAINT `idea_votes_ibfk_1` FOREIGN KEY (`voter_user_id`) REFERENCES `users` (`id`),
  CONSTRAINT `idea_votes_ibfk_2` FOREIGN KEY (`idea_id`) REFERENCES `ideas` (`id`)
) ENGINE=InnoDB DEFAULT CHARSET=utf8mb4 COLLATE=utf8mb4_unicode_ci;
/*!40101 SET character_set_client = @saved_cs_client */;

--
-- Dumping data for table `idea_votes`
--

LOCK TABLES `idea_votes` WRITE;
/*!40000 ALTER TABLE `idea_votes` DISABLE KEYS */;
set autocommit=0;
INSERT INTO `idea_votes` VALUES
(1,130,1),
(1,224,1),
(1,227,0),
(1,247,0),
(2,234,0),
(2,476,0),
(3,123,0),
(3,393,1),
(4,138,1),
(4,500,0),
(5,75,1),
(5,451,1),
(6,220,1),
(6,342,1),
(7,72,1),
(7,282,1),
(8,91,1),
(8,363,1),
(8,465,1),
(9,228,1),
(10,190,1),
(10,386,0),
(12,23,1),
(12,248,1),
(12,362,1),
(13,256,1),
(13,310,0),
(13,406,1),
(13,420,1),
(13,485,1),
(14,100,0),
(14,325,0),
(14,376,1),
(15,222,0),
(15,269,0),
(16,288,0),
(16,354,0),
(17,237,0),
(17,321,1),
(17,323,0),
(18,9,1),
(18,156,1),
(18,323,1),
(18,453,1),
(19,16,0),
(19,344,0),
(20,35,0),
(20,128,0),
(20,292,0),
(21,309,1),
(21,453,0),
(22,476,0),
(23,371,0),
(24,288,0),
(25,70,1),
(25,416,0),
(26,31,0),
(26,399,1),
(27,4,1),
(27,13,1),
(27,26,0),
(27,242,0),
(27,258,1),
(27,484,1),
(28,117,1),
(28,318,1),
(28,445,0),
(29,27,0),
(29,338,1),
(31,270,0),
(32,422,1),
(33,59,1),
(33,61,1),
(33,472,1),
(34,250,1),
(36,343,1),
(36,468,0),
(37,177,1),
(37,192,1),
(37,382,1),
(38,157,1),
(39,220,1),
(40,409,0),
(41,181,1),
(41,289,0),
(41,384,1),
(41,494,1),
(42,263,0),
(42,391,1),
(42,448,1),
(43,368,1),
(44,391,1),
(46,463,1),
(48,263,0),
(48,360,0),
(48,417,0),
(48,466,0),
(49,75,1),
(49,160,0),
(49,242,0),
(49,481,1),
(50,72,1),
(50,76,1),
(50,150,0),
(50,255,1),
(50,333,0),
(50,366,0),
(50,421,0),
(51,112,1),
(51,246,1),
(51,345,0),
(52,96,0),
(52,253,1),
(52,285,1),
(53,232,0),
(54,21,0),
(55,17,1),
(55,237,1),
(55,244,0),
(56,98,1),
(57,119,0),
(57,392,0),
(57,414,0),
(57,425,1),
(58,210,0),
(58,264,0),
(58,275,1),
(58,374,0),
(59,323,0),
(60,77,1),
(61,110,0),
(61,265,0),
(61,286,1),
(61,417,0),
(62,393,0),
(62,453,1),
(63,282,0),
(63,407,0),
(65,378,1),
(67,111,1),
(67,112,0),
(67,246,0),
(68,16,1),
(68,151,1),
(68,444,0),
(69,447,1),
(69,470,0),
(70,291,1),
(70,468,1),
(71,73,0),
(71,120,0),
(71,462,0),
(72,222,1),
(73,104,0),
(73,193,1),
(73,332,0),
(74,187,0),
(75,268,1),
(75,363,0),
(76,6,1),
(76,88,1),
(76,294,0),
(76,346,0),
(77,421,1),
(77,423,0),
(81,176,1),
(81,353,0),
(82,49,1),
(82,59,1),
(82,334,1),
(82,406,0),
(82,429,0),
(82,446,1),
(83,28,1),
(83,333,1),
(84,266,1),
(84,275,0),
(84,320,0),
(84,340,0),
(84,446,0),
(85,59,1),
(85,64,0),
(86,18,1),
(86,46,0),
(86,363,0),
(86,486,0),
(87,131,0),
(87,155,0),
(87,262,0),
(87,311,0),
(88,139,1),
(88,171,0),
(88,350,0),
(88,417,0),
(90,153,1),
(91,311,0),
(91,369,0),
(92,122,1),
(93,243,1),
(93,417,0),
(94,17,1),
(94,214,1),
(94,303,0),
(95,152,0),
(95,265,0),
(96,436,0),
(96,478,1),
(97,51,0),
(98,89,0),
(98,109,1),
(99,17,0),
(99,21,0),
(99,330,0),
(100,194,0),
(100,285,1),
(100,427,0),
(101,24,1),
(101,215,1),
(101,342,1),
(101,365,1),
(102,100,1),
(102,152,0),
(102,284,0),
(103,19,1),
(103,307,0),
(104,78,1),
(104,332,0),
(104,494,0),
(105,10,0),
(106,32,0),
(106,438,1),
(106,497,1),
(107,471,1),
(109,105,0),
(110,319,1),
(110,389,0),
(111,153,0),
(112,72,0),
(113,202,0),
(113,452,0),
(114,285,1),
(115,20,1),
(115,497,0),
(116,86,1),
(116,283,1),
(116,388,1),
(117,325,1),
(117,328,1),
(117,340,0),
(117,411,0),
(118,48,1),
(118,63,0),
(118,98,0),
(118,161,1),
(118,249,1),
(118,434,1),
(118,498,0),
(119,407,1),
(121,456,0),
(122,273,1),
(123,72,0),
(123,175,0),
(123,364,1),
(124,3,1),
(124,41,0),
(124,140,0),
(124,142,0),
(124,343,0),
(124,413,1),
(124,416,0),
(125,414,1),
(126,198,1),
(126,475,1),
(128,78,0),
(129,148,1),
(129,475,1),
(130,226,1),
(131,8,0),
(131,17,0),
(131,51,1),
(131,82,1),
(131,88,1),
(131,353,0),
(132,74,1),
(132,95,0),
(132,233,1),
(132,289,0),
(135,340,1),
(135,419,1),
(136,66,0),
(136,106,0),
(136,126,0),
(136,188,0),
(136,359,1),
(137,75,1),
(137,476,1),
(138,297,1),
(139,226,1),
(139,246,0),
(140,301,0),
(140,321,0),
(141,349,1),
(141,404,1),
(142,113,1),
(142,369,0),
(143,202,1),
(144,77,1),
(145,67,0),
(145,314,0),
(145,340,1),
(145,372,1),
(145,395,1),
(146,41,0),
(146,484,1),
(147,66,1),
(147,370,0),
(147,378,1),
(148,26,0),
(148,396,0),
(149,94,1),
(149,426,1),
(149,435,1),
(150,306,1),
(150,437,0),
(151,109,0),
(151,379,1),
(151,388,0),
(151,417,1),
(151,437,1),
(151,446,1),
(152,111,0),
(152,285,1),
(152,369,0),
(152,426,1),
(152,451,1),
(153,387,1),
(153,418,1),
(154,290,0),
(154,408,0),
(155,365,1),
(155,436,1),
(156,111,0),
(157,404,0),
(157,482,0),
(158,25,0),
(158,315,1),
(158,331,1),
(159,364,1),
(160,41,1),
(162,379,0),
(162,460,0),
(163,140,1),
(163,244,1),
(163,330,0),
(163,397,1),
(163,472,1),
(164,35,1),
(164,108,0),
(164,181,1),
(164,236,0),
(164,499,0),
(166,9,0),
(166,337,1),
(167,222,0),
(167,237,1),
(167,396,0),
(168,171,0),
(168,182,1),
(169,41,1),
(169,154,0),
(169,164,0),
(169,480,1),
(170,40,0),
(170,137,1),
(172,232,1),
(172,279,0),
(174,26,1),
(174,255,0),
(175,149,1),
(175,322,1),
(176,105,1),
(176,413,1),
(178,313,0),
(178,476,1),
(179,162,0),
(179,313,1),
(179,404,0),
(180,42,0),
(180,118,0),
(180,237,1),
(180,497,1),
(181,451,1),
(182,132,0),
(182,189,0),
(183,458,0),
(184,11,1),
(184,255,1),
(184,297,1),
(186,471,1),
(187,234,0),
(187,497,1),
(188,11,0),
(188,141,0),
(188,160,1),
(188,176,0),
(188,200,1),
(188,251,0),
(189,251,1),
(189,403,0),
(190,342,1),
(190,487,1),
(191,80,0),
(192,265,1),
(193,141,1),
(193,225,1),
(193,378,1),
(193,432,0),
(194,31,0),
(194,123,0),
(195,491,0),
(196,108,0),
(196,309,1),
(197,5,1),
(197,285,0),
(197,302,0),
(197,368,1),
(197,374,1),
(198,225,0),
(198,342,1),
(198,400,1),
(200,363,1),
(201,19,0),
(201,46,0),
(201,63,0),
(201,106,0),
(201,469,1),
(202,374,0),
(203,55,1),
(204,14,1),
(204,225,1),
(204,379,1),
(205,245,0),
(205,384,0),
(206,153,0),
(206,389,0),
(206,430,0),
(207,198,1),
(207,228,0),
(207,388,0),
(208,44,1),
(208,93,1),
(210,86,0),
(210,186,1),
(210,471,1),
(211,187,1),
(211,285,1),
(211,473,1),
(212,362,1),
(213,26,1),
(213,248,0),
(213,319,0),
(213,371,1),
(214,148,1),
(214,449,0),
(215,183,1),
(215,364,0),
(215,411,1),
(216,471,0),
(217,166,0),
(218,63,0),
(218,388,1),
(219,246,1),
(220,79,1),
(220,194,1),
(220,457,1),
(221,342,0),
(222,196,1),
(222,201,1),
(222,219,1),
(222,328,0),
(223,78,0),
(223,342,0),
(224,4,1),
(225,25,1),
(225,91,0),
(225,142,1),
(225,145,1),
(225,396,0),
(226,211,1),
(226,302,0),
(228,88,0),
(228,131,1),
(228,493,1),
(229,152,1),
(229,248,0),
(229,278,0),
(230,329,0),
(230,413,0),
(231,247,0),
(232,350,0),
(233,273,1),
(235,381,0),
(236,207,1),
(237,212,0),
(237,287,0),
(239,321,1),
(240,71,0),
(241,65,1),
(243,89,0),
(243,281,1),
(243,489,0),
(244,9,1),
(244,93,0),
(244,430,1),
(245,193,1),
(247,81,0),
(247,128,1),
(249,187,1),
(249,255,0),
(249,437,1),
(250,381,1),
(250,385,0),
(250,439,0),
(251,312,0),
(251,333,1),
(252,31,0),
(252,330,1),
(252,487,1),
(253,110,0),
(253,227,1),
(253,302,1),
(254,374,0),
(254,445,0),
(255,130,1),
(256,73,0),
(256,262,1),
(257,137,0),
(257,163,0),
(257,270,1),
(257,420,1),
(257,424,1),
(258,224,1),
(258,349,1),
(259,89,1),
(259,340,0),
(259,378,0),
(259,462,1),
(260,11,1),
(260,54,1),
(260,298,0),
(261,114,1),
(261,143,0),
(261,310,0),
(261,327,0),
(261,331,1),
(261,408,1),
(263,414,0),
(264,233,0),
(264,271,0),
(265,51,0),
(265,177,1),
(266,18,0),
(266,191,0),
(266,208,0),
(267,125,0),
(268,106,1),
(268,456,0),
(269,52,0),
(269,258,0),
(269,263,0),
(270,270,1),
(270,390,0),
(271,39,1),
(271,46,0),
(271,163,0),
(271,282,1),
(272,72,0),
(272,452,0),
(273,319,1),
(274,30,0),
(275,218,0),
(275,292,0),
(276,207,0),
(277,6,0),
(277,9,0),
(277,399,1),
(278,85,1),
(278,88,1),
(279,85,1),
(279,238,0),
(279,498,1),
(280,265,0),
(280,379,0),
(281,1,0),
(281,238,1),
(281,239,1),
(281,402,1),
(282,47,1),
(282,170,1),
(282,428,0),
(282,440,0),
(283,43,0),
(283,290,1),
(283,480,1),
(283,485,1),
(284,225,1),
(284,232,0),
(284,306,1),
(284,396,0),
(285,126,1),
(285,231,0),
(285,258,0),
(285,367,0),
(286,378,1),
(286,380,0),
(287,17,1),
(287,205,1),
(287,299,1),
(288,329,1),
(289,487,0),
(290,96,0),
(290,447,0),
(292,309,1),
(293,61,0),
(293,396,1),
(293,471,0),
(294,113,1),
(294,165,0),
(294,452,0),
(295,42,0),
(298,87,1),
(298,121,0),
(298,272,0),
(299,174,1),
(300,135,0),
(300,333,0),
(301,271,0),
(301,335,1),
(302,176,0),
(302,439,1),
(303,134,1),
(304,26,0),
(304,354,0),
(304,382,1),
(305,96,0),
(306,403,1),
(307,439,0),
(309,25,0),
(310,76,1),
(310,165,0),
(311,125,1),
(311,147,0),
(311,153,1),
(312,63,1),
(312,84,1),
(312,163,0),
(313,272,1),
(313,290,0),
(313,400,1),
(314,246,1),
(314,369,1),
(314,491,0),
(316,175,0),
(316,445,1),
(317,102,0),
(318,18,1),
(318,207,1),
(319,43,1),
(319,193,1),
(319,478,1),
(320,222,1),
(320,378,1),
(320,493,1),
(321,137,1),
(321,271,0),
(321,429,0),
(322,110,1),
(322,132,0),
(323,49,0),
(324,168,0),
(325,68,1),
(325,411,0),
(326,188,0),
(326,218,0),
(326,408,0),
(327,169,1),
(327,437,0),
(327,438,1),
(328,15,1),
(328,182,0),
(329,156,1),
(329,470,0),
(330,95,0),
(331,182,1),
(332,108,1),
(332,203,0),
(334,9,0),
(334,447,1),
(335,80,1),
(335,170,1),
(336,245,1),
(336,421,0),
(337,84,0),
(337,86,0),
(337,208,1),
(337,387,1),
(338,49,0),
(338,133,1),
(338,315,1),
(339,77,1),
(340,443,0),
(341,247,0),
(341,294,0),
(341,348,0),
(342,163,1),
(342,236,0),
(342,303,0),
(344,279,0),
(345,177,1),
(345,250,0),
(346,39,0),
(346,403,0),
(347,173,0),
(347,261,1),
(348,458,0),
(349,370,0),
(349,468,1),
(351,35,1),
(351,276,1),
(351,380,0),
(352,97,0),
(353,407,1),
(354,288,0),
(355,42,0),
(355,360,1),
(356,114,1),
(357,345,1),
(358,135,1),
(358,439,1),
(360,114,0),
(360,365,0),
(362,165,1),
(363,346,0),
(364,61,0),
(364,149,1),
(364,216,0),
(364,485,0),
(365,327,1),
(366,126,0),
(367,326,1),
(368,74,0),
(369,7,1),
(369,58,1),
(369,125,1),
(370,281,0),
(372,53,0),
(374,91,0),
(374,176,0),
(374,224,1),
(374,375,1),
(375,50,1),
(375,73,1),
(376,160,1),
(377,54,1),
(377,221,0),
(377,310,1),
(378,150,1),
(378,184,1),
(380,137,0),
(381,263,1),
(381,457,1),
(382,467,1),
(383,431,1),
(384,5,1),
(384,205,1),
(385,52,1),
(386,429,0),
(387,346,1),
(388,1,1),
(388,2,1),
(388,415,0),
(389,12,0),
(389,68,0),
(390,124,0),
(390,426,0),
(390,454,1),
(391,196,0),
(392,233,1),
(392,340,1),
(392,430,0),
(392,443,1),
(393,14,1),
(393,173,1),
(393,215,0),
(394,92,1),
(395,26,0),
(395,145,0),
(395,479,0),
(396,141,0),
(396,398,1),
(397,57,1),
(397,95,0),
(397,324,0),
(397,381,0),
(399,262,0),
(399,498,0),
(400,68,1),
(400,338,0),
(400,355,0),
(400,482,1),
(400,491,1),
(401,308,1),
(401,475,1),
(402,104,0),
(403,82,0),
(403,206,1),
(403,246,1),
(404,372,0),
(405,47,1),
(405,201,1),
(405,270,1),
(407,149,1),
(407,191,1),
(407,197,0),
(408,341,1),
(411,419,1),
(412,205,0),
(413,21,1),
(413,260,1),
(415,130,1),
(415,139,0),
(415,372,1),
(416,331,1),
(417,128,0),
(417,241,0),
(419,236,0),
(419,334,1),
(420,57,1),
(420,226,1),
(420,241,0),
(420,469,0),
(421,209,0),
(421,395,1),
(422,96,0),
(422,288,1),
(423,7,1),
(423,232,1),
(423,328,1),
(423,396,0),
(424,175,1),
(424,321,1),
(424,362,0),
(426,422,0),
(426,464,0),
(427,9,0),
(427,286,0),
(428,372,1),
(429,36,1),
(430,144,1),
(430,179,0),
(432,358,1),
(433,228,1),
(433,494,0),
(434,144,0),
(435,53,1),
(435,107,1),
(435,495,0),
(436,79,0),
(436,449,0),
(437,90,1),
(437,448,1),
(438,8,1),
(440,172,1),
(440,297,1),
(440,348,1),
(441,62,1),
(441,453,0),
(442,150,0),
(442,455,0),
(443,56,1),
(443,240,1),
(443,452,0),
(444,6,1),
(444,447,1),
(445,199,0),
(445,317,1),
(445,329,1),
(446,67,0),
(446,186,1),
(446,331,1),
(447,238,0),
(448,13,0),
(449,42,1),
(449,147,1),
(450,15,0),
(450,348,0),
(450,467,1),
(451,274,0),
(452,75,0),
(452,225,1),
(452,345,1),
(454,388,0),
(455,281,1),
(455,413,1),
(456,405,0),
(458,35,1),
(458,305,1),
(458,462,0),
(459,399,0),
(460,69,1),
(460,286,1),
(461,239,1),
(462,84,1),
(462,174,1),
(462,341,1),
(463,6,0),
(463,15,0),
(463,43,0),
(463,210,0),
(463,448,1),
(464,75,1),
(465,237,1),
(466,33,1),
(466,54,0),
(466,366,1),
(467,24,0),
(467,36,0),
(467,264,0),
(468,260,1),
(468,288,0),
(468,421,1),
(469,170,0),
(469,254,0),
(470,242,0),
(471,193,1),
(472,22,0),
(472,26,0),
(472,184,1),
(474,40,0),
(475,305,1),
(476,218,0),
(476,247,1),
(477,76,1),
(477,176,1),
(477,260,0),
(478,440,0),
(479,150,1),
(479,220,0),
(479,407,0),
(481,93,1),
(481,203,1),
(481,265,0),
(481,341,0),
(481,422,1),
(483,52,1),
(483,370,0),
(483,373,0),
(483,499,0),
(485,281,1),
(485,407,0),
(486,29,1),
(486,169,0),
(486,296,1),
(486,404,0),
(486,453,0),
(487,127,0),
(487,373,1),
(488,34,0),
(488,309,1),
(488,446,0),
(489,119,1),
(489,226,1),
(489,361,1),
(489,476,0),
(489,499,1),
(492,354,0),
(492,494,1),
(493,81,1),
(493,252,1),
(493,357,0),
(493,428,1),
(493,486,0),
(494,108,1),
(494,377,1),
(495,230,0),
(495,312,0),
(495,394,0),
(495,461,1),
(496,49,0),
(496,394,0),
(497,21,1),
(497,101,1),
(497,194,1),
(497,451,0),
(498,60,0),
(499,29,0),
(499,115,1),
(499,163,0),
(500,483,1);
/*!40000 ALTER TABLE `idea_votes` ENABLE KEYS */;
UNLOCK TABLES;
commit;

--
-- Table structure for table `ideas`
--

DROP TABLE IF EXISTS `ideas`;
/*!40101 SET @saved_cs_client     = @@character_set_client */;
/*!40101 SET character_set_client = utf8mb4 */;
CREATE TABLE `ideas` (
  `id` int(11) NOT NULL,
  `submitted_by_user_id` int(11) DEFAULT NULL,
  `content` text DEFAULT NULL,
  PRIMARY KEY (`id`),
  KEY `submitted_by_user_id` (`submitted_by_user_id`),
  CONSTRAINT `ideas_ibfk_1` FOREIGN KEY (`submitted_by_user_id`) REFERENCES `users` (`id`)
) ENGINE=InnoDB DEFAULT CHARSET=utf8mb4 COLLATE=utf8mb4_unicode_ci;
/*!40101 SET character_set_client = @saved_cs_client */;

--
-- Dumping data for table `ideas`
--

LOCK TABLES `ideas` WRITE;
/*!40000 ALTER TABLE `ideas` DISABLE KEYS */;
set autocommit=0;
INSERT INTO `ideas` VALUES
(1,1,'A platform that connects local farmers directly with restaurants to reduce food waste.'),
(2,2,'An AI-powered tool for small businesses to automate their social media marketing.'),
(3,3,'A subscription box service for Australian-made, eco-friendly home products.'),
(4,4,'A virtual reality training platform for high-risk professions like mining and construction.'),
(5,5,'A mobile app that uses gamification to teach financial literacy to young adults.'),
(6,6,'A platform that connects local farmers directly with restaurants to reduce food waste.'),
(7,7,'An AI-powered tool for small businesses to automate their social media marketing.'),
(8,8,'A subscription box service for Australian-made, eco-friendly home products.'),
(9,9,'A virtual reality training platform for high-risk professions like mining and construction.'),
(10,10,'A mobile app that uses gamification to teach financial literacy to young adults.'),
(11,11,'A platform that connects local farmers directly with restaurants to reduce food waste.'),
(12,12,'An AI-powered tool for small businesses to automate their social media marketing.'),
(13,13,'A subscription box service for Australian-made, eco-friendly home products.'),
(14,14,'A virtual reality training platform for high-risk professions like mining and construction.'),
(15,15,'A mobile app that uses gamification to teach financial literacy to young adults.'),
(16,16,'A platform that connects local farmers directly with restaurants to reduce food waste.'),
(17,17,'An AI-powered tool for small businesses to automate their social media marketing.'),
(18,18,'A subscription box service for Australian-made, eco-friendly home products.'),
(19,19,'A virtual reality training platform for high-risk professions like mining and construction.'),
(20,20,'A mobile app that uses gamification to teach financial literacy to young adults.'),
(21,21,'A platform that connects local farmers directly with restaurants to reduce food waste.'),
(22,22,'An AI-powered tool for small businesses to automate their social media marketing.'),
(23,23,'A subscription box service for Australian-made, eco-friendly home products.'),
(24,24,'A virtual reality training platform for high-risk professions like mining and construction.'),
(25,25,'A mobile app that uses gamification to teach financial literacy to young adults.'),
(26,26,'A platform that connects local farmers directly with restaurants to reduce food waste.'),
(27,27,'An AI-powered tool for small businesses to automate their social media marketing.'),
(28,28,'A subscription box service for Australian-made, eco-friendly home products.'),
(29,29,'A virtual reality training platform for high-risk professions like mining and construction.'),
(30,30,'A mobile app that uses gamification to teach financial literacy to young adults.'),
(31,31,'A platform that connects local farmers directly with restaurants to reduce food waste.'),
(32,32,'An AI-powered tool for small businesses to automate their social media marketing.'),
(33,33,'A subscription box service for Australian-made, eco-friendly home products.'),
(34,34,'A virtual reality training platform for high-risk professions like mining and construction.'),
(35,35,'A mobile app that uses gamification to teach financial literacy to young adults.'),
(36,36,'A platform that connects local farmers directly with restaurants to reduce food waste.'),
(37,37,'An AI-powered tool for small businesses to automate their social media marketing.'),
(38,38,'A subscription box service for Australian-made, eco-friendly home products.'),
(39,39,'A virtual reality training platform for high-risk professions like mining and construction.'),
(40,40,'A mobile app that uses gamification to teach financial literacy to young adults.'),
(41,41,'A platform that connects local farmers directly with restaurants to reduce food waste.'),
(42,42,'An AI-powered tool for small businesses to automate their social media marketing.'),
(43,43,'A subscription box service for Australian-made, eco-friendly home products.'),
(44,44,'A virtual reality training platform for high-risk professions like mining and construction.'),
(45,45,'A mobile app that uses gamification to teach financial literacy to young adults.'),
(46,46,'A platform that connects local farmers directly with restaurants to reduce food waste.'),
(47,47,'An AI-powered tool for small businesses to automate their social media marketing.'),
(48,48,'A subscription box service for Australian-made, eco-friendly home products.'),
(49,49,'A virtual reality training platform for high-risk professions like mining and construction.'),
(50,50,'A mobile app that uses gamification to teach financial literacy to young adults.'),
(51,51,'A platform that connects local farmers directly with restaurants to reduce food waste.'),
(52,52,'An AI-powered tool for small businesses to automate their social media marketing.'),
(53,53,'A subscription box service for Australian-made, eco-friendly home products.'),
(54,54,'A virtual reality training platform for high-risk professions like mining and construction.'),
(55,55,'A mobile app that uses gamification to teach financial literacy to young adults.'),
(56,56,'A platform that connects local farmers directly with restaurants to reduce food waste.'),
(57,57,'An AI-powered tool for small businesses to automate their social media marketing.'),
(58,58,'A subscription box service for Australian-made, eco-friendly home products.'),
(59,59,'A virtual reality training platform for high-risk professions like mining and construction.'),
(60,60,'A mobile app that uses gamification to teach financial literacy to young adults.'),
(61,61,'A platform that connects local farmers directly with restaurants to reduce food waste.'),
(62,62,'An AI-powered tool for small businesses to automate their social media marketing.'),
(63,63,'A subscription box service for Australian-made, eco-friendly home products.'),
(64,64,'A virtual reality training platform for high-risk professions like mining and construction.'),
(65,65,'A mobile app that uses gamification to teach financial literacy to young adults.'),
(66,66,'A platform that connects local farmers directly with restaurants to reduce food waste.'),
(67,67,'An AI-powered tool for small businesses to automate their social media marketing.'),
(68,68,'A subscription box service for Australian-made, eco-friendly home products.'),
(69,69,'A virtual reality training platform for high-risk professions like mining and construction.'),
(70,70,'A mobile app that uses gamification to teach financial literacy to young adults.'),
(71,71,'A platform that connects local farmers directly with restaurants to reduce food waste.'),
(72,72,'An AI-powered tool for small businesses to automate their social media marketing.'),
(73,73,'A subscription box service for Australian-made, eco-friendly home products.'),
(74,74,'A virtual reality training platform for high-risk professions like mining and construction.'),
(75,75,'A mobile app that uses gamification to teach financial literacy to young adults.'),
(76,76,'A platform that connects local farmers directly with restaurants to reduce food waste.'),
(77,77,'An AI-powered tool for small businesses to automate their social media marketing.'),
(78,78,'A subscription box service for Australian-made, eco-friendly home products.'),
(79,79,'A virtual reality training platform for high-risk professions like mining and construction.'),
(80,80,'A mobile app that uses gamification to teach financial literacy to young adults.'),
(81,81,'A platform that connects local farmers directly with restaurants to reduce food waste.'),
(82,82,'An AI-powered tool for small businesses to automate their social media marketing.'),
(83,83,'A subscription box service for Australian-made, eco-friendly home products.'),
(84,84,'A virtual reality training platform for high-risk professions like mining and construction.'),
(85,85,'A mobile app that uses gamification to teach financial literacy to young adults.'),
(86,86,'A platform that connects local farmers directly with restaurants to reduce food waste.'),
(87,87,'An AI-powered tool for small businesses to automate their social media marketing.'),
(88,88,'A subscription box service for Australian-made, eco-friendly home products.'),
(89,89,'A virtual reality training platform for high-risk professions like mining and construction.'),
(90,90,'A mobile app that uses gamification to teach financial literacy to young adults.'),
(91,91,'A platform that connects local farmers directly with restaurants to reduce food waste.'),
(92,92,'An AI-powered tool for small businesses to automate their social media marketing.'),
(93,93,'A subscription box service for Australian-made, eco-friendly home products.'),
(94,94,'A virtual reality training platform for high-risk professions like mining and construction.'),
(95,95,'A mobile app that uses gamification to teach financial literacy to young adults.'),
(96,96,'A platform that connects local farmers directly with restaurants to reduce food waste.'),
(97,97,'An AI-powered tool for small businesses to automate their social media marketing.'),
(98,98,'A subscription box service for Australian-made, eco-friendly home products.'),
(99,99,'A virtual reality training platform for high-risk professions like mining and construction.'),
(100,100,'A mobile app that uses gamification to teach financial literacy to young adults.'),
(101,101,'A platform that connects local farmers directly with restaurants to reduce food waste.'),
(102,102,'An AI-powered tool for small businesses to automate their social media marketing.'),
(103,103,'A subscription box service for Australian-made, eco-friendly home products.'),
(104,104,'A virtual reality training platform for high-risk professions like mining and construction.'),
(105,105,'A mobile app that uses gamification to teach financial literacy to young adults.'),
(106,106,'A platform that connects local farmers directly with restaurants to reduce food waste.'),
(107,107,'An AI-powered tool for small businesses to automate their social media marketing.'),
(108,108,'A subscription box service for Australian-made, eco-friendly home products.'),
(109,109,'A virtual reality training platform for high-risk professions like mining and construction.'),
(110,110,'A mobile app that uses gamification to teach financial literacy to young adults.'),
(111,111,'A platform that connects local farmers directly with restaurants to reduce food waste.'),
(112,112,'An AI-powered tool for small businesses to automate their social media marketing.'),
(113,113,'A subscription box service for Australian-made, eco-friendly home products.'),
(114,114,'A virtual reality training platform for high-risk professions like mining and construction.'),
(115,115,'A mobile app that uses gamification to teach financial literacy to young adults.'),
(116,116,'A platform that connects local farmers directly with restaurants to reduce food waste.'),
(117,117,'An AI-powered tool for small businesses to automate their social media marketing.'),
(118,118,'A subscription box service for Australian-made, eco-friendly home products.'),
(119,119,'A virtual reality training platform for high-risk professions like mining and construction.'),
(120,120,'A mobile app that uses gamification to teach financial literacy to young adults.'),
(121,121,'A platform that connects local farmers directly with restaurants to reduce food waste.'),
(122,122,'An AI-powered tool for small businesses to automate their social media marketing.'),
(123,123,'A subscription box service for Australian-made, eco-friendly home products.'),
(124,124,'A virtual reality training platform for high-risk professions like mining and construction.'),
(125,125,'A mobile app that uses gamification to teach financial literacy to young adults.'),
(126,126,'A platform that connects local farmers directly with restaurants to reduce food waste.'),
(127,127,'An AI-powered tool for small businesses to automate their social media marketing.'),
(128,128,'A subscription box service for Australian-made, eco-friendly home products.'),
(129,129,'A virtual reality training platform for high-risk professions like mining and construction.'),
(130,130,'A mobile app that uses gamification to teach financial literacy to young adults.'),
(131,131,'A platform that connects local farmers directly with restaurants to reduce food waste.'),
(132,132,'An AI-powered tool for small businesses to automate their social media marketing.'),
(133,133,'A subscription box service for Australian-made, eco-friendly home products.'),
(134,134,'A virtual reality training platform for high-risk professions like mining and construction.'),
(135,135,'A mobile app that uses gamification to teach financial literacy to young adults.'),
(136,136,'A platform that connects local farmers directly with restaurants to reduce food waste.'),
(137,137,'An AI-powered tool for small businesses to automate their social media marketing.'),
(138,138,'A subscription box service for Australian-made, eco-friendly home products.'),
(139,139,'A virtual reality training platform for high-risk professions like mining and construction.'),
(140,140,'A mobile app that uses gamification to teach financial literacy to young adults.'),
(141,141,'A platform that connects local farmers directly with restaurants to reduce food waste.'),
(142,142,'An AI-powered tool for small businesses to automate their social media marketing.'),
(143,143,'A subscription box service for Australian-made, eco-friendly home products.'),
(144,144,'A virtual reality training platform for high-risk professions like mining and construction.'),
(145,145,'A mobile app that uses gamification to teach financial literacy to young adults.'),
(146,146,'A platform that connects local farmers directly with restaurants to reduce food waste.'),
(147,147,'An AI-powered tool for small businesses to automate their social media marketing.'),
(148,148,'A subscription box service for Australian-made, eco-friendly home products.'),
(149,149,'A virtual reality training platform for high-risk professions like mining and construction.'),
(150,150,'A mobile app that uses gamification to teach financial literacy to young adults.'),
(151,151,'A platform that connects local farmers directly with restaurants to reduce food waste.'),
(152,152,'An AI-powered tool for small businesses to automate their social media marketing.'),
(153,153,'A subscription box service for Australian-made, eco-friendly home products.'),
(154,154,'A virtual reality training platform for high-risk professions like mining and construction.'),
(155,155,'A mobile app that uses gamification to teach financial literacy to young adults.'),
(156,156,'A platform that connects local farmers directly with restaurants to reduce food waste.'),
(157,157,'An AI-powered tool for small businesses to automate their social media marketing.'),
(158,158,'A subscription box service for Australian-made, eco-friendly home products.'),
(159,159,'A virtual reality training platform for high-risk professions like mining and construction.'),
(160,160,'A mobile app that uses gamification to teach financial literacy to young adults.'),
(161,161,'A platform that connects local farmers directly with restaurants to reduce food waste.'),
(162,162,'An AI-powered tool for small businesses to automate their social media marketing.'),
(163,163,'A subscription box service for Australian-made, eco-friendly home products.'),
(164,164,'A virtual reality training platform for high-risk professions like mining and construction.'),
(165,165,'A mobile app that uses gamification to teach financial literacy to young adults.'),
(166,166,'A platform that connects local farmers directly with restaurants to reduce food waste.'),
(167,167,'An AI-powered tool for small businesses to automate their social media marketing.'),
(168,168,'A subscription box service for Australian-made, eco-friendly home products.'),
(169,169,'A virtual reality training platform for high-risk professions like mining and construction.'),
(170,170,'A mobile app that uses gamification to teach financial literacy to young adults.'),
(171,171,'A platform that connects local farmers directly with restaurants to reduce food waste.'),
(172,172,'An AI-powered tool for small businesses to automate their social media marketing.'),
(173,173,'A subscription box service for Australian-made, eco-friendly home products.'),
(174,174,'A virtual reality training platform for high-risk professions like mining and construction.'),
(175,175,'A mobile app that uses gamification to teach financial literacy to young adults.'),
(176,176,'A platform that connects local farmers directly with restaurants to reduce food waste.'),
(177,177,'An AI-powered tool for small businesses to automate their social media marketing.'),
(178,178,'A subscription box service for Australian-made, eco-friendly home products.'),
(179,179,'A virtual reality training platform for high-risk professions like mining and construction.'),
(180,180,'A mobile app that uses gamification to teach financial literacy to young adults.'),
(181,181,'A platform that connects local farmers directly with restaurants to reduce food waste.'),
(182,182,'An AI-powered tool for small businesses to automate their social media marketing.'),
(183,183,'A subscription box service for Australian-made, eco-friendly home products.'),
(184,184,'A virtual reality training platform for high-risk professions like mining and construction.'),
(185,185,'A mobile app that uses gamification to teach financial literacy to young adults.'),
(186,186,'A platform that connects local farmers directly with restaurants to reduce food waste.'),
(187,187,'An AI-powered tool for small businesses to automate their social media marketing.'),
(188,188,'A subscription box service for Australian-made, eco-friendly home products.'),
(189,189,'A virtual reality training platform for high-risk professions like mining and construction.'),
(190,190,'A mobile app that uses gamification to teach financial literacy to young adults.'),
(191,191,'A platform that connects local farmers directly with restaurants to reduce food waste.'),
(192,192,'An AI-powered tool for small businesses to automate their social media marketing.'),
(193,193,'A subscription box service for Australian-made, eco-friendly home products.'),
(194,194,'A virtual reality training platform for high-risk professions like mining and construction.'),
(195,195,'A mobile app that uses gamification to teach financial literacy to young adults.'),
(196,196,'A platform that connects local farmers directly with restaurants to reduce food waste.'),
(197,197,'An AI-powered tool for small businesses to automate their social media marketing.'),
(198,198,'A subscription box service for Australian-made, eco-friendly home products.'),
(199,199,'A virtual reality training platform for high-risk professions like mining and construction.'),
(200,200,'A mobile app that uses gamification to teach financial literacy to young adults.'),
(201,201,'A platform that connects local farmers directly with restaurants to reduce food waste.'),
(202,202,'An AI-powered tool for small businesses to automate their social media marketing.'),
(203,203,'A subscription box service for Australian-made, eco-friendly home products.'),
(204,204,'A virtual reality training platform for high-risk professions like mining and construction.'),
(205,205,'A mobile app that uses gamification to teach financial literacy to young adults.'),
(206,206,'A platform that connects local farmers directly with restaurants to reduce food waste.'),
(207,207,'An AI-powered tool for small businesses to automate their social media marketing.'),
(208,208,'A subscription box service for Australian-made, eco-friendly home products.'),
(209,209,'A virtual reality training platform for high-risk professions like mining and construction.'),
(210,210,'A mobile app that uses gamification to teach financial literacy to young adults.'),
(211,211,'A platform that connects local farmers directly with restaurants to reduce food waste.'),
(212,212,'An AI-powered tool for small businesses to automate their social media marketing.'),
(213,213,'A subscription box service for Australian-made, eco-friendly home products.'),
(214,214,'A virtual reality training platform for high-risk professions like mining and construction.'),
(215,215,'A mobile app that uses gamification to teach financial literacy to young adults.'),
(216,216,'A platform that connects local farmers directly with restaurants to reduce food waste.'),
(217,217,'An AI-powered tool for small businesses to automate their social media marketing.'),
(218,218,'A subscription box service for Australian-made, eco-friendly home products.'),
(219,219,'A virtual reality training platform for high-risk professions like mining and construction.'),
(220,220,'A mobile app that uses gamification to teach financial literacy to young adults.'),
(221,221,'A platform that connects local farmers directly with restaurants to reduce food waste.'),
(222,222,'An AI-powered tool for small businesses to automate their social media marketing.'),
(223,223,'A subscription box service for Australian-made, eco-friendly home products.'),
(224,224,'A virtual reality training platform for high-risk professions like mining and construction.'),
(225,225,'A mobile app that uses gamification to teach financial literacy to young adults.'),
(226,226,'A platform that connects local farmers directly with restaurants to reduce food waste.'),
(227,227,'An AI-powered tool for small businesses to automate their social media marketing.'),
(228,228,'A subscription box service for Australian-made, eco-friendly home products.'),
(229,229,'A virtual reality training platform for high-risk professions like mining and construction.'),
(230,230,'A mobile app that uses gamification to teach financial literacy to young adults.'),
(231,231,'A platform that connects local farmers directly with restaurants to reduce food waste.'),
(232,232,'An AI-powered tool for small businesses to automate their social media marketing.'),
(233,233,'A subscription box service for Australian-made, eco-friendly home products.'),
(234,234,'A virtual reality training platform for high-risk professions like mining and construction.'),
(235,235,'A mobile app that uses gamification to teach financial literacy to young adults.'),
(236,236,'A platform that connects local farmers directly with restaurants to reduce food waste.'),
(237,237,'An AI-powered tool for small businesses to automate their social media marketing.'),
(238,238,'A subscription box service for Australian-made, eco-friendly home products.'),
(239,239,'A virtual reality training platform for high-risk professions like mining and construction.'),
(240,240,'A mobile app that uses gamification to teach financial literacy to young adults.'),
(241,241,'A platform that connects local farmers directly with restaurants to reduce food waste.'),
(242,242,'An AI-powered tool for small businesses to automate their social media marketing.'),
(243,243,'A subscription box service for Australian-made, eco-friendly home products.'),
(244,244,'A virtual reality training platform for high-risk professions like mining and construction.'),
(245,245,'A mobile app that uses gamification to teach financial literacy to young adults.'),
(246,246,'A platform that connects local farmers directly with restaurants to reduce food waste.'),
(247,247,'An AI-powered tool for small businesses to automate their social media marketing.'),
(248,248,'A subscription box service for Australian-made, eco-friendly home products.'),
(249,249,'A virtual reality training platform for high-risk professions like mining and construction.'),
(250,250,'A mobile app that uses gamification to teach financial literacy to young adults.'),
(251,251,'A platform that connects local farmers directly with restaurants to reduce food waste.'),
(252,252,'An AI-powered tool for small businesses to automate their social media marketing.'),
(253,253,'A subscription box service for Australian-made, eco-friendly home products.'),
(254,254,'A virtual reality training platform for high-risk professions like mining and construction.'),
(255,255,'A mobile app that uses gamification to teach financial literacy to young adults.'),
(256,256,'A platform that connects local farmers directly with restaurants to reduce food waste.'),
(257,257,'An AI-powered tool for small businesses to automate their social media marketing.'),
(258,258,'A subscription box service for Australian-made, eco-friendly home products.'),
(259,259,'A virtual reality training platform for high-risk professions like mining and construction.'),
(260,260,'A mobile app that uses gamification to teach financial literacy to young adults.'),
(261,261,'A platform that connects local farmers directly with restaurants to reduce food waste.'),
(262,262,'An AI-powered tool for small businesses to automate their social media marketing.'),
(263,263,'A subscription box service for Australian-made, eco-friendly home products.'),
(264,264,'A virtual reality training platform for high-risk professions like mining and construction.'),
(265,265,'A mobile app that uses gamification to teach financial literacy to young adults.'),
(266,266,'A platform that connects local farmers directly with restaurants to reduce food waste.'),
(267,267,'An AI-powered tool for small businesses to automate their social media marketing.'),
(268,268,'A subscription box service for Australian-made, eco-friendly home products.'),
(269,269,'A virtual reality training platform for high-risk professions like mining and construction.'),
(270,270,'A mobile app that uses gamification to teach financial literacy to young adults.'),
(271,271,'A platform that connects local farmers directly with restaurants to reduce food waste.'),
(272,272,'An AI-powered tool for small businesses to automate their social media marketing.'),
(273,273,'A subscription box service for Australian-made, eco-friendly home products.'),
(274,274,'A virtual reality training platform for high-risk professions like mining and construction.'),
(275,275,'A mobile app that uses gamification to teach financial literacy to young adults.'),
(276,276,'A platform that connects local farmers directly with restaurants to reduce food waste.'),
(277,277,'An AI-powered tool for small businesses to automate their social media marketing.'),
(278,278,'A subscription box service for Australian-made, eco-friendly home products.'),
(279,279,'A virtual reality training platform for high-risk professions like mining and construction.'),
(280,280,'A mobile app that uses gamification to teach financial literacy to young adults.'),
(281,281,'A platform that connects local farmers directly with restaurants to reduce food waste.'),
(282,282,'An AI-powered tool for small businesses to automate their social media marketing.'),
(283,283,'A subscription box service for Australian-made, eco-friendly home products.'),
(284,284,'A virtual reality training platform for high-risk professions like mining and construction.'),
(285,285,'A mobile app that uses gamification to teach financial literacy to young adults.'),
(286,286,'A platform that connects local farmers directly with restaurants to reduce food waste.'),
(287,287,'An AI-powered tool for small businesses to automate their social media marketing.'),
(288,288,'A subscription box service for Australian-made, eco-friendly home products.'),
(289,289,'A virtual reality training platform for high-risk professions like mining and construction.'),
(290,290,'A mobile app that uses gamification to teach financial literacy to young adults.'),
(291,291,'A platform that connects local farmers directly with restaurants to reduce food waste.'),
(292,292,'An AI-powered tool for small businesses to automate their social media marketing.'),
(293,293,'A subscription box service for Australian-made, eco-friendly home products.'),
(294,294,'A virtual reality training platform for high-risk professions like mining and construction.'),
(295,295,'A mobile app that uses gamification to teach financial literacy to young adults.'),
(296,296,'A platform that connects local farmers directly with restaurants to reduce food waste.'),
(297,297,'An AI-powered tool for small businesses to automate their social media marketing.'),
(298,298,'A subscription box service for Australian-made, eco-friendly home products.'),
(299,299,'A virtual reality training platform for high-risk professions like mining and construction.'),
(300,300,'A mobile app that uses gamification to teach financial literacy to young adults.'),
(301,301,'A platform that connects local farmers directly with restaurants to reduce food waste.'),
(302,302,'An AI-powered tool for small businesses to automate their social media marketing.'),
(303,303,'A subscription box service for Australian-made, eco-friendly home products.'),
(304,304,'A virtual reality training platform for high-risk professions like mining and construction.'),
(305,305,'A mobile app that uses gamification to teach financial literacy to young adults.'),
(306,306,'A platform that connects local farmers directly with restaurants to reduce food waste.'),
(307,307,'An AI-powered tool for small businesses to automate their social media marketing.'),
(308,308,'A subscription box service for Australian-made, eco-friendly home products.'),
(309,309,'A virtual reality training platform for high-risk professions like mining and construction.'),
(310,310,'A mobile app that uses gamification to teach financial literacy to young adults.'),
(311,311,'A platform that connects local farmers directly with restaurants to reduce food waste.'),
(312,312,'An AI-powered tool for small businesses to automate their social media marketing.'),
(313,313,'A subscription box service for Australian-made, eco-friendly home products.'),
(314,314,'A virtual reality training platform for high-risk professions like mining and construction.'),
(315,315,'A mobile app that uses gamification to teach financial literacy to young adults.'),
(316,316,'A platform that connects local farmers directly with restaurants to reduce food waste.'),
(317,317,'An AI-powered tool for small businesses to automate their social media marketing.'),
(318,318,'A subscription box service for Australian-made, eco-friendly home products.'),
(319,319,'A virtual reality training platform for high-risk professions like mining and construction.'),
(320,320,'A mobile app that uses gamification to teach financial literacy to young adults.'),
(321,321,'A platform that connects local farmers directly with restaurants to reduce food waste.'),
(322,322,'An AI-powered tool for small businesses to automate their social media marketing.'),
(323,323,'A subscription box service for Australian-made, eco-friendly home products.'),
(324,324,'A virtual reality training platform for high-risk professions like mining and construction.'),
(325,325,'A mobile app that uses gamification to teach financial literacy to young adults.'),
(326,326,'A platform that connects local farmers directly with restaurants to reduce food waste.'),
(327,327,'An AI-powered tool for small businesses to automate their social media marketing.'),
(328,328,'A subscription box service for Australian-made, eco-friendly home products.'),
(329,329,'A virtual reality training platform for high-risk professions like mining and construction.'),
(330,330,'A mobile app that uses gamification to teach financial literacy to young adults.'),
(331,331,'A platform that connects local farmers directly with restaurants to reduce food waste.'),
(332,332,'An AI-powered tool for small businesses to automate their social media marketing.'),
(333,333,'A subscription box service for Australian-made, eco-friendly home products.'),
(334,334,'A virtual reality training platform for high-risk professions like mining and construction.'),
(335,335,'A mobile app that uses gamification to teach financial literacy to young adults.'),
(336,336,'A platform that connects local farmers directly with restaurants to reduce food waste.'),
(337,337,'An AI-powered tool for small businesses to automate their social media marketing.'),
(338,338,'A subscription box service for Australian-made, eco-friendly home products.'),
(339,339,'A virtual reality training platform for high-risk professions like mining and construction.'),
(340,340,'A mobile app that uses gamification to teach financial literacy to young adults.'),
(341,341,'A platform that connects local farmers directly with restaurants to reduce food waste.'),
(342,342,'An AI-powered tool for small businesses to automate their social media marketing.'),
(343,343,'A subscription box service for Australian-made, eco-friendly home products.'),
(344,344,'A virtual reality training platform for high-risk professions like mining and construction.'),
(345,345,'A mobile app that uses gamification to teach financial literacy to young adults.'),
(346,346,'A platform that connects local farmers directly with restaurants to reduce food waste.'),
(347,347,'An AI-powered tool for small businesses to automate their social media marketing.'),
(348,348,'A subscription box service for Australian-made, eco-friendly home products.'),
(349,349,'A virtual reality training platform for high-risk professions like mining and construction.'),
(350,350,'A mobile app that uses gamification to teach financial literacy to young adults.'),
(351,351,'A platform that connects local farmers directly with restaurants to reduce food waste.'),
(352,352,'An AI-powered tool for small businesses to automate their social media marketing.'),
(353,353,'A subscription box service for Australian-made, eco-friendly home products.'),
(354,354,'A virtual reality training platform for high-risk professions like mining and construction.'),
(355,355,'A mobile app that uses gamification to teach financial literacy to young adults.'),
(356,356,'A platform that connects local farmers directly with restaurants to reduce food waste.'),
(357,357,'An AI-powered tool for small businesses to automate their social media marketing.'),
(358,358,'A subscription box service for Australian-made, eco-friendly home products.'),
(359,359,'A virtual reality training platform for high-risk professions like mining and construction.'),
(360,360,'A mobile app that uses gamification to teach financial literacy to young adults.'),
(361,361,'A platform that connects local farmers directly with restaurants to reduce food waste.'),
(362,362,'An AI-powered tool for small businesses to automate their social media marketing.'),
(363,363,'A subscription box service for Australian-made, eco-friendly home products.'),
(364,364,'A virtual reality training platform for high-risk professions like mining and construction.'),
(365,365,'A mobile app that uses gamification to teach financial literacy to young adults.'),
(366,366,'A platform that connects local farmers directly with restaurants to reduce food waste.'),
(367,367,'An AI-powered tool for small businesses to automate their social media marketing.'),
(368,368,'A subscription box service for Australian-made, eco-friendly home products.'),
(369,369,'A virtual reality training platform for high-risk professions like mining and construction.'),
(370,370,'A mobile app that uses gamification to teach financial literacy to young adults.'),
(371,371,'A platform that connects local farmers directly with restaurants to reduce food waste.'),
(372,372,'An AI-powered tool for small businesses to automate their social media marketing.'),
(373,373,'A subscription box service for Australian-made, eco-friendly home products.'),
(374,374,'A virtual reality training platform for high-risk professions like mining and construction.'),
(375,375,'A mobile app that uses gamification to teach financial literacy to young adults.'),
(376,376,'A platform that connects local farmers directly with restaurants to reduce food waste.'),
(377,377,'An AI-powered tool for small businesses to automate their social media marketing.'),
(378,378,'A subscription box service for Australian-made, eco-friendly home products.'),
(379,379,'A virtual reality training platform for high-risk professions like mining and construction.'),
(380,380,'A mobile app that uses gamification to teach financial literacy to young adults.'),
(381,381,'A platform that connects local farmers directly with restaurants to reduce food waste.'),
(382,382,'An AI-powered tool for small businesses to automate their social media marketing.'),
(383,383,'A subscription box service for Australian-made, eco-friendly home products.'),
(384,384,'A virtual reality training platform for high-risk professions like mining and construction.'),
(385,385,'A mobile app that uses gamification to teach financial literacy to young adults.'),
(386,386,'A platform that connects local farmers directly with restaurants to reduce food waste.'),
(387,387,'An AI-powered tool for small businesses to automate their social media marketing.'),
(388,388,'A subscription box service for Australian-made, eco-friendly home products.'),
(389,389,'A virtual reality training platform for high-risk professions like mining and construction.'),
(390,390,'A mobile app that uses gamification to teach financial literacy to young adults.'),
(391,391,'A platform that connects local farmers directly with restaurants to reduce food waste.'),
(392,392,'An AI-powered tool for small businesses to automate their social media marketing.'),
(393,393,'A subscription box service for Australian-made, eco-friendly home products.'),
(394,394,'A virtual reality training platform for high-risk professions like mining and construction.'),
(395,395,'A mobile app that uses gamification to teach financial literacy to young adults.'),
(396,396,'A platform that connects local farmers directly with restaurants to reduce food waste.'),
(397,397,'An AI-powered tool for small businesses to automate their social media marketing.'),
(398,398,'A subscription box service for Australian-made, eco-friendly home products.'),
(399,399,'A virtual reality training platform for high-risk professions like mining and construction.'),
(400,400,'A mobile app that uses gamification to teach financial literacy to young adults.'),
(401,401,'A platform that connects local farmers directly with restaurants to reduce food waste.'),
(402,402,'An AI-powered tool for small businesses to automate their social media marketing.'),
(403,403,'A subscription box service for Australian-made, eco-friendly home products.'),
(404,404,'A virtual reality training platform for high-risk professions like mining and construction.'),
(405,405,'A mobile app that uses gamification to teach financial literacy to young adults.'),
(406,406,'A platform that connects local farmers directly with restaurants to reduce food waste.'),
(407,407,'An AI-powered tool for small businesses to automate their social media marketing.'),
(408,408,'A subscription box service for Australian-made, eco-friendly home products.'),
(409,409,'A virtual reality training platform for high-risk professions like mining and construction.'),
(410,410,'A mobile app that uses gamification to teach financial literacy to young adults.'),
(411,411,'A platform that connects local farmers directly with restaurants to reduce food waste.'),
(412,412,'An AI-powered tool for small businesses to automate their social media marketing.'),
(413,413,'A subscription box service for Australian-made, eco-friendly home products.'),
(414,414,'A virtual reality training platform for high-risk professions like mining and construction.'),
(415,415,'A mobile app that uses gamification to teach financial literacy to young adults.'),
(416,416,'A platform that connects local farmers directly with restaurants to reduce food waste.'),
(417,417,'An AI-powered tool for small businesses to automate their social media marketing.'),
(418,418,'A subscription box service for Australian-made, eco-friendly home products.'),
(419,419,'A virtual reality training platform for high-risk professions like mining and construction.'),
(420,420,'A mobile app that uses gamification to teach financial literacy to young adults.'),
(421,421,'A platform that connects local farmers directly with restaurants to reduce food waste.'),
(422,422,'An AI-powered tool for small businesses to automate their social media marketing.'),
(423,423,'A subscription box service for Australian-made, eco-friendly home products.'),
(424,424,'A virtual reality training platform for high-risk professions like mining and construction.'),
(425,425,'A mobile app that uses gamification to teach financial literacy to young adults.'),
(426,426,'A platform that connects local farmers directly with restaurants to reduce food waste.'),
(427,427,'An AI-powered tool for small businesses to automate their social media marketing.'),
(428,428,'A subscription box service for Australian-made, eco-friendly home products.'),
(429,429,'A virtual reality training platform for high-risk professions like mining and construction.'),
(430,430,'A mobile app that uses gamification to teach financial literacy to young adults.'),
(431,431,'A platform that connects local farmers directly with restaurants to reduce food waste.'),
(432,432,'An AI-powered tool for small businesses to automate their social media marketing.'),
(433,433,'A subscription box service for Australian-made, eco-friendly home products.'),
(434,434,'A virtual reality training platform for high-risk professions like mining and construction.'),
(435,435,'A mobile app that uses gamification to teach financial literacy to young adults.'),
(436,436,'A platform that connects local farmers directly with restaurants to reduce food waste.'),
(437,437,'An AI-powered tool for small businesses to automate their social media marketing.'),
(438,438,'A subscription box service for Australian-made, eco-friendly home products.'),
(439,439,'A virtual reality training platform for high-risk professions like mining and construction.'),
(440,440,'A mobile app that uses gamification to teach financial literacy to young adults.'),
(441,441,'A platform that connects local farmers directly with restaurants to reduce food waste.'),
(442,442,'An AI-powered tool for small businesses to automate their social media marketing.'),
(443,443,'A subscription box service for Australian-made, eco-friendly home products.'),
(444,444,'A virtual reality training platform for high-risk professions like mining and construction.'),
(445,445,'A mobile app that uses gamification to teach financial literacy to young adults.'),
(446,446,'A platform that connects local farmers directly with restaurants to reduce food waste.'),
(447,447,'An AI-powered tool for small businesses to automate their social media marketing.'),
(448,448,'A subscription box service for Australian-made, eco-friendly home products.'),
(449,449,'A virtual reality training platform for high-risk professions like mining and construction.'),
(450,450,'A mobile app that uses gamification to teach financial literacy to young adults.'),
(451,451,'A platform that connects local farmers directly with restaurants to reduce food waste.'),
(452,452,'An AI-powered tool for small businesses to automate their social media marketing.'),
(453,453,'A subscription box service for Australian-made, eco-friendly home products.'),
(454,454,'A virtual reality training platform for high-risk professions like mining and construction.'),
(455,455,'A mobile app that uses gamification to teach financial literacy to young adults.'),
(456,456,'A platform that connects local farmers directly with restaurants to reduce food waste.'),
(457,457,'An AI-powered tool for small businesses to automate their social media marketing.'),
(458,458,'A subscription box service for Australian-made, eco-friendly home products.'),
(459,459,'A virtual reality training platform for high-risk professions like mining and construction.'),
(460,460,'A mobile app that uses gamification to teach financial literacy to young adults.'),
(461,461,'A platform that connects local farmers directly with restaurants to reduce food waste.'),
(462,462,'An AI-powered tool for small businesses to automate their social media marketing.'),
(463,463,'A subscription box service for Australian-made, eco-friendly home products.'),
(464,464,'A virtual reality training platform for high-risk professions like mining and construction.'),
(465,465,'A mobile app that uses gamification to teach financial literacy to young adults.'),
(466,466,'A platform that connects local farmers directly with restaurants to reduce food waste.'),
(467,467,'An AI-powered tool for small businesses to automate their social media marketing.'),
(468,468,'A subscription box service for Australian-made, eco-friendly home products.'),
(469,469,'A virtual reality training platform for high-risk professions like mining and construction.'),
(470,470,'A mobile app that uses gamification to teach financial literacy to young adults.'),
(471,471,'A platform that connects local farmers directly with restaurants to reduce food waste.'),
(472,472,'An AI-powered tool for small businesses to automate their social media marketing.'),
(473,473,'A subscription box service for Australian-made, eco-friendly home products.'),
(474,474,'A virtual reality training platform for high-risk professions like mining and construction.'),
(475,475,'A mobile app that uses gamification to teach financial literacy to young adults.'),
(476,476,'A platform that connects local farmers directly with restaurants to reduce food waste.'),
(477,477,'An AI-powered tool for small businesses to automate their social media marketing.'),
(478,478,'A subscription box service for Australian-made, eco-friendly home products.'),
(479,479,'A virtual reality training platform for high-risk professions like mining and construction.'),
(480,480,'A mobile app that uses gamification to teach financial literacy to young adults.'),
(481,481,'A platform that connects local farmers directly with restaurants to reduce food waste.'),
(482,482,'An AI-powered tool for small businesses to automate their social media marketing.'),
(483,483,'A subscription box service for Australian-made, eco-friendly home products.'),
(484,484,'A virtual reality training platform for high-risk professions like mining and construction.'),
(485,485,'A mobile app that uses gamification to teach financial literacy to young adults.'),
(486,486,'A platform that connects local farmers directly with restaurants to reduce food waste.'),
(487,487,'An AI-powered tool for small businesses to automate their social media marketing.'),
(488,488,'A subscription box service for Australian-made, eco-friendly home products.'),
(489,489,'A virtual reality training platform for high-risk professions like mining and construction.'),
(490,490,'A mobile app that uses gamification to teach financial literacy to young adults.'),
(491,491,'A platform that connects local farmers directly with restaurants to reduce food waste.'),
(492,492,'An AI-powered tool for small businesses to automate their social media marketing.'),
(493,493,'A subscription box service for Australian-made, eco-friendly home products.'),
(494,494,'A virtual reality training platform for high-risk professions like mining and construction.'),
(495,495,'A mobile app that uses gamification to teach financial literacy to young adults.'),
(496,496,'A platform that connects local farmers directly with restaurants to reduce food waste.'),
(497,497,'An AI-powered tool for small businesses to automate their social media marketing.'),
(498,498,'A subscription box service for Australian-made, eco-friendly home products.'),
(499,499,'A virtual reality training platform for high-risk professions like mining and construction.'),
(500,500,'A mobile app that uses gamification to teach financial literacy to young adults.');
/*!40000 ALTER TABLE `ideas` ENABLE KEYS */;
UNLOCK TABLES;
commit;

--
-- Table structure for table `industries`
--

DROP TABLE IF EXISTS `industries`;
/*!40101 SET @saved_cs_client     = @@character_set_client */;
/*!40101 SET character_set_client = utf8mb4 */;
CREATE TABLE `industries` (
  `id` int(11) NOT NULL AUTO_INCREMENT,
  `category_id` int(11) DEFAULT NULL,
  `name` varchar(100) DEFAULT NULL,
  `picture` varchar(255) DEFAULT NULL,
  PRIMARY KEY (`id`),
  KEY `category_id` (`category_id`),
  CONSTRAINT `industries_ibfk_1` FOREIGN KEY (`category_id`) REFERENCES `industry_categories` (`id`)
) ENGINE=InnoDB DEFAULT CHARSET=utf8mb4 COLLATE=utf8mb4_unicode_ci;
/*!40101 SET character_set_client = @saved_cs_client */;

--
-- Dumping data for table `industries`
--

LOCK TABLES `industries` WRITE;
/*!40000 ALTER TABLE `industries` DISABLE KEYS */;
set autocommit=0;
/*!40000 ALTER TABLE `industries` ENABLE KEYS */;
UNLOCK TABLES;
commit;

--
-- Table structure for table `industry_categories`
--

DROP TABLE IF EXISTS `industry_categories`;
/*!40101 SET @saved_cs_client     = @@character_set_client */;
/*!40101 SET character_set_client = utf8mb4 */;
CREATE TABLE `industry_categories` (
  `id` int(11) NOT NULL AUTO_INCREMENT,
  `name` varchar(100) DEFAULT NULL,
  PRIMARY KEY (`id`)
) ENGINE=InnoDB AUTO_INCREMENT=101 DEFAULT CHARSET=utf8mb4 COLLATE=utf8mb4_unicode_ci;
/*!40101 SET character_set_client = @saved_cs_client */;

--
-- Dumping data for table `industry_categories`
--

LOCK TABLES `industry_categories` WRITE;
/*!40000 ALTER TABLE `industry_categories` DISABLE KEYS */;
set autocommit=0;
INSERT INTO `industry_categories` VALUES
(1,'Financial trader'),
(2,'Armed forces training and education officer'),
(3,'Secretary, company'),
(4,'Therapist, music'),
(5,'Engineer, land'),
(6,'Lexicographer'),
(7,'Theatre director'),
(8,'Dramatherapist'),
(9,'Clinical scientist, histocompatibility and immunogenetics'),
(10,'Volunteer coordinator'),
(11,'Dealer'),
(12,'Financial adviser'),
(13,'Maintenance engineer'),
(14,'Colour technologist'),
(15,'Archivist'),
(16,'Music tutor'),
(17,'Psychiatric nurse'),
(18,'Theatre stage manager'),
(19,'Illustrator'),
(20,'Engineer, structural'),
(21,'Commercial art gallery manager'),
(22,'Community arts worker'),
(23,'Astronomer'),
(24,'Engineer, drilling'),
(25,'Advertising art director'),
(26,'Production engineer'),
(27,'Computer games developer'),
(28,'Industrial buyer'),
(29,'Architectural technologist'),
(30,'Tree surgeon'),
(31,'Tour manager'),
(32,'Energy manager'),
(33,'Financial controller'),
(34,'Corporate treasurer'),
(35,'Best boy'),
(36,'Medical laboratory scientific officer'),
(37,'Research officer, trade union'),
(38,'Energy engineer'),
(39,'Warden/ranger'),
(40,'Youth worker'),
(41,'Librarian, academic'),
(42,'Animator'),
(43,'Teacher, secondary school'),
(44,'Surveyor, commercial/residential'),
(45,'Programmer, applications'),
(46,'Software engineer'),
(47,'Sports therapist'),
(48,'Actuary'),
(49,'English as a second language teacher'),
(50,'Building surveyor'),
(51,'Tax inspector'),
(52,'IT sales professional'),
(53,'General practice doctor'),
(54,'Occupational hygienist'),
(55,'Medical secretary'),
(56,'Systems analyst'),
(57,'Herpetologist'),
(58,'Publishing copy'),
(59,'Consulting civil engineer'),
(60,'Health and safety adviser'),
(61,'Contracting civil engineer'),
(62,'Regulatory affairs officer'),
(63,'Private music teacher'),
(64,'Patent attorney'),
(65,'Civil Service administrator'),
(66,'Film/video editor'),
(67,'Training and development officer'),
(68,'Theatre director'),
(69,'Counsellor'),
(70,'Prison officer'),
(71,'Armed forces operational officer'),
(72,'Music tutor'),
(73,'Public affairs consultant'),
(74,'Regulatory affairs officer'),
(75,'Call centre manager'),
(76,'Medical secretary'),
(77,'Equities trader'),
(78,'Sales professional, IT'),
(79,'Health promotion specialist'),
(80,'TEFL teacher'),
(81,'Corporate treasurer'),
(82,'Forest/woodland manager'),
(83,'Engineer, drilling'),
(84,'Astronomer'),
(85,'Producer, radio'),
(86,'Manufacturing engineer'),
(87,'Engineer, site'),
(88,'Higher education lecturer'),
(89,'Web designer'),
(90,'Politician\'s assistant'),
(91,'Town planner'),
(92,'Film/video editor'),
(93,'Colour technologist'),
(94,'Call centre manager'),
(95,'Media planner'),
(96,'Research officer, government'),
(97,'Jewellery designer'),
(98,'Furniture designer'),
(99,'Engineer, aeronautical'),
(100,'Pension scheme manager');
/*!40000 ALTER TABLE `industry_categories` ENABLE KEYS */;
UNLOCK TABLES;
commit;

--
-- Table structure for table `mastermind_roles`
--

DROP TABLE IF EXISTS `mastermind_roles`;
/*!40101 SET @saved_cs_client     = @@character_set_client */;
/*!40101 SET character_set_client = utf8mb4 */;
CREATE TABLE `mastermind_roles` (
  `id` int(11) NOT NULL AUTO_INCREMENT,
  `name` varchar(100) DEFAULT NULL,
  PRIMARY KEY (`id`)
) ENGINE=InnoDB AUTO_INCREMENT=5 DEFAULT CHARSET=utf8mb4 COLLATE=utf8mb4_unicode_ci;
/*!40101 SET character_set_client = @saved_cs_client */;

--
-- Dumping data for table `mastermind_roles`
--

LOCK TABLES `mastermind_roles` WRITE;
/*!40000 ALTER TABLE `mastermind_roles` DISABLE KEYS */;
set autocommit=0;
INSERT INTO `mastermind_roles` VALUES
(1,'Leader'),
(2,'Strategist'),
(3,'Implementer'),
(4,'Innovator');
/*!40000 ALTER TABLE `mastermind_roles` ENABLE KEYS */;
UNLOCK TABLES;
commit;

--
-- Table structure for table `notifications`
--

DROP TABLE IF EXISTS `notifications`;
/*!40101 SET @saved_cs_client     = @@character_set_client */;
/*!40101 SET character_set_client = utf8mb4 */;
CREATE TABLE `notifications` (
  `id` int(11) NOT NULL AUTO_INCREMENT,
  `sender_user_id` int(11) DEFAULT NULL,
  `receiver_user_id` int(11) DEFAULT NULL,
  `message` text DEFAULT NULL,
  `time_sent` datetime DEFAULT NULL,
  `opened` tinyint(1) DEFAULT NULL,
  PRIMARY KEY (`id`),
  KEY `sender_user_id` (`sender_user_id`),
  KEY `receiver_user_id` (`receiver_user_id`),
  CONSTRAINT `notifications_ibfk_1` FOREIGN KEY (`sender_user_id`) REFERENCES `users` (`id`),
  CONSTRAINT `notifications_ibfk_2` FOREIGN KEY (`receiver_user_id`) REFERENCES `users` (`id`)
) ENGINE=InnoDB DEFAULT CHARSET=utf8mb4 COLLATE=utf8mb4_unicode_ci;
/*!40101 SET character_set_client = @saved_cs_client */;

--
-- Dumping data for table `notifications`
--

LOCK TABLES `notifications` WRITE;
/*!40000 ALTER TABLE `notifications` DISABLE KEYS */;
set autocommit=0;
/*!40000 ALTER TABLE `notifications` ENABLE KEYS */;
UNLOCK TABLES;
commit;

--
-- Table structure for table `project_business_categories`
--

DROP TABLE IF EXISTS `project_business_categories`;
/*!40101 SET @saved_cs_client     = @@character_set_client */;
/*!40101 SET character_set_client = utf8mb4 */;
CREATE TABLE `project_business_categories` (
  `project_id` int(11) NOT NULL,
  `business_category_id` int(11) NOT NULL,
  PRIMARY KEY (`project_id`,`business_category_id`),
  KEY `business_category_id` (`business_category_id`),
  CONSTRAINT `project_business_categories_ibfk_1` FOREIGN KEY (`project_id`) REFERENCES `projects` (`id`),
  CONSTRAINT `project_business_categories_ibfk_2` FOREIGN KEY (`business_category_id`) REFERENCES `business_categories` (`id`)
) ENGINE=InnoDB DEFAULT CHARSET=utf8mb4 COLLATE=utf8mb4_unicode_ci;
/*!40101 SET character_set_client = @saved_cs_client */;

--
-- Dumping data for table `project_business_categories`
--

LOCK TABLES `project_business_categories` WRITE;
/*!40000 ALTER TABLE `project_business_categories` DISABLE KEYS */;
set autocommit=0;
INSERT INTO `project_business_categories` VALUES
(139,101),
(184,102),
(39,103),
(79,104),
(96,105),
(84,106),
(81,107),
(150,108),
(44,109),
(87,110),
(71,111),
(118,112),
(122,113),
(159,114),
(46,115),
(158,116),
(80,117),
(63,118),
(26,119),
(6,120),
(195,121),
(134,122),
(51,123),
(39,124),
(65,125),
(27,126),
(33,127),
(193,128),
(7,129),
(156,130),
(16,131),
(180,132),
(83,133),
(47,134),
(13,135),
(20,136),
(180,137),
(39,138),
(140,139),
(18,140),
(112,141),
(141,142),
(55,143),
(171,144),
(140,145),
(39,146),
(139,147),
(124,148),
(52,149),
(155,150),
(90,151),
(156,152),
(106,153),
(122,154),
(45,155),
(109,156),
(86,157),
(62,158),
(129,159),
(118,160),
(29,161),
(72,162),
(131,163),
(197,164),
(192,165),
(64,166),
(7,167),
(151,168),
(159,169),
(192,170),
(54,171),
(173,172),
(139,173),
(111,174),
(113,175),
(63,176),
(189,177),
(32,178),
(176,179),
(135,180),
(105,181),
(67,182),
(103,183),
(150,184),
(93,185),
(100,186),
(180,187),
(62,188),
(169,189),
(94,190),
(65,191),
(11,192),
(124,193),
(93,194),
(42,195),
(125,196),
(1,197),
(79,198),
(113,199),
(176,200),
(83,201),
(148,202),
(152,203),
(120,204),
(38,205),
(60,206),
(134,207),
(58,208),
(9,209),
(10,210),
(181,211),
(68,212),
(185,213),
(116,214),
(103,215),
(35,216),
(42,217),
(135,218),
(11,219),
(88,220),
(118,221),
(28,222),
(4,223),
(31,224),
(174,225),
(161,226),
(30,227),
(119,228),
(142,229),
(134,230),
(184,231),
(197,232),
(23,233),
(172,234),
(136,235),
(145,236),
(172,237),
(132,238),
(95,239),
(130,240),
(177,241),
(181,242),
(18,243),
(151,244),
(48,245),
(39,246),
(126,247),
(111,248),
(199,249),
(119,250),
(171,251),
(77,252),
(96,253),
(98,254),
(106,255),
(4,256),
(196,257),
(39,258),
(25,259),
(62,260),
(113,261),
(143,262),
(51,263),
(167,264),
(78,265),
(116,266),
(51,267),
(60,268),
(44,269),
(129,270),
(103,271),
(138,272),
(42,273),
(129,274),
(10,275),
(161,276),
(17,277),
(196,278),
(59,279),
(134,280),
(162,281),
(137,282),
(15,283),
(74,284),
(60,285),
(41,286),
(80,287),
(99,288),
(157,289),
(96,290),
(182,291),
(199,292),
(58,293),
(183,294),
(20,295),
(40,296),
(177,297),
(170,298),
(122,299),
(129,300),
(142,301),
(141,302),
(117,303),
(59,304),
(46,305),
(37,306),
(9,307),
(184,308),
(26,309),
(52,310),
(95,311),
(71,312),
(65,313),
(141,314),
(92,315),
(47,316),
(75,317),
(22,318),
(173,319),
(18,320),
(131,321),
(52,322),
(40,323),
(101,324),
(175,325),
(16,326),
(143,327),
(4,328),
(114,329),
(16,330),
(24,331),
(120,332),
(91,333),
(168,334),
(79,335),
(3,336),
(79,337),
(164,338),
(125,339),
(65,340),
(72,341),
(98,342),
(143,343),
(19,344),
(7,345),
(118,346),
(199,347),
(132,348),
(47,349),
(81,350),
(162,351),
(191,352),
(18,353),
(136,354),
(77,355),
(32,356),
(33,357),
(174,358),
(35,359),
(127,360),
(185,361),
(121,362),
(65,363),
(28,364),
(200,365),
(114,366),
(2,367),
(44,368),
(108,369),
(175,370),
(80,371),
(63,372),
(79,373),
(146,374),
(92,375),
(43,376),
(143,377),
(177,378),
(117,379),
(38,380),
(135,381),
(187,382),
(54,383),
(145,384),
(199,385),
(49,386),
(197,387),
(120,388),
(171,389),
(12,390),
(55,391),
(196,392),
(47,393),
(137,394),
(42,395),
(46,396),
(31,397),
(196,398),
(182,399),
(177,400);
/*!40000 ALTER TABLE `project_business_categories` ENABLE KEYS */;
UNLOCK TABLES;
commit;

--
-- Table structure for table `project_business_skills`
--

DROP TABLE IF EXISTS `project_business_skills`;
/*!40101 SET @saved_cs_client     = @@character_set_client */;
/*!40101 SET character_set_client = utf8mb4 */;
CREATE TABLE `project_business_skills` (
  `project_id` int(11) NOT NULL,
  `business_skill_id` int(11) NOT NULL,
  PRIMARY KEY (`project_id`,`business_skill_id`),
  KEY `business_skill_id` (`business_skill_id`),
  CONSTRAINT `project_business_skills_ibfk_1` FOREIGN KEY (`project_id`) REFERENCES `projects` (`id`),
  CONSTRAINT `project_business_skills_ibfk_2` FOREIGN KEY (`business_skill_id`) REFERENCES `business_skills` (`id`)
) ENGINE=InnoDB DEFAULT CHARSET=utf8mb4 COLLATE=utf8mb4_unicode_ci;
/*!40101 SET character_set_client = @saved_cs_client */;

--
-- Dumping data for table `project_business_skills`
--

LOCK TABLES `project_business_skills` WRITE;
/*!40000 ALTER TABLE `project_business_skills` DISABLE KEYS */;
set autocommit=0;
INSERT INTO `project_business_skills` VALUES
(24,1),
(121,1),
(125,1),
(171,1),
(172,1),
(52,2),
(84,2),
(105,2),
(124,2),
(41,3),
(51,3),
(90,3),
(134,3),
(156,3),
(55,4),
(131,4),
(141,4),
(172,4),
(195,4);
/*!40000 ALTER TABLE `project_business_skills` ENABLE KEYS */;
UNLOCK TABLES;
commit;

--
-- Table structure for table `project_regions`
--

DROP TABLE IF EXISTS `project_regions`;
/*!40101 SET @saved_cs_client     = @@character_set_client */;
/*!40101 SET character_set_client = utf8mb4 */;
CREATE TABLE `project_regions` (
  `region_id` char(3) NOT NULL,
  `project_id` int(11) NOT NULL,
  PRIMARY KEY (`region_id`,`project_id`),
  KEY `project_id` (`project_id`),
  CONSTRAINT `project_regions_ibfk_1` FOREIGN KEY (`region_id`) REFERENCES `regions` (`id`),
  CONSTRAINT `project_regions_ibfk_2` FOREIGN KEY (`project_id`) REFERENCES `projects` (`id`)
) ENGINE=InnoDB DEFAULT CHARSET=utf8mb4 COLLATE=utf8mb4_unicode_ci;
/*!40101 SET character_set_client = @saved_cs_client */;

--
-- Dumping data for table `project_regions`
--

LOCK TABLES `project_regions` WRITE;
/*!40000 ALTER TABLE `project_regions` DISABLE KEYS */;
set autocommit=0;
INSERT INTO `project_regions` VALUES
('QAT',1),
('ATA',2),
('ZAF',2),
('LVA',3),
('PRY',3),
('SGS',3),
('MOZ',6),
('SJM',7),
('HMD',9),
('SLB',9),
('GHA',10),
('GIB',12),
('TCA',14),
('SWZ',15),
('DEU',16),
('AFG',17),
('BHS',20),
('ROU',20),
('CYP',21),
('ESP',23),
('IMN',23),
('MDG',23),
('VUT',23),
('NRU',24),
('BLM',25),
('IND',25),
('BRB',26),
('MYS',27),
('LVA',28),
('MLT',31),
('BLR',33),
('COD',33),
('DEU',33),
('NIC',35),
('RWA',35),
('UMI',35),
('SJM',36),
('VAT',36),
('ESH',38),
('BFA',39),
('NER',39),
('BRB',40),
('TLS',41),
('COK',42),
('FJI',43),
('PRK',43),
('IRL',46),
('BOL',47),
('MRT',47),
('SVN',47),
('AZE',48),
('CAN',48),
('SPM',48),
('HKG',49),
('ITA',49),
('BVT',50),
('ABW',52),
('COK',52),
('GTM',52),
('CPV',53),
('LIE',54),
('PAK',55),
('ROU',56),
('SEN',56),
('CMR',57),
('TGO',57),
('TUN',57),
('AGO',58),
('AUT',58),
('MDA',59),
('TLS',59),
('SYR',60),
('BIH',61),
('BRB',61),
('CIV',61),
('SLB',63),
('ALB',64),
('BIH',64),
('ESP',64),
('KEN',64),
('UZB',65),
('BTN',67),
('ARG',68),
('MOZ',68),
('GIN',70),
('ASM',71),
('BEN',71),
('GGY',71),
('NLD',71),
('NRU',71),
('THA',71),
('KGZ',72),
('LTU',73),
('PCN',73),
('SLV',74),
('KIR',75),
('TWN',75),
('WSM',75),
('COD',76),
('COL',76),
('GBR',76),
('IOT',76),
('CAF',77),
('ATA',79),
('MKD',79),
('SDN',79),
('YEM',79),
('COL',80),
('SYR',80),
('TCA',80),
('ARM',81),
('DNK',81),
('MAF',81),
('ASM',82),
('CRI',82),
('MAC',82),
('BRN',83),
('ITA',84),
('MOZ',84),
('STP',84),
('BDI',85),
('COL',85),
('MLI',85),
('POL',85),
('BIH',86),
('GLP',86),
('EST',87),
('KNA',87),
('AND',88),
('BMU',88),
('PHL',89),
('LBN',90),
('UKR',91),
('GUM',92),
('PRT',92),
('ITA',94),
('SGS',95),
('MEX',96),
('CHL',97),
('KHM',97),
('MKD',97),
('GIB',98),
('MNG',98),
('VIR',98),
('AGO',99),
('ESP',99),
('NOR',99),
('DEU',101),
('GLP',101),
('KEN',101),
('SUR',105),
('BES',106),
('LVA',106),
('SLB',106),
('BOL',108),
('MDG',108),
('STP',108),
('SLE',109),
('NPL',110),
('GRL',111),
('GUF',111),
('PCN',111),
('SEN',112),
('FSM',113),
('PHL',113),
('SVK',114),
('SMR',115),
('CAF',116),
('ECU',116),
('KGZ',117),
('AGO',118),
('SWE',118),
('TZA',118),
('MAC',119),
('CAF',122),
('SLB',122),
('YEM',122),
('PER',123),
('UGA',124),
('PCN',125),
('FIN',126),
('PRK',126),
('DZA',127),
('GEO',127),
('POL',127),
('TZA',127),
('ESH',128),
('OMN',128),
('ARE',129),
('CYM',129),
('MYT',129),
('TWN',130),
('FRA',131),
('GRC',131),
('JAM',131),
('CUB',133),
('SDN',133),
('NZL',134),
('PAK',134),
('SUR',134),
('TKM',135),
('UZB',135),
('PRK',136),
('HTI',137),
('MYS',137),
('CZE',138),
('CHL',139),
('FSM',139),
('PSE',140),
('MOZ',141),
('QAT',141),
('CCK',142),
('DZA',142),
('GUF',142),
('IRL',142),
('STP',142),
('VEN',142),
('MMR',143),
('ALB',144),
('AUT',144),
('CYP',144),
('LSO',144),
('GIN',145),
('KGZ',145),
('LAO',145),
('LIE',145),
('SDN',145),
('CRI',147),
('CYP',147),
('IRN',148),
('NIC',148),
('CAF',149),
('IND',149),
('JOR',149),
('ROU',149),
('SJM',149),
('CHL',150),
('COD',151),
('IDN',151),
('SWZ',153),
('AUT',156),
('BHR',156),
('KNA',156),
('ETH',157),
('CAF',158),
('FJI',158),
('LIE',158),
('IRL',159),
('CIV',160),
('MRT',162),
('SLE',162),
('TLS',162),
('BFA',163),
('UZB',163),
('COD',164),
('DJI',164),
('GAB',164),
('PHL',165),
('DJI',166),
('SMR',166),
('BRA',168),
('BRN',168),
('CIV',169),
('KIR',169),
('BRA',171),
('CCK',173),
('COL',174),
('LTU',175),
('MNG',176),
('SEN',177),
('ESH',179),
('GRD',179),
('ZWE',179),
('URY',180),
('ESH',182),
('MAR',182),
('DEU',183),
('BEN',184),
('COL',185),
('IMN',186),
('COG',187),
('CZE',187),
('SLB',187),
('SRB',188),
('DMA',190),
('QAT',192),
('BLR',193),
('COD',193),
('FIN',193),
('GEO',193),
('KWT',195),
('SYR',195),
('LVA',196),
('MKD',196),
('BLZ',197),
('VAT',197),
('BLZ',199),
('PRI',199),
('SGS',199),
('ISR',200);
/*!40000 ALTER TABLE `project_regions` ENABLE KEYS */;
UNLOCK TABLES;
commit;

--
-- Table structure for table `projects`
--

DROP TABLE IF EXISTS `projects`;
/*!40101 SET @saved_cs_client     = @@character_set_client */;
/*!40101 SET character_set_client = utf8mb4 */;
CREATE TABLE `projects` (
  `id` int(11) NOT NULL AUTO_INCREMENT,
  `managed_by_user_id` int(11) DEFAULT NULL,
  `name` varchar(100) DEFAULT NULL,
  `project_status` enum('open','closed','complete') DEFAULT NULL,
  `projection_open` datetime DEFAULT NULL,
  `project_closed` datetime DEFAULT NULL,
  `project_completion` datetime DEFAULT NULL,
  PRIMARY KEY (`id`),
  KEY `managed_by_user_id` (`managed_by_user_id`),
  CONSTRAINT `projects_ibfk_1` FOREIGN KEY (`managed_by_user_id`) REFERENCES `users` (`id`)
) ENGINE=InnoDB AUTO_INCREMENT=201 DEFAULT CHARSET=utf8mb4 COLLATE=utf8mb4_unicode_ci;
/*!40101 SET character_set_client = @saved_cs_client */;

--
-- Dumping data for table `projects`
--

LOCK TABLES `projects` WRITE;
/*!40000 ALTER TABLE `projects` DISABLE KEYS */;
set autocommit=0;
INSERT INTO `projects` VALUES
(1,164,'Project Phoenix: UI/UX Overhaul','open','2024-12-28 07:49:36',NULL,NULL),
(2,11,'API Integration Gateway','closed','2025-01-30 00:52:45','2025-05-07 00:52:45',NULL),
(3,79,'Predictive Analytics Engine','complete','2025-03-04 12:27:33',NULL,'2025-11-11 12:27:33'),
(4,426,'Natural Language Processing Bot','open','2024-12-04 10:39:40',NULL,NULL),
(5,160,'Q4 \"Summer Campaign\" Launch','closed','2025-04-04 14:18:58','2025-05-07 14:18:58',NULL),
(6,317,'SEO Content Strategy Revamp','complete','2024-11-13 03:12:05',NULL,'2025-10-13 03:12:05'),
(7,449,'Winter 2026 Collection Launch','open','2024-11-12 22:30:46',NULL,NULL),
(8,106,'E-commerce Platform Migration','closed','2024-10-07 02:12:19','2024-12-19 02:12:19',NULL),
(9,170,'Project Phoenix: UI/UX Overhaul','complete','2025-05-21 09:40:32',NULL,'2025-11-30 09:40:32'),
(10,472,'API Integration Gateway','open','2025-06-15 03:57:39',NULL,NULL),
(11,61,'Predictive Analytics Engine','closed','2025-01-08 04:39:20','2025-03-12 04:39:20',NULL),
(12,167,'Natural Language Processing Bot','complete','2025-06-30 09:12:21',NULL,'2025-11-29 09:12:21'),
(13,345,'Q4 \"Summer Campaign\" Launch','open','2025-06-22 04:15:34',NULL,NULL),
(14,315,'SEO Content Strategy Revamp','closed','2024-12-03 06:17:19','2025-04-13 06:17:19',NULL),
(15,256,'Winter 2026 Collection Launch','complete','2024-08-15 10:03:06',NULL,'2025-03-19 10:03:06'),
(16,475,'E-commerce Platform Migration','open','2024-11-30 06:33:04',NULL,NULL),
(17,306,'Project Phoenix: UI/UX Overhaul','closed','2024-08-11 22:24:23','2024-12-25 22:24:23',NULL),
(18,269,'API Integration Gateway','complete','2025-01-11 10:49:37',NULL,'2025-04-09 10:49:37'),
(19,385,'Predictive Analytics Engine','open','2024-08-28 05:38:03',NULL,NULL),
(20,166,'Natural Language Processing Bot','closed','2025-01-10 11:54:00','2025-03-11 11:54:00',NULL),
(21,172,'Q4 \"Summer Campaign\" Launch','complete','2024-08-19 17:17:41',NULL,'2025-04-18 17:17:41'),
(22,66,'SEO Content Strategy Revamp','open','2025-05-06 03:22:55',NULL,NULL),
(23,152,'Winter 2026 Collection Launch','closed','2025-06-05 05:15:11','2025-09-04 05:15:11',NULL),
(24,88,'E-commerce Platform Migration','complete','2025-06-30 07:15:52',NULL,'2026-04-21 07:15:52'),
(25,451,'Project Phoenix: UI/UX Overhaul','open','2025-01-25 10:55:05',NULL,NULL),
(26,276,'API Integration Gateway','closed','2024-10-04 12:24:07','2025-02-25 12:24:07',NULL),
(27,261,'Predictive Analytics Engine','complete','2024-10-13 13:39:00',NULL,'2025-08-26 13:39:00'),
(28,341,'Natural Language Processing Bot','open','2025-01-31 06:07:04',NULL,NULL),
(29,337,'Q4 \"Summer Campaign\" Launch','closed','2024-10-28 22:45:06','2025-02-19 22:45:06',NULL),
(30,19,'SEO Content Strategy Revamp','complete','2025-04-29 11:52:39',NULL,'2026-01-07 11:52:39'),
(31,446,'Winter 2026 Collection Launch','open','2025-07-30 17:10:18',NULL,NULL),
(32,460,'E-commerce Platform Migration','closed','2024-12-10 04:00:42','2025-05-04 04:00:42',NULL),
(33,83,'Project Phoenix: UI/UX Overhaul','complete','2024-09-02 19:31:45',NULL,'2025-07-07 19:31:45'),
(34,429,'API Integration Gateway','open','2024-08-22 03:40:52',NULL,NULL),
(35,230,'Predictive Analytics Engine','closed','2025-03-08 23:21:23','2025-08-02 23:21:23',NULL),
(36,291,'Natural Language Processing Bot','complete','2025-03-27 01:23:49',NULL,'2026-01-24 01:23:49'),
(37,159,'Q4 \"Summer Campaign\" Launch','open','2024-09-27 02:14:55',NULL,NULL),
(38,416,'SEO Content Strategy Revamp','closed','2025-06-20 11:51:50','2025-08-08 11:51:50',NULL),
(39,15,'Winter 2026 Collection Launch','complete','2025-05-21 18:08:19',NULL,'2026-01-07 18:08:19'),
(40,18,'E-commerce Platform Migration','open','2025-04-24 07:26:33',NULL,NULL),
(41,2,'Project Phoenix: UI/UX Overhaul','closed','2025-03-06 10:52:53','2025-04-19 10:52:53',NULL),
(42,189,'API Integration Gateway','complete','2024-11-26 14:34:06',NULL,'2025-08-26 14:34:06'),
(43,27,'Predictive Analytics Engine','open','2025-03-16 08:26:10',NULL,NULL),
(44,118,'Natural Language Processing Bot','closed','2024-12-21 00:02:14','2025-02-18 00:02:14',NULL),
(45,389,'Q4 \"Summer Campaign\" Launch','complete','2025-03-04 22:02:54',NULL,'2025-06-01 22:02:54'),
(46,35,'SEO Content Strategy Revamp','open','2024-09-22 04:12:59',NULL,NULL),
(47,120,'Winter 2026 Collection Launch','closed','2025-03-03 21:26:12','2025-04-24 21:26:12',NULL),
(48,342,'E-commerce Platform Migration','complete','2025-07-05 06:14:14',NULL,'2026-03-14 06:14:14'),
(49,204,'Project Phoenix: UI/UX Overhaul','open','2025-07-25 05:24:12',NULL,NULL),
(50,349,'API Integration Gateway','closed','2025-04-12 16:08:04','2025-07-08 16:08:04',NULL),
(51,417,'Predictive Analytics Engine','complete','2025-03-13 02:15:47',NULL,'2025-10-28 02:15:47'),
(52,498,'Natural Language Processing Bot','open','2024-12-20 14:52:55',NULL,NULL),
(53,391,'Q4 \"Summer Campaign\" Launch','closed','2024-09-11 12:57:12','2025-03-03 12:57:12',NULL),
(54,14,'SEO Content Strategy Revamp','complete','2025-04-22 04:39:05',NULL,'2025-10-11 04:39:05'),
(55,125,'Winter 2026 Collection Launch','open','2025-07-21 10:47:06',NULL,NULL),
(56,453,'E-commerce Platform Migration','closed','2024-11-08 21:30:27','2025-05-03 21:30:27',NULL),
(57,234,'Project Phoenix: UI/UX Overhaul','complete','2025-05-14 00:24:19',NULL,'2026-01-09 00:24:19'),
(58,143,'API Integration Gateway','open','2024-08-28 17:55:14',NULL,NULL),
(59,212,'Predictive Analytics Engine','closed','2025-01-15 07:53:18','2025-04-15 07:53:18',NULL),
(60,427,'Natural Language Processing Bot','complete','2025-02-16 01:40:07',NULL,'2025-11-06 01:40:07'),
(61,378,'Q4 \"Summer Campaign\" Launch','open','2025-04-06 11:45:56',NULL,NULL),
(62,413,'SEO Content Strategy Revamp','closed','2025-01-23 06:18:05','2025-07-22 06:18:05',NULL),
(63,149,'Winter 2026 Collection Launch','complete','2024-12-19 14:35:26',NULL,'2025-08-19 14:35:26'),
(64,474,'E-commerce Platform Migration','open','2024-10-09 05:35:12',NULL,NULL),
(65,199,'Project Phoenix: UI/UX Overhaul','closed','2025-05-04 10:41:14','2025-07-08 10:41:14',NULL),
(66,358,'API Integration Gateway','complete','2025-06-19 09:11:33',NULL,'2025-09-18 09:11:33'),
(67,473,'Predictive Analytics Engine','open','2024-10-07 06:23:26',NULL,NULL),
(68,470,'Natural Language Processing Bot','closed','2024-10-10 15:25:04','2024-11-28 15:25:04',NULL),
(69,180,'Q4 \"Summer Campaign\" Launch','complete','2025-02-12 09:52:20',NULL,'2025-10-13 09:52:20'),
(70,448,'SEO Content Strategy Revamp','open','2025-05-17 17:11:10',NULL,NULL),
(71,57,'Winter 2026 Collection Launch','closed','2024-09-11 09:32:35','2024-10-25 09:32:35',NULL),
(72,435,'E-commerce Platform Migration','complete','2024-11-02 20:15:38',NULL,'2025-05-19 20:15:38'),
(73,231,'Project Phoenix: UI/UX Overhaul','open','2025-05-29 03:41:40',NULL,NULL),
(74,459,'API Integration Gateway','closed','2025-02-22 22:55:34','2025-08-02 22:55:34',NULL),
(75,158,'Predictive Analytics Engine','complete','2025-07-06 21:55:46',NULL,'2025-09-11 21:55:46'),
(76,440,'Natural Language Processing Bot','open','2025-03-26 04:23:29',NULL,NULL),
(77,290,'Q4 \"Summer Campaign\" Launch','closed','2025-02-18 02:47:58','2025-06-17 02:47:58',NULL),
(78,386,'SEO Content Strategy Revamp','complete','2024-11-07 04:48:11',NULL,'2025-01-10 04:48:11'),
(79,80,'Winter 2026 Collection Launch','open','2025-04-21 01:20:31',NULL,NULL),
(80,356,'E-commerce Platform Migration','closed','2025-04-18 20:13:40','2025-09-29 20:13:40',NULL),
(81,62,'Project Phoenix: UI/UX Overhaul','complete','2024-10-29 18:45:50',NULL,'2025-09-26 18:45:50'),
(82,67,'API Integration Gateway','open','2025-01-04 19:42:32',NULL,NULL),
(83,70,'Predictive Analytics Engine','closed','2024-12-22 14:32:44','2025-01-27 14:32:44',NULL),
(84,380,'Natural Language Processing Bot','complete','2025-02-21 07:59:53',NULL,'2025-07-18 07:59:53'),
(85,414,'Q4 \"Summer Campaign\" Launch','open','2024-08-14 16:18:21',NULL,NULL),
(86,292,'SEO Content Strategy Revamp','closed','2024-10-29 00:50:26','2025-04-18 00:50:26',NULL),
(87,123,'Winter 2026 Collection Launch','complete','2025-07-19 17:37:00',NULL,'2025-10-08 17:37:00'),
(88,32,'E-commerce Platform Migration','open','2024-09-25 16:55:15',NULL,NULL),
(89,129,'Project Phoenix: UI/UX Overhaul','closed','2024-11-04 02:41:14','2024-12-04 02:41:14',NULL),
(90,408,'API Integration Gateway','complete','2024-10-31 05:59:48',NULL,'2025-01-11 05:59:48'),
(91,436,'Predictive Analytics Engine','open','2024-10-21 10:07:57',NULL,NULL),
(92,224,'Natural Language Processing Bot','closed','2025-04-25 20:39:24','2025-06-06 20:39:24',NULL),
(93,162,'Q4 \"Summer Campaign\" Launch','complete','2024-10-20 01:14:11',NULL,'2025-02-06 01:14:11'),
(94,293,'SEO Content Strategy Revamp','open','2025-06-28 20:38:17',NULL,NULL),
(95,423,'Winter 2026 Collection Launch','closed','2024-10-15 14:38:32','2025-03-26 14:38:32',NULL),
(96,310,'E-commerce Platform Migration','complete','2025-07-06 03:47:25',NULL,'2025-12-15 03:47:25'),
(97,206,'Project Phoenix: UI/UX Overhaul','open','2024-12-12 13:35:35',NULL,NULL),
(98,47,'API Integration Gateway','closed','2024-08-28 16:31:12','2025-02-16 16:31:12',NULL),
(99,357,'Predictive Analytics Engine','complete','2024-10-22 02:04:30',NULL,'2025-04-24 02:04:30'),
(100,219,'Natural Language Processing Bot','open','2024-11-19 02:31:07',NULL,NULL),
(101,250,'Q4 \"Summer Campaign\" Launch','closed','2024-10-02 18:16:07','2024-11-13 18:16:07',NULL),
(102,153,'SEO Content Strategy Revamp','complete','2025-07-11 00:34:44',NULL,'2025-11-13 00:34:44'),
(103,99,'Winter 2026 Collection Launch','open','2024-08-20 20:15:46',NULL,NULL),
(104,499,'E-commerce Platform Migration','closed','2025-04-19 04:16:20','2025-09-10 04:16:20',NULL),
(105,468,'Project Phoenix: UI/UX Overhaul','complete','2025-06-15 07:54:29',NULL,'2025-08-28 07:54:29'),
(106,308,'API Integration Gateway','open','2024-12-01 11:12:24',NULL,NULL),
(107,60,'Predictive Analytics Engine','closed','2025-01-23 19:00:30','2025-04-01 19:00:30',NULL),
(108,10,'Natural Language Processing Bot','complete','2025-06-19 22:27:07',NULL,'2025-08-18 22:27:07'),
(109,351,'Q4 \"Summer Campaign\" Launch','open','2024-09-30 19:37:54',NULL,NULL),
(110,239,'SEO Content Strategy Revamp','closed','2025-01-14 02:57:58','2025-03-21 02:57:58',NULL),
(111,489,'Winter 2026 Collection Launch','complete','2025-07-24 12:55:48',NULL,'2026-02-07 12:55:48'),
(112,406,'E-commerce Platform Migration','open','2024-12-31 01:14:35',NULL,NULL),
(113,383,'Project Phoenix: UI/UX Overhaul','closed','2024-10-15 22:08:35','2025-02-26 22:08:35',NULL),
(114,69,'API Integration Gateway','complete','2025-03-06 02:15:28',NULL,'2025-11-21 02:15:28'),
(115,205,'Predictive Analytics Engine','open','2025-04-11 16:23:08',NULL,NULL),
(116,42,'Natural Language Processing Bot','closed','2024-08-28 09:28:27','2024-11-01 09:28:27',NULL),
(117,119,'Q4 \"Summer Campaign\" Launch','complete','2025-05-18 01:19:25',NULL,'2026-02-07 01:19:25'),
(118,335,'SEO Content Strategy Revamp','open','2025-01-18 18:29:40',NULL,NULL),
(119,420,'Winter 2026 Collection Launch','closed','2024-12-11 10:43:55','2025-02-11 10:43:55',NULL),
(120,433,'E-commerce Platform Migration','complete','2024-11-04 06:16:41',NULL,'2025-08-19 06:16:41'),
(121,179,'Project Phoenix: UI/UX Overhaul','open','2024-09-29 10:54:27',NULL,NULL),
(122,289,'API Integration Gateway','closed','2024-08-07 09:38:38','2024-11-20 09:38:38',NULL),
(123,51,'Predictive Analytics Engine','complete','2024-09-12 14:54:40',NULL,'2025-09-07 14:54:40'),
(124,381,'Natural Language Processing Bot','open','2024-08-26 05:50:39',NULL,NULL),
(125,483,'Q4 \"Summer Campaign\" Launch','closed','2025-02-04 14:03:05','2025-07-13 14:03:05',NULL),
(126,439,'SEO Content Strategy Revamp','complete','2025-06-10 03:25:46',NULL,'2025-10-14 03:25:46'),
(127,238,'Winter 2026 Collection Launch','open','2025-04-01 11:08:47',NULL,NULL),
(128,326,'E-commerce Platform Migration','closed','2025-07-13 14:39:10','2026-01-04 14:39:10',NULL),
(129,281,'Project Phoenix: UI/UX Overhaul','complete','2025-07-12 22:12:36',NULL,'2026-06-02 22:12:36'),
(130,145,'API Integration Gateway','open','2025-06-26 10:28:38',NULL,NULL),
(131,401,'Predictive Analytics Engine','closed','2025-01-06 13:28:02','2025-06-19 13:28:02',NULL),
(132,458,'Natural Language Processing Bot','complete','2025-01-25 23:57:49',NULL,'2025-09-28 23:57:49'),
(133,36,'Q4 \"Summer Campaign\" Launch','open','2025-07-23 06:21:41',NULL,NULL),
(134,211,'SEO Content Strategy Revamp','closed','2024-09-21 07:46:55','2024-12-04 07:46:55',NULL),
(135,49,'Winter 2026 Collection Launch','complete','2024-09-05 05:46:42',NULL,'2025-04-24 05:46:42'),
(136,177,'E-commerce Platform Migration','open','2024-09-04 18:49:03',NULL,NULL),
(137,321,'Project Phoenix: UI/UX Overhaul','closed','2025-03-17 17:43:37','2025-04-17 17:43:37',NULL),
(138,479,'API Integration Gateway','complete','2024-12-12 18:04:27',NULL,'2025-09-14 18:04:27'),
(139,259,'Predictive Analytics Engine','open','2025-05-27 13:51:09',NULL,NULL),
(140,202,'Natural Language Processing Bot','closed','2025-07-18 12:01:47','2025-10-04 12:01:47',NULL),
(141,248,'Q4 \"Summer Campaign\" Launch','complete','2025-05-05 22:59:02',NULL,'2025-08-25 22:59:02'),
(142,454,'SEO Content Strategy Revamp','open','2025-04-25 23:17:51',NULL,NULL),
(143,377,'Winter 2026 Collection Launch','closed','2024-10-24 23:41:40','2025-04-09 23:41:40',NULL),
(144,253,'E-commerce Platform Migration','complete','2025-04-06 09:34:35',NULL,'2026-03-13 09:34:35'),
(145,245,'Project Phoenix: UI/UX Overhaul','open','2024-08-15 07:55:03',NULL,NULL),
(146,375,'API Integration Gateway','closed','2024-12-08 13:07:20','2025-02-22 13:07:20',NULL),
(147,287,'Predictive Analytics Engine','complete','2025-03-21 11:11:42',NULL,'2026-01-25 11:11:42'),
(148,215,'Natural Language Processing Bot','open','2024-11-27 20:12:06',NULL,NULL),
(149,390,'Q4 \"Summer Campaign\" Launch','closed','2024-08-14 01:30:13','2025-01-10 01:30:13',NULL),
(150,305,'SEO Content Strategy Revamp','complete','2024-09-16 18:50:10',NULL,'2025-06-06 18:50:10'),
(151,68,'Winter 2026 Collection Launch','open','2024-12-24 03:05:18',NULL,NULL),
(152,65,'E-commerce Platform Migration','closed','2024-09-05 14:01:33','2024-11-30 14:01:33',NULL),
(153,22,'Project Phoenix: UI/UX Overhaul','complete','2025-02-23 18:59:35',NULL,'2025-07-16 18:59:35'),
(154,232,'API Integration Gateway','open','2024-09-13 18:47:31',NULL,NULL),
(155,191,'Predictive Analytics Engine','closed','2025-05-13 21:28:57','2025-09-08 21:28:57',NULL),
(156,400,'Natural Language Processing Bot','complete','2025-07-13 20:19:10',NULL,'2026-01-03 20:19:10'),
(157,271,'Q4 \"Summer Campaign\" Launch','open','2024-11-02 12:06:10',NULL,NULL),
(158,273,'SEO Content Strategy Revamp','closed','2025-01-01 16:59:15','2025-04-08 16:59:15',NULL),
(159,229,'Winter 2026 Collection Launch','complete','2025-02-19 03:28:14',NULL,'2025-10-01 03:28:14'),
(160,77,'E-commerce Platform Migration','open','2024-11-19 23:51:24',NULL,NULL),
(161,227,'Project Phoenix: UI/UX Overhaul','closed','2024-10-18 02:42:59','2024-12-10 02:42:59',NULL),
(162,338,'API Integration Gateway','complete','2024-09-06 23:16:25',NULL,'2025-04-08 23:16:25'),
(163,157,'Predictive Analytics Engine','open','2024-10-05 00:44:55',NULL,NULL),
(164,246,'Natural Language Processing Bot','closed','2024-11-20 02:32:24','2025-05-14 02:32:24',NULL),
(165,26,'Q4 \"Summer Campaign\" Launch','complete','2025-03-26 17:50:10',NULL,'2026-03-13 17:50:10'),
(166,441,'SEO Content Strategy Revamp','open','2025-07-09 15:34:43',NULL,NULL),
(167,247,'Winter 2026 Collection Launch','closed','2025-02-25 17:50:46','2025-07-17 17:50:46',NULL),
(168,214,'E-commerce Platform Migration','complete','2024-08-28 22:57:23',NULL,'2025-01-11 22:57:23'),
(169,193,'Project Phoenix: UI/UX Overhaul','open','2025-03-30 10:14:39',NULL,NULL),
(170,31,'API Integration Gateway','closed','2025-01-20 23:02:32','2025-05-11 23:02:32',NULL),
(171,76,'Predictive Analytics Engine','complete','2025-01-15 08:56:35',NULL,'2025-10-16 08:56:35'),
(172,283,'Natural Language Processing Bot','open','2024-10-07 05:14:09',NULL,NULL),
(173,104,'Q4 \"Summer Campaign\" Launch','closed','2024-11-14 00:36:04','2025-01-01 00:36:04',NULL),
(174,243,'SEO Content Strategy Revamp','complete','2025-04-17 00:13:34',NULL,'2025-08-21 00:13:34'),
(175,264,'Winter 2026 Collection Launch','open','2025-06-06 11:06:03',NULL,NULL),
(176,8,'E-commerce Platform Migration','closed','2025-04-10 18:00:12','2025-07-03 18:00:12',NULL),
(177,476,'Project Phoenix: UI/UX Overhaul','complete','2024-11-23 13:58:24',NULL,'2025-05-05 13:58:24'),
(178,233,'API Integration Gateway','open','2025-03-23 06:51:16',NULL,NULL),
(179,467,'Predictive Analytics Engine','closed','2024-11-04 08:04:22','2025-01-07 08:04:22',NULL),
(180,491,'Natural Language Processing Bot','complete','2025-05-08 10:42:50',NULL,'2026-04-12 10:42:50'),
(181,279,'Q4 \"Summer Campaign\" Launch','open','2025-03-29 13:42:41',NULL,NULL),
(182,156,'SEO Content Strategy Revamp','closed','2025-07-02 20:24:25','2025-12-23 20:24:25',NULL),
(183,466,'Winter 2026 Collection Launch','complete','2025-02-05 01:30:06',NULL,'2026-02-01 01:30:06'),
(184,340,'E-commerce Platform Migration','open','2025-06-18 01:40:44',NULL,NULL),
(185,421,'Project Phoenix: UI/UX Overhaul','closed','2024-12-29 06:54:48','2025-05-16 06:54:48',NULL),
(186,431,'API Integration Gateway','complete','2024-12-15 22:18:33',NULL,'2025-04-20 22:18:33'),
(187,30,'Predictive Analytics Engine','open','2025-05-31 16:41:10',NULL,NULL),
(188,469,'Natural Language Processing Bot','closed','2025-08-03 09:26:55','2025-10-16 09:26:55',NULL),
(189,235,'Q4 \"Summer Campaign\" Launch','complete','2025-02-16 15:51:29',NULL,'2025-06-28 15:51:29'),
(190,92,'SEO Content Strategy Revamp','open','2024-11-23 13:53:53',NULL,NULL),
(191,263,'Winter 2026 Collection Launch','closed','2025-07-31 17:28:03','2025-10-17 17:28:03',NULL),
(192,195,'E-commerce Platform Migration','complete','2024-08-28 04:36:57',NULL,'2025-02-20 04:36:57'),
(193,286,'Project Phoenix: UI/UX Overhaul','open','2025-08-05 02:06:00',NULL,NULL),
(194,277,'API Integration Gateway','closed','2024-09-17 07:46:40','2025-03-15 07:46:40',NULL),
(195,328,'Predictive Analytics Engine','complete','2025-07-17 16:53:09',NULL,'2026-07-12 16:53:09'),
(196,482,'Natural Language Processing Bot','open','2025-06-11 09:19:18',NULL,NULL),
(197,363,'Q4 \"Summer Campaign\" Launch','closed','2024-11-19 06:03:05','2025-02-05 06:03:05',NULL),
(198,398,'SEO Content Strategy Revamp','complete','2024-12-02 20:57:24',NULL,'2025-11-01 20:57:24'),
(199,84,'Winter 2026 Collection Launch','open','2025-07-28 14:10:21',NULL,NULL),
(200,59,'E-commerce Platform Migration','closed','2025-02-05 13:28:42','2025-05-29 13:28:42',NULL);
/*!40000 ALTER TABLE `projects` ENABLE KEYS */;
UNLOCK TABLES;
commit;

--
-- Table structure for table `regions`
--

DROP TABLE IF EXISTS `regions`;
/*!40101 SET @saved_cs_client     = @@character_set_client */;
/*!40101 SET character_set_client = utf8mb4 */;
CREATE TABLE `regions` (
  `id` char(3) NOT NULL,
  `name` varchar(100) DEFAULT NULL,
  PRIMARY KEY (`id`)
) ENGINE=InnoDB DEFAULT CHARSET=utf8mb4 COLLATE=utf8mb4_unicode_ci;
/*!40101 SET character_set_client = @saved_cs_client */;

--
-- Dumping data for table `regions`
--

LOCK TABLES `regions` WRITE;
/*!40000 ALTER TABLE `regions` DISABLE KEYS */;
set autocommit=0;
INSERT INTO `regions` VALUES
('ABW','Aruba'),
('AFG','Afghanistan'),
('AGO','Angola'),
('AIA','Anguilla'),
('ALA','land Islands'),
('ALB','Albania'),
('AND','Andorra'),
('ARE','United Arab Emirates'),
('ARG','Argentina'),
('ARM','Armenia'),
('ASM','American Samoa'),
('ATA','Antarctica'),
('ATF','French Southern Territories'),
('ATG','Antigua and Barbuda'),
('AUS','Australia'),
('AUT','Austria'),
('AZE','Azerbaijan'),
('BDI','Burundi'),
('BEL','Belgium'),
('BEN','Benin'),
('BES','Bonaire, Sint Eustatius and Saba'),
('BFA','Burkina Faso'),
('BGD','Bangladesh'),
('BGR','Bulgaria'),
('BHR','Bahrain'),
('BHS','Bahamas'),
('BIH','Bosnia and Herzegovina'),
('BLM','Saint Barthlemy'),
('BLR','Belarus'),
('BLZ','Belize'),
('BMU','Bermuda'),
('BOL','Bolivia, Plurinational State of'),
('BRA','Brazil'),
('BRB','Barbados'),
('BRN','Brunei Darussalam'),
('BTN','Bhutan'),
('BVT','Bouvet Island'),
('BWA','Botswana'),
('CAF','Central African Republic'),
('CAN','Canada'),
('CCK','Cocos (Keeling) Islands'),
('CHE','Switzerland'),
('CHL','Chile'),
('CHN','China'),
('CIV','Cte d\'Ivoire'),
('CMR','Cameroon'),
('COD','Congo, The Democratic Republic of the'),
('COG','Congo'),
('COK','Cook Islands'),
('COL','Colombia'),
('COM','Comoros'),
('CPV','Cabo Verde'),
('CRI','Costa Rica'),
('CUB','Cuba'),
('CUW','Curaao'),
('CXR','Christmas Island'),
('CYM','Cayman Islands'),
('CYP','Cyprus'),
('CZE','Czechia'),
('DEU','Germany'),
('DJI','Djibouti'),
('DMA','Dominica'),
('DNK','Denmark'),
('DOM','Dominican Republic'),
('DZA','Algeria'),
('ECU','Ecuador'),
('EGY','Egypt'),
('ERI','Eritrea'),
('ESH','Western Sahara'),
('ESP','Spain'),
('EST','Estonia'),
('ETH','Ethiopia'),
('FIN','Finland'),
('FJI','Fiji'),
('FLK','Falkland Islands (Malvinas)'),
('FRA','France'),
('FRO','Faroe Islands'),
('FSM','Micronesia, Federated States of'),
('GAB','Gabon'),
('GBR','United Kingdom'),
('GEO','Georgia'),
('GGY','Guernsey'),
('GHA','Ghana'),
('GIB','Gibraltar'),
('GIN','Guinea'),
('GLP','Guadeloupe'),
('GMB','Gambia'),
('GNB','Guinea-Bissau'),
('GNQ','Equatorial Guinea'),
('GRC','Greece'),
('GRD','Grenada'),
('GRL','Greenland'),
('GTM','Guatemala'),
('GUF','French Guiana'),
('GUM','Guam'),
('GUY','Guyana'),
('HKG','Hong Kong'),
('HMD','Heard Island and McDonald Islands'),
('HND','Honduras'),
('HRV','Croatia'),
('HTI','Haiti'),
('HUN','Hungary'),
('IDN','Indonesia'),
('IMN','Isle of Man'),
('IND','India'),
('IOT','British Indian Ocean Territory'),
('IRL','Ireland'),
('IRN','Iran, Islamic Republic of'),
('IRQ','Iraq'),
('ISL','Iceland'),
('ISR','Israel'),
('ITA','Italy'),
('JAM','Jamaica'),
('JEY','Jersey'),
('JOR','Jordan'),
('JPN','Japan'),
('KAZ','Kazakhstan'),
('KEN','Kenya'),
('KGZ','Kyrgyzstan'),
('KHM','Cambodia'),
('KIR','Kiribati'),
('KNA','Saint Kitts and Nevis'),
('KOR','Korea, Republic of'),
('KWT','Kuwait'),
('LAO','Lao People\'s Democratic Republic'),
('LBN','Lebanon'),
('LBR','Liberia'),
('LBY','Libya'),
('LCA','Saint Lucia'),
('LIE','Liechtenstein'),
('LKA','Sri Lanka'),
('LSO','Lesotho'),
('LTU','Lithuania'),
('LUX','Luxembourg'),
('LVA','Latvia'),
('MAC','Macao'),
('MAF','Saint Martin (French part)'),
('MAR','Morocco'),
('MCO','Monaco'),
('MDA','Moldova, Republic of'),
('MDG','Madagascar'),
('MDV','Maldives'),
('MEX','Mexico'),
('MHL','Marshall Islands'),
('MKD','North Macedonia'),
('MLI','Mali'),
('MLT','Malta'),
('MMR','Myanmar'),
('MNE','Montenegro'),
('MNG','Mongolia'),
('MNP','Northern Mariana Islands'),
('MOZ','Mozambique'),
('MRT','Mauritania'),
('MSR','Montserrat'),
('MTQ','Martinique'),
('MUS','Mauritius'),
('MWI','Malawi'),
('MYS','Malaysia'),
('MYT','Mayotte'),
('NAM','Namibia'),
('NCL','New Caledonia'),
('NER','Niger'),
('NFK','Norfolk Island'),
('NGA','Nigeria'),
('NIC','Nicaragua'),
('NIU','Niue'),
('NLD','Netherlands'),
('NOR','Norway'),
('NPL','Nepal'),
('NRU','Nauru'),
('NZL','New Zealand'),
('OMN','Oman'),
('PAK','Pakistan'),
('PAN','Panama'),
('PCN','Pitcairn'),
('PER','Peru'),
('PHL','Philippines'),
('PLW','Palau'),
('PNG','Papua New Guinea'),
('POL','Poland'),
('PRI','Puerto Rico'),
('PRK','Korea, Democratic People\'s Republic of'),
('PRT','Portugal'),
('PRY','Paraguay'),
('PSE','Palestine, State of'),
('PYF','French Polynesia'),
('QAT','Qatar'),
('REU','Runion'),
('ROU','Romania'),
('RUS','Russian Federation'),
('RWA','Rwanda'),
('SAU','Saudi Arabia'),
('SDN','Sudan'),
('SEN','Senegal'),
('SGP','Singapore'),
('SGS','South Georgia and the South Sandwich Islands'),
('SHN','Saint Helena, Ascension and Tristan da Cunha'),
('SJM','Svalbard and Jan Mayen'),
('SLB','Solomon Islands'),
('SLE','Sierra Leone'),
('SLV','El Salvador'),
('SMR','San Marino'),
('SOM','Somalia'),
('SPM','Saint Pierre and Miquelon'),
('SRB','Serbia'),
('SSD','South Sudan'),
('STP','Sao Tome and Principe'),
('SUR','Suriname'),
('SVK','Slovakia'),
('SVN','Slovenia'),
('SWE','Sweden'),
('SWZ','Eswatini'),
('SXM','Sint Maarten (Dutch part)'),
('SYC','Seychelles'),
('SYR','Syrian Arab Republic'),
('TCA','Turks and Caicos Islands'),
('TCD','Chad'),
('TGO','Togo'),
('THA','Thailand'),
('TJK','Tajikistan'),
('TKL','Tokelau'),
('TKM','Turkmenistan'),
('TLS','Timor-Leste'),
('TON','Tonga'),
('TTO','Trinidad and Tobago'),
('TUN','Tunisia'),
('TUR','Trkiye'),
('TUV','Tuvalu'),
('TWN','Taiwan, Province of China'),
('TZA','Tanzania, United Republic of'),
('UGA','Uganda'),
('UKR','Ukraine'),
('UMI','United States Minor Outlying Islands'),
('URY','Uruguay'),
('USA','United States'),
('UZB','Uzbekistan'),
('VAT','Holy See (Vatican City State)'),
('VCT','Saint Vincent and the Grenadines'),
('VEN','Venezuela, Bolivarian Republic of'),
('VGB','Virgin Islands, British'),
('VIR','Virgin Islands, U.S.'),
('VNM','Viet Nam'),
('VUT','Vanuatu'),
('WLF','Wallis and Futuna'),
('WSM','Samoa'),
('YEM','Yemen'),
('ZAF','South Africa'),
('ZMB','Zambia'),
('ZWE','Zimbabwe');
/*!40000 ALTER TABLE `regions` ENABLE KEYS */;
UNLOCK TABLES;
commit;

--
-- Table structure for table `skill_categories`
--

DROP TABLE IF EXISTS `skill_categories`;
/*!40101 SET @saved_cs_client     = @@character_set_client */;
/*!40101 SET character_set_client = utf8mb4 */;
CREATE TABLE `skill_categories` (
  `id` int(11) NOT NULL AUTO_INCREMENT,
  `name` varchar(100) DEFAULT NULL,
  `business_type_id` int(11) DEFAULT NULL,
  PRIMARY KEY (`id`),
  KEY `business_type_id` (`business_type_id`),
  CONSTRAINT `skill_categories_ibfk_1` FOREIGN KEY (`business_type_id`) REFERENCES `business_types` (`id`)
) ENGINE=InnoDB AUTO_INCREMENT=2 DEFAULT CHARSET=utf8mb4 COLLATE=utf8mb4_unicode_ci;
/*!40101 SET character_set_client = @saved_cs_client */;

--
-- Dumping data for table `skill_categories`
--

LOCK TABLES `skill_categories` WRITE;
/*!40000 ALTER TABLE `skill_categories` DISABLE KEYS */;
set autocommit=0;
INSERT INTO `skill_categories` VALUES
(1,'Sport and exercise psychologist',1);
/*!40000 ALTER TABLE `skill_categories` ENABLE KEYS */;
UNLOCK TABLES;
commit;

--
-- Table structure for table `skills`
--

DROP TABLE IF EXISTS `skills`;
/*!40101 SET @saved_cs_client     = @@character_set_client */;
/*!40101 SET character_set_client = utf8mb4 */;
CREATE TABLE `skills` (
  `id` int(11) NOT NULL AUTO_INCREMENT,
  `category_id` int(11) DEFAULT NULL,
  `name` varchar(100) DEFAULT NULL,
  `picture` varchar(255) DEFAULT NULL,
  PRIMARY KEY (`id`),
  KEY `category_id` (`category_id`),
  CONSTRAINT `skills_ibfk_1` FOREIGN KEY (`category_id`) REFERENCES `skill_categories` (`id`)
) ENGINE=InnoDB AUTO_INCREMENT=2 DEFAULT CHARSET=utf8mb4 COLLATE=utf8mb4_unicode_ci;
/*!40101 SET character_set_client = @saved_cs_client */;

--
-- Dumping data for table `skills`
--

LOCK TABLES `skills` WRITE;
/*!40000 ALTER TABLE `skills` DISABLE KEYS */;
set autocommit=0;
INSERT INTO `skills` VALUES
(1,1,'Python',NULL);
/*!40000 ALTER TABLE `skills` ENABLE KEYS */;
UNLOCK TABLES;
commit;

--
-- Table structure for table `strength_categories`
--

DROP TABLE IF EXISTS `strength_categories`;
/*!40101 SET @saved_cs_client     = @@character_set_client */;
/*!40101 SET character_set_client = utf8mb4 */;
CREATE TABLE `strength_categories` (
  `id` int(11) NOT NULL AUTO_INCREMENT,
  `name` varchar(100) DEFAULT NULL,
  PRIMARY KEY (`id`)
) ENGINE=InnoDB AUTO_INCREMENT=505 DEFAULT CHARSET=utf8mb4 COLLATE=utf8mb4_unicode_ci;
/*!40101 SET character_set_client = @saved_cs_client */;

--
-- Dumping data for table `strength_categories`
--

LOCK TABLES `strength_categories` WRITE;
/*!40000 ALTER TABLE `strength_categories` DISABLE KEYS */;
set autocommit=0;
INSERT INTO `strength_categories` VALUES
(1,'Technical'),
(2,'Business'),
(3,'Creative'),
(4,'Leadership'),
(5,'Technical'),
(6,'Business'),
(7,'Creative'),
(8,'Leadership'),
(9,'Technical'),
(10,'Business'),
(11,'Creative'),
(12,'Leadership'),
(13,'Technical'),
(14,'Business'),
(15,'Creative'),
(16,'Leadership'),
(17,'Technical'),
(18,'Business'),
(19,'Creative'),
(20,'Leadership'),
(21,'Technical'),
(22,'Business'),
(23,'Creative'),
(24,'Leadership'),
(25,'Technical'),
(26,'Business'),
(27,'Creative'),
(28,'Leadership'),
(29,'Technical'),
(30,'Business'),
(31,'Creative'),
(32,'Leadership'),
(33,'Technical'),
(34,'Business'),
(35,'Creative'),
(36,'Leadership'),
(37,'Technical'),
(38,'Business'),
(39,'Creative'),
(40,'Leadership'),
(41,'Technical'),
(42,'Business'),
(43,'Creative'),
(44,'Leadership'),
(45,'Technical'),
(46,'Business'),
(47,'Creative'),
(48,'Leadership'),
(49,'Technical'),
(50,'Business'),
(51,'Creative'),
(52,'Leadership'),
(53,'Technical'),
(54,'Business'),
(55,'Creative'),
(56,'Leadership'),
(57,'Technical'),
(58,'Business'),
(59,'Creative'),
(60,'Leadership'),
(61,'Technical'),
(62,'Business'),
(63,'Creative'),
(64,'Leadership'),
(65,'Technical'),
(66,'Business'),
(67,'Creative'),
(68,'Leadership'),
(69,'Technical'),
(70,'Business'),
(71,'Creative'),
(72,'Leadership'),
(73,'Technical'),
(74,'Business'),
(75,'Creative'),
(76,'Leadership'),
(77,'Technical'),
(78,'Business'),
(79,'Creative'),
(80,'Leadership'),
(81,'Technical'),
(82,'Business'),
(83,'Creative'),
(84,'Leadership'),
(85,'Technical'),
(86,'Business'),
(87,'Creative'),
(88,'Leadership'),
(89,'Technical'),
(90,'Business'),
(91,'Creative'),
(92,'Leadership'),
(93,'Technical'),
(94,'Business'),
(95,'Creative'),
(96,'Leadership'),
(97,'Technical'),
(98,'Business'),
(99,'Creative'),
(100,'Leadership'),
(101,'Technical'),
(102,'Business'),
(103,'Creative'),
(104,'Leadership'),
(105,'Technical'),
(106,'Business'),
(107,'Creative'),
(108,'Leadership'),
(109,'Technical'),
(110,'Business'),
(111,'Creative'),
(112,'Leadership'),
(113,'Technical'),
(114,'Business'),
(115,'Creative'),
(116,'Leadership'),
(117,'Technical'),
(118,'Business'),
(119,'Creative'),
(120,'Leadership'),
(121,'Technical'),
(122,'Business'),
(123,'Creative'),
(124,'Leadership'),
(125,'Technical'),
(126,'Business'),
(127,'Creative'),
(128,'Leadership'),
(129,'Technical'),
(130,'Business'),
(131,'Creative'),
(132,'Leadership'),
(133,'Technical'),
(134,'Business'),
(135,'Creative'),
(136,'Leadership'),
(137,'Technical'),
(138,'Business'),
(139,'Creative'),
(140,'Leadership'),
(141,'Technical'),
(142,'Business'),
(143,'Creative'),
(144,'Leadership'),
(145,'Technical'),
(146,'Business'),
(147,'Creative'),
(148,'Leadership'),
(149,'Technical'),
(150,'Business'),
(151,'Creative'),
(152,'Leadership'),
(153,'Technical'),
(154,'Business'),
(155,'Creative'),
(156,'Leadership'),
(157,'Technical'),
(158,'Business'),
(159,'Creative'),
(160,'Leadership'),
(161,'Technical'),
(162,'Business'),
(163,'Creative'),
(164,'Leadership'),
(165,'Technical'),
(166,'Business'),
(167,'Creative'),
(168,'Leadership'),
(169,'Technical'),
(170,'Business'),
(171,'Creative'),
(172,'Leadership'),
(173,'Technical'),
(174,'Business'),
(175,'Creative'),
(176,'Leadership'),
(177,'Technical'),
(178,'Business'),
(179,'Creative'),
(180,'Leadership'),
(181,'Technical'),
(182,'Business'),
(183,'Creative'),
(184,'Leadership'),
(185,'Technical'),
(186,'Business'),
(187,'Creative'),
(188,'Leadership'),
(189,'Technical'),
(190,'Business'),
(191,'Creative'),
(192,'Leadership'),
(193,'Technical'),
(194,'Business'),
(195,'Creative'),
(196,'Leadership'),
(197,'Technical'),
(198,'Business'),
(199,'Creative'),
(200,'Leadership'),
(201,'Technical'),
(202,'Business'),
(203,'Creative'),
(204,'Leadership'),
(205,'Technical'),
(206,'Business'),
(207,'Creative'),
(208,'Leadership'),
(209,'Technical'),
(210,'Business'),
(211,'Creative'),
(212,'Leadership'),
(213,'Technical'),
(214,'Business'),
(215,'Creative'),
(216,'Leadership'),
(217,'Technical'),
(218,'Business'),
(219,'Creative'),
(220,'Leadership'),
(221,'Technical'),
(222,'Business'),
(223,'Creative'),
(224,'Leadership'),
(225,'Technical'),
(226,'Business'),
(227,'Creative'),
(228,'Leadership'),
(229,'Technical'),
(230,'Business'),
(231,'Creative'),
(232,'Leadership'),
(233,'Technical'),
(234,'Business'),
(235,'Creative'),
(236,'Leadership'),
(237,'Technical'),
(238,'Business'),
(239,'Creative'),
(240,'Leadership'),
(241,'Technical'),
(242,'Business'),
(243,'Creative'),
(244,'Leadership'),
(245,'Technical'),
(246,'Business'),
(247,'Creative'),
(248,'Leadership'),
(249,'Technical'),
(250,'Business'),
(251,'Creative'),
(252,'Leadership'),
(253,'Technical'),
(254,'Business'),
(255,'Creative'),
(256,'Leadership'),
(257,'Technical'),
(258,'Business'),
(259,'Creative'),
(260,'Leadership'),
(261,'Technical'),
(262,'Business'),
(263,'Creative'),
(264,'Leadership'),
(265,'Technical'),
(266,'Business'),
(267,'Creative'),
(268,'Leadership'),
(269,'Technical'),
(270,'Business'),
(271,'Creative'),
(272,'Leadership'),
(273,'Technical'),
(274,'Business'),
(275,'Creative'),
(276,'Leadership'),
(277,'Technical'),
(278,'Business'),
(279,'Creative'),
(280,'Leadership'),
(281,'Technical'),
(282,'Business'),
(283,'Creative'),
(284,'Leadership'),
(285,'Technical'),
(286,'Business'),
(287,'Creative'),
(288,'Leadership'),
(289,'Technical'),
(290,'Business'),
(291,'Creative'),
(292,'Leadership'),
(293,'Technical'),
(294,'Business'),
(295,'Creative'),
(296,'Leadership'),
(297,'Technical'),
(298,'Business'),
(299,'Creative'),
(300,'Leadership'),
(301,'Technical'),
(302,'Business'),
(303,'Creative'),
(304,'Leadership'),
(305,'Technical'),
(306,'Business'),
(307,'Creative'),
(308,'Leadership'),
(309,'Technical'),
(310,'Business'),
(311,'Creative'),
(312,'Leadership'),
(313,'Technical'),
(314,'Business'),
(315,'Creative'),
(316,'Leadership'),
(317,'Technical'),
(318,'Business'),
(319,'Creative'),
(320,'Leadership'),
(321,'Technical'),
(322,'Business'),
(323,'Creative'),
(324,'Leadership'),
(325,'Technical'),
(326,'Business'),
(327,'Creative'),
(328,'Leadership'),
(329,'Technical'),
(330,'Business'),
(331,'Creative'),
(332,'Leadership'),
(333,'Technical'),
(334,'Business'),
(335,'Creative'),
(336,'Leadership'),
(337,'Technical'),
(338,'Business'),
(339,'Creative'),
(340,'Leadership'),
(341,'Technical'),
(342,'Business'),
(343,'Creative'),
(344,'Leadership'),
(345,'Technical'),
(346,'Business'),
(347,'Creative'),
(348,'Leadership'),
(349,'Technical'),
(350,'Business'),
(351,'Creative'),
(352,'Leadership'),
(353,'Technical'),
(354,'Business'),
(355,'Creative'),
(356,'Leadership'),
(357,'Technical'),
(358,'Business'),
(359,'Creative'),
(360,'Leadership'),
(361,'Technical'),
(362,'Business'),
(363,'Creative'),
(364,'Leadership'),
(365,'Technical'),
(366,'Business'),
(367,'Creative'),
(368,'Leadership'),
(369,'Technical'),
(370,'Business'),
(371,'Creative'),
(372,'Leadership'),
(373,'Technical'),
(374,'Business'),
(375,'Creative'),
(376,'Leadership'),
(377,'Technical'),
(378,'Business'),
(379,'Creative'),
(380,'Leadership'),
(381,'Technical'),
(382,'Business'),
(383,'Creative'),
(384,'Leadership'),
(385,'Technical'),
(386,'Business'),
(387,'Creative'),
(388,'Leadership'),
(389,'Technical'),
(390,'Business'),
(391,'Creative'),
(392,'Leadership'),
(393,'Technical'),
(394,'Business'),
(395,'Creative'),
(396,'Leadership'),
(397,'Technical'),
(398,'Business'),
(399,'Creative'),
(400,'Leadership'),
(401,'Technical'),
(402,'Business'),
(403,'Creative'),
(404,'Leadership'),
(405,'Technical'),
(406,'Business'),
(407,'Creative'),
(408,'Leadership'),
(409,'Technical'),
(410,'Business'),
(411,'Creative'),
(412,'Leadership'),
(413,'Technical'),
(414,'Business'),
(415,'Creative'),
(416,'Leadership'),
(417,'Technical'),
(418,'Business'),
(419,'Creative'),
(420,'Leadership'),
(421,'Technical'),
(422,'Business'),
(423,'Creative'),
(424,'Leadership'),
(425,'Technical'),
(426,'Business'),
(427,'Creative'),
(428,'Leadership'),
(429,'Technical'),
(430,'Business'),
(431,'Creative'),
(432,'Leadership'),
(433,'Technical'),
(434,'Business'),
(435,'Creative'),
(436,'Leadership'),
(437,'Technical'),
(438,'Business'),
(439,'Creative'),
(440,'Leadership'),
(441,'Technical'),
(442,'Business'),
(443,'Creative'),
(444,'Leadership'),
(445,'Technical'),
(446,'Business'),
(447,'Creative'),
(448,'Leadership'),
(449,'Technical'),
(450,'Business'),
(451,'Creative'),
(452,'Leadership'),
(453,'Technical'),
(454,'Business'),
(455,'Creative'),
(456,'Leadership'),
(457,'Technical'),
(458,'Business'),
(459,'Creative'),
(460,'Leadership'),
(461,'Technical'),
(462,'Business'),
(463,'Creative'),
(464,'Leadership'),
(465,'Technical'),
(466,'Business'),
(467,'Creative'),
(468,'Leadership'),
(469,'Technical'),
(470,'Business'),
(471,'Creative'),
(472,'Leadership'),
(473,'Technical'),
(474,'Business'),
(475,'Creative'),
(476,'Leadership'),
(477,'Technical'),
(478,'Business'),
(479,'Creative'),
(480,'Leadership'),
(481,'Technical'),
(482,'Business'),
(483,'Creative'),
(484,'Leadership'),
(485,'Technical'),
(486,'Business'),
(487,'Creative'),
(488,'Leadership'),
(489,'Technical'),
(490,'Business'),
(491,'Creative'),
(492,'Leadership'),
(493,'Technical'),
(494,'Business'),
(495,'Creative'),
(496,'Leadership'),
(497,'Technical'),
(498,'Business'),
(499,'Creative'),
(500,'Leadership'),
(501,'Technical'),
(502,'Business'),
(503,'Creative'),
(504,'Leadership');
/*!40000 ALTER TABLE `strength_categories` ENABLE KEYS */;
UNLOCK TABLES;
commit;

--
-- Table structure for table `strengths`
--

DROP TABLE IF EXISTS `strengths`;
/*!40101 SET @saved_cs_client     = @@character_set_client */;
/*!40101 SET character_set_client = utf8mb4 */;
CREATE TABLE `strengths` (
  `id` int(11) NOT NULL AUTO_INCREMENT,
  `category_id` int(11) DEFAULT NULL,
  `name` varchar(100) DEFAULT NULL,
  PRIMARY KEY (`id`),
  KEY `category_id` (`category_id`),
  CONSTRAINT `strengths_ibfk_1` FOREIGN KEY (`category_id`) REFERENCES `strength_categories` (`id`)
) ENGINE=InnoDB AUTO_INCREMENT=501 DEFAULT CHARSET=utf8mb4 COLLATE=utf8mb4_unicode_ci;
/*!40101 SET character_set_client = @saved_cs_client */;

--
-- Dumping data for table `strengths`
--

LOCK TABLES `strengths` WRITE;
/*!40000 ALTER TABLE `strengths` DISABLE KEYS */;
set autocommit=0;
INSERT INTO `strengths` VALUES
(1,5,'Paediatric nurse'),
(2,6,'Science writer'),
(3,7,'Chief Technology Officer'),
(4,8,'Insurance claims handler'),
(5,9,'Public house manager'),
(6,10,'Herpetologist'),
(7,11,'Firefighter'),
(8,12,'Engineer, maintenance'),
(9,13,'Journalist, broadcasting'),
(10,14,'Psychologist, sport and exercise'),
(11,15,'Librarian, academic'),
(12,16,'Interior and spatial designer'),
(13,17,'Barrister'),
(14,18,'Therapist, drama'),
(15,19,'Multimedia programmer'),
(16,20,'Futures trader'),
(17,21,'Contractor'),
(18,22,'Interpreter'),
(19,23,'Programmer, systems'),
(20,24,'Clothing/textile technologist'),
(21,25,'Chief Operating Officer'),
(22,26,'Actor'),
(23,27,'Drilling engineer'),
(24,28,'Designer, industrial/product'),
(25,29,'Television camera operator'),
(26,30,'Hospital pharmacist'),
(27,31,'Field seismologist'),
(28,32,'Sound technician, broadcasting/film/video'),
(29,33,'Magazine features editor'),
(30,34,'Heritage manager'),
(31,35,'Research scientist (life sciences)'),
(32,36,'Operational investment banker'),
(33,37,'Commercial art gallery manager'),
(34,38,'Embryologist, clinical'),
(35,39,'Biomedical scientist'),
(36,40,'Futures trader'),
(37,41,'Financial planner'),
(38,42,'Horticulturist, amenity'),
(39,43,'Associate Professor'),
(40,44,'Adult guidance worker'),
(41,45,'Homeopath'),
(42,46,'Nutritional therapist'),
(43,47,'Investment analyst'),
(44,48,'Communications engineer'),
(45,49,'Garment/textile technologist'),
(46,50,'Secondary school teacher'),
(47,51,'Horticultural therapist'),
(48,52,'Public relations officer'),
(49,53,'Engineer, maintenance'),
(50,54,'Therapist, occupational'),
(51,55,'Pensions consultant'),
(52,56,'Operational investment banker'),
(53,57,'Chiropractor'),
(54,58,'Proofreader'),
(55,59,'Geneticist, molecular'),
(56,60,'Child psychotherapist'),
(57,61,'Engineer, biomedical'),
(58,62,'Psychologist, occupational'),
(59,63,'Surveyor, minerals'),
(60,64,'Clinical embryologist'),
(61,65,'Cytogeneticist'),
(62,66,'Biochemist, clinical'),
(63,67,'Patent examiner'),
(64,68,'Exhibition designer'),
(65,69,'Occupational therapist'),
(66,70,'Phytotherapist'),
(67,71,'Marketing executive'),
(68,72,'Field trials officer'),
(69,73,'Colour technologist'),
(70,74,'Company secretary'),
(71,75,'Analytical chemist'),
(72,76,'Occupational psychologist'),
(73,77,'International aid/development worker'),
(74,78,'Neurosurgeon'),
(75,79,'Pathologist'),
(76,80,'Seismic interpreter'),
(77,81,'Ecologist'),
(78,82,'Therapist, music'),
(79,83,'Banker'),
(80,84,'Editor, commissioning'),
(81,85,'Secretary/administrator'),
(82,86,'Careers information officer'),
(83,87,'Financial controller'),
(84,88,'Clinical scientist, histocompatibility and immunogenetics'),
(85,89,'Social researcher'),
(86,90,'Research scientist (physical sciences)'),
(87,91,'Psychiatric nurse'),
(88,92,'Optician, dispensing'),
(89,93,'Programmer, applications'),
(90,94,'Software engineer'),
(91,95,'Tax adviser'),
(92,96,'Environmental manager'),
(93,97,'Loss adjuster, chartered'),
(94,98,'Chartered legal executive (England and Wales)'),
(95,99,'Physicist, medical'),
(96,100,'Mechanical engineer'),
(97,101,'Printmaker'),
(98,102,'Psychologist, prison and probation services'),
(99,103,'Holiday representative'),
(100,104,'Banker'),
(101,105,'Electronics engineer'),
(102,106,'Designer, blown glass/stained glass'),
(103,107,'Designer, industrial/product'),
(104,108,'Higher education careers adviser'),
(105,109,'Engineer, materials'),
(106,110,'Engineering geologist'),
(107,111,'Make'),
(108,112,'Special effects artist'),
(109,113,'Teacher, music'),
(110,114,'Production designer, theatre/television/film'),
(111,115,'Oncologist'),
(112,116,'Industrial/product designer'),
(113,117,'Energy manager'),
(114,118,'Engineer, water'),
(115,119,'Forensic psychologist'),
(116,120,'Energy engineer'),
(117,121,'Warden/ranger'),
(118,122,'Sports administrator'),
(119,123,'Government social research officer'),
(120,124,'Development worker, international aid'),
(121,125,'Private music teacher'),
(122,126,'Nurse, children\'s'),
(123,127,'Programme researcher, broadcasting/film/video'),
(124,128,'Hospital pharmacist'),
(125,129,'Futures trader'),
(126,130,'Engineer, agricultural'),
(127,131,'Product/process development scientist'),
(128,132,'Scientist, research (maths)'),
(129,133,'Occupational psychologist'),
(130,134,'Nature conservation officer'),
(131,135,'Neurosurgeon'),
(132,136,'Counselling psychologist'),
(133,137,'Nurse, children\'s'),
(134,138,'Engineer, energy'),
(135,139,'Merchandiser, retail'),
(136,140,'Academic librarian'),
(137,141,'Magazine features editor'),
(138,142,'Veterinary surgeon'),
(139,143,'Haematologist'),
(140,144,'Sales promotion account executive'),
(141,145,'Administrator, education'),
(142,146,'Professor Emeritus'),
(143,147,'Psychiatric nurse'),
(144,148,'Biochemist, clinical'),
(145,149,'Artist'),
(146,150,'Research officer, trade union'),
(147,151,'Wellsite geologist'),
(148,152,'Public relations officer'),
(149,153,'Graphic designer'),
(150,154,'Electronics engineer'),
(151,155,'Wellsite geologist'),
(152,156,'Health physicist'),
(153,157,'Writer'),
(154,158,'Scientific laboratory technician'),
(155,159,'Secretary/administrator'),
(156,160,'Drilling engineer'),
(157,161,'Copywriter, advertising'),
(158,162,'Archaeologist'),
(159,163,'Legal executive'),
(160,164,'Public affairs consultant'),
(161,165,'Commercial/residential surveyor'),
(162,166,'Learning mentor'),
(163,167,'Paediatric nurse'),
(164,168,'English as a second language teacher'),
(165,169,'Petroleum engineer'),
(166,170,'Warden/ranger'),
(167,171,'Administrator, charities/voluntary organisations'),
(168,172,'Video editor'),
(169,173,'Manufacturing systems engineer'),
(170,174,'Engineer, building services'),
(171,175,'Chief Financial Officer'),
(172,176,'Legal secretary'),
(173,177,'Architectural technologist'),
(174,178,'Purchasing manager'),
(175,179,'Financial adviser'),
(176,180,'Waste management officer'),
(177,181,'Retail merchandiser'),
(178,182,'Radio broadcast assistant'),
(179,183,'Location manager'),
(180,184,'Geochemist'),
(181,185,'Information systems manager'),
(182,186,'Mental health nurse'),
(183,187,'Lecturer, further education'),
(184,188,'Print production planner'),
(185,189,'Pharmacologist'),
(186,190,'Orthoptist'),
(187,191,'Product manager'),
(188,192,'Haematologist'),
(189,193,'Corporate treasurer'),
(190,194,'Restaurant manager, fast food'),
(191,195,'Chemist, analytical'),
(192,196,'Geophysicist/field seismologist'),
(193,197,'Development worker, international aid'),
(194,198,'Theatre director'),
(195,199,'Regulatory affairs officer'),
(196,200,'Lighting technician, broadcasting/film/video'),
(197,201,'Travel agency manager'),
(198,202,'Designer, exhibition/display'),
(199,203,'Copywriter, advertising'),
(200,204,'Dentist'),
(201,205,'Biomedical scientist'),
(202,206,'Commercial horticulturist'),
(203,207,'Sport and exercise psychologist'),
(204,208,'Multimedia programmer'),
(205,209,'Therapist, horticultural'),
(206,210,'Herpetologist'),
(207,211,'Industrial/product designer'),
(208,212,'Copywriter, advertising'),
(209,213,'Clinical biochemist'),
(210,214,'Energy engineer'),
(211,215,'Soil scientist'),
(212,216,'Engineer, civil (consulting)'),
(213,217,'Quantity surveyor'),
(214,218,'Multimedia programmer'),
(215,219,'Surveyor, building'),
(216,220,'Veterinary surgeon'),
(217,221,'Land'),
(218,222,'Music tutor'),
(219,223,'Warden/ranger'),
(220,224,'Architectural technologist'),
(221,225,'Psychologist, counselling'),
(222,226,'Theatre stage manager'),
(223,227,'Chartered management accountant'),
(224,228,'Volunteer coordinator'),
(225,229,'Trading standards officer'),
(226,230,'Astronomer'),
(227,231,'Applications developer'),
(228,232,'Higher education lecturer'),
(229,233,'Orthoptist'),
(230,234,'Pharmacologist'),
(231,235,'Therapist, art'),
(232,236,'Administrator, charities/voluntary organisations'),
(233,237,'Education officer, environmental'),
(234,238,'Museum education officer'),
(235,239,'Chemist, analytical'),
(236,240,'Press photographer'),
(237,241,'Research scientist (physical sciences)'),
(238,242,'Ceramics designer'),
(239,243,'Higher education lecturer'),
(240,244,'Engineer, automotive'),
(241,245,'Ergonomist'),
(242,246,'Theatre manager'),
(243,247,'Conservator, museum/gallery'),
(244,248,'Fine artist'),
(245,249,'Archivist'),
(246,250,'Scientist, research (physical sciences)'),
(247,251,'Designer, blown glass/stained glass'),
(248,252,'Engineer, site'),
(249,253,'Early years teacher'),
(250,254,'Administrator, Civil Service'),
(251,255,'Medical technical officer'),
(252,256,'Psychologist, forensic'),
(253,257,'Corporate treasurer'),
(254,258,'Accountant, chartered'),
(255,259,'Industrial/product designer'),
(256,260,'Engineer, broadcasting (operations)'),
(257,261,'Sound technician, broadcasting/film/video'),
(258,262,'Psychologist, educational'),
(259,263,'Food technologist'),
(260,264,'Surveyor, mining'),
(261,265,'Clinical biochemist'),
(262,266,'Gaffer'),
(263,267,'Financial planner'),
(264,268,'Publishing copy'),
(265,269,'Associate Professor'),
(266,270,'Contracting civil engineer'),
(267,271,'Broadcast engineer'),
(268,272,'Financial manager'),
(269,273,'Dancer'),
(270,274,'Science writer'),
(271,275,'Statistician'),
(272,276,'Wellsite geologist'),
(273,277,'Conservation officer, nature'),
(274,278,'Air traffic controller'),
(275,279,'Maintenance engineer'),
(276,280,'Seismic interpreter'),
(277,281,'Heritage manager'),
(278,282,'Armed forces training and education officer'),
(279,283,'Recruitment consultant'),
(280,284,'Therapist, music'),
(281,285,'Engineer, agricultural'),
(282,286,'Chartered accountant'),
(283,287,'Designer, ceramics/pottery'),
(284,288,'Adult nurse'),
(285,289,'Podiatrist'),
(286,290,'Engineer, energy'),
(287,291,'Energy manager'),
(288,292,'Surveyor, building control'),
(289,293,'Hotel manager'),
(290,294,'Dramatherapist'),
(291,295,'Scientist, audiological'),
(292,296,'Engineer, site'),
(293,297,'Field seismologist'),
(294,298,'Public relations officer'),
(295,299,'Company secretary'),
(296,300,'Surveyor, minerals'),
(297,301,'Restaurant manager, fast food'),
(298,302,'Clinical scientist, histocompatibility and immunogenetics'),
(299,303,'Careers information officer'),
(300,304,'Forest/woodland manager'),
(301,305,'Community arts worker'),
(302,306,'Site engineer'),
(303,307,'Barrister'),
(304,308,'Doctor, hospital'),
(305,309,'Product/process development scientist'),
(306,310,'Teacher, music'),
(307,311,'Financial risk analyst'),
(308,312,'Phytotherapist'),
(309,313,'Photographer'),
(310,314,'Surveyor, mining'),
(311,315,'Osteopath'),
(312,316,'Theatre manager'),
(313,317,'Nurse, mental health'),
(314,318,'Neurosurgeon'),
(315,319,'Psychologist, counselling'),
(316,320,'Futures trader'),
(317,321,'IT trainer'),
(318,322,'Manufacturing engineer'),
(319,323,'Conservator, furniture'),
(320,324,'Passenger transport manager'),
(321,325,'Scientist, physiological'),
(322,326,'Photographer'),
(323,327,'Engineer, building services'),
(324,328,'Teacher, primary school'),
(325,329,'Commercial horticulturist'),
(326,330,'Accountant, chartered public finance'),
(327,331,'Engineer, water'),
(328,332,'Operational investment banker'),
(329,333,'Immunologist'),
(330,334,'Pharmacist, community'),
(331,335,'Biomedical scientist'),
(332,336,'Charity fundraiser'),
(333,337,'Chartered loss adjuster'),
(334,338,'Architectural technologist'),
(335,339,'Arboriculturist'),
(336,340,'Ambulance person'),
(337,341,'Theatre director'),
(338,342,'Film/video editor'),
(339,343,'Comptroller'),
(340,344,'Exercise physiologist'),
(341,345,'Television production assistant'),
(342,346,'Advertising account executive'),
(343,347,'Accommodation manager'),
(344,348,'Financial planner'),
(345,349,'Neurosurgeon'),
(346,350,'Embryologist, clinical'),
(347,351,'Higher education careers adviser'),
(348,352,'Chief Operating Officer'),
(349,353,'Meteorologist'),
(350,354,'Teaching laboratory technician'),
(351,355,'Programmer, systems'),
(352,356,'Lecturer, further education'),
(353,357,'Health physicist'),
(354,358,'Lobbyist'),
(355,359,'Conservator, furniture'),
(356,360,'Market researcher'),
(357,361,'Emergency planning/management officer'),
(358,362,'Mining engineer'),
(359,363,'Geophysical data processor'),
(360,364,'Engineer, broadcasting (operations)'),
(361,365,'Tourism officer'),
(362,366,'Nurse, children\'s'),
(363,367,'IT technical support officer'),
(364,368,'Insurance underwriter'),
(365,369,'Firefighter'),
(366,370,'Geneticist, molecular'),
(367,371,'Dramatherapist'),
(368,372,'Arts administrator'),
(369,373,'Civil engineer, consulting'),
(370,374,'Chief Strategy Officer'),
(371,375,'Orthoptist'),
(372,376,'Radio producer'),
(373,377,'Database administrator'),
(374,378,'Teacher, secondary school'),
(375,379,'Development worker, international aid'),
(376,380,'Risk analyst'),
(377,381,'Civil Service fast streamer'),
(378,382,'Cytogeneticist'),
(379,383,'Air cabin crew'),
(380,384,'Arts administrator'),
(381,385,'Biomedical scientist'),
(382,386,'Civil Service fast streamer'),
(383,387,'Production designer, theatre/television/film'),
(384,388,'Maintenance engineer'),
(385,389,'Sports development officer'),
(386,390,'Dealer'),
(387,391,'Technical author'),
(388,392,'Air cabin crew'),
(389,393,'Psychotherapist, dance movement'),
(390,394,'Airline pilot'),
(391,395,'Medical sales representative'),
(392,396,'Pathologist'),
(393,397,'Agricultural consultant'),
(394,398,'Community pharmacist'),
(395,399,'Hydrogeologist'),
(396,400,'Broadcast engineer'),
(397,401,'Air traffic controller'),
(398,402,'Government social research officer'),
(399,403,'Electrical engineer'),
(400,404,'Astronomer'),
(401,405,'Prison officer'),
(402,406,'Mudlogger'),
(403,407,'Manufacturing systems engineer'),
(404,408,'Health and safety adviser'),
(405,409,'Engineer, land'),
(406,410,'Forensic psychologist'),
(407,411,'Ranger/warden'),
(408,412,'Land/geomatics surveyor'),
(409,413,'Meteorologist'),
(410,414,'Interior and spatial designer'),
(411,415,'Engineer, biomedical'),
(412,416,'Private music teacher'),
(413,417,'Database administrator'),
(414,418,'Surveyor, planning and development'),
(415,419,'Prison officer'),
(416,420,'Historic buildings inspector/conservation officer'),
(417,421,'Runner, broadcasting/film/video'),
(418,422,'Engineer, drilling'),
(419,423,'Sports coach'),
(420,424,'Colour technologist'),
(421,425,'Nurse, children\'s'),
(422,426,'Engineer, petroleum'),
(423,427,'Energy engineer'),
(424,428,'Petroleum engineer'),
(425,429,'Trading standards officer'),
(426,430,'Programme researcher, broadcasting/film/video'),
(427,431,'Primary school teacher'),
(428,432,'Radiation protection practitioner'),
(429,433,'Warden/ranger'),
(430,434,'Engineering geologist'),
(431,435,'Psychologist, counselling'),
(432,436,'Osteopath'),
(433,437,'Teacher, special educational needs'),
(434,438,'Broadcast presenter'),
(435,439,'Teacher, primary school'),
(436,440,'Health and safety inspector'),
(437,441,'Politician\'s assistant'),
(438,442,'Management consultant'),
(439,443,'Chief Strategy Officer'),
(440,444,'Pensions consultant'),
(441,445,'Agricultural consultant'),
(442,446,'Solicitor, Scotland'),
(443,447,'Armed forces logistics/support/administrative officer'),
(444,448,'Archaeologist'),
(445,449,'Buyer, retail'),
(446,450,'Bonds trader'),
(447,451,'Therapist, occupational'),
(448,452,'Haematologist'),
(449,453,'Patent attorney'),
(450,454,'Patent examiner'),
(451,455,'Textile designer'),
(452,456,'IT trainer'),
(453,457,'Mudlogger'),
(454,458,'Education officer, environmental'),
(455,459,'Tree surgeon'),
(456,460,'Homeopath'),
(457,461,'Retail manager'),
(458,462,'Historic buildings inspector/conservation officer'),
(459,463,'Leisure centre manager'),
(460,464,'Printmaker'),
(461,465,'Materials engineer'),
(462,466,'English as a second language teacher'),
(463,467,'Accommodation manager'),
(464,468,'Designer, multimedia'),
(465,469,'Hydrologist'),
(466,470,'Lighting technician, broadcasting/film/video'),
(467,471,'Production assistant, television'),
(468,472,'Scientist, research (life sciences)'),
(469,473,'Designer, fashion/clothing'),
(470,474,'Film/video editor'),
(471,475,'Multimedia specialist'),
(472,476,'Loss adjuster, chartered'),
(473,477,'Dietitian'),
(474,478,'Public relations account executive'),
(475,479,'Sports therapist'),
(476,480,'Dietitian'),
(477,481,'Visual merchandiser'),
(478,482,'Facilities manager'),
(479,483,'Administrator, education'),
(480,484,'Ecologist'),
(481,485,'Insurance account manager'),
(482,486,'Health visitor'),
(483,487,'Biomedical scientist'),
(484,488,'Radio broadcast assistant'),
(485,489,'Engineer, site'),
(486,490,'Engineer, energy'),
(487,491,'Clinical research associate'),
(488,492,'English as a second language teacher'),
(489,493,'Armed forces technical officer'),
(490,494,'Financial adviser'),
(491,495,'Soil scientist'),
(492,496,'Applications developer'),
(493,497,'Brewing technologist'),
(494,498,'Medical physicist'),
(495,499,'Engineer, materials'),
(496,500,'Research scientist (physical sciences)'),
(497,501,'Land/geomatics surveyor'),
(498,502,'Financial adviser'),
(499,503,'Journalist, broadcasting'),
(500,504,'Designer, ceramics/pottery');
/*!40000 ALTER TABLE `strengths` ENABLE KEYS */;
UNLOCK TABLES;
commit;

--
-- Table structure for table `subscriptions`
--

DROP TABLE IF EXISTS `subscriptions`;
/*!40101 SET @saved_cs_client     = @@character_set_client */;
/*!40101 SET character_set_client = utf8mb4 */;
CREATE TABLE `subscriptions` (
  `id` int(11) NOT NULL AUTO_INCREMENT,
  `name` varchar(45) DEFAULT NULL,
  `price` decimal(16,2) DEFAULT NULL,
  `valid_days` int(11) DEFAULT NULL,
  `valid_months` int(11) DEFAULT NULL,
  PRIMARY KEY (`id`)
) ENGINE=InnoDB AUTO_INCREMENT=504 DEFAULT CHARSET=utf8mb4 COLLATE=utf8mb4_unicode_ci;
/*!40101 SET character_set_client = @saved_cs_client */;

--
-- Dumping data for table `subscriptions`
--

LOCK TABLES `subscriptions` WRITE;
/*!40000 ALTER TABLE `subscriptions` DISABLE KEYS */;
set autocommit=0;
INSERT INTO `subscriptions` VALUES
(1,'Basic',228.83,191,5),
(2,'Pro',207.08,304,7),
(3,'Enterprise',357.65,118,6),
(4,'Basic',492.60,312,11),
(5,'Pro',301.35,256,4),
(6,'Enterprise',388.97,133,8),
(7,'Basic',158.96,253,5),
(8,'Pro',376.69,270,2),
(9,'Enterprise',365.14,217,8),
(10,'Basic',227.25,301,12),
(11,'Pro',224.89,280,4),
(12,'Enterprise',339.43,73,7),
(13,'Basic',447.47,263,2),
(14,'Pro',447.68,109,9),
(15,'Enterprise',200.21,56,10),
(16,'Basic',270.02,298,5),
(17,'Pro',312.13,152,7),
(18,'Enterprise',107.44,345,3),
(19,'Basic',211.66,335,10),
(20,'Pro',113.84,209,5),
(21,'Enterprise',64.79,95,10),
(22,'Basic',410.70,325,9),
(23,'Pro',394.85,101,11),
(24,'Enterprise',141.84,216,11),
(25,'Basic',184.79,245,11),
(26,'Pro',429.72,65,2),
(27,'Enterprise',183.08,108,8),
(28,'Basic',206.14,133,4),
(29,'Pro',28.64,246,4),
(30,'Enterprise',440.65,191,11),
(31,'Basic',473.26,152,2),
(32,'Pro',487.18,236,3),
(33,'Enterprise',320.52,189,6),
(34,'Basic',417.05,290,1),
(35,'Pro',68.25,70,11),
(36,'Enterprise',31.65,243,10),
(37,'Basic',105.01,325,10),
(38,'Pro',71.23,36,10),
(39,'Enterprise',322.89,336,5),
(40,'Basic',313.22,213,9),
(41,'Pro',153.48,328,7),
(42,'Enterprise',216.15,118,5),
(43,'Basic',331.69,234,12),
(44,'Pro',338.69,249,9),
(45,'Enterprise',63.11,45,2),
(46,'Basic',150.43,342,8),
(47,'Pro',164.21,55,1),
(48,'Enterprise',251.90,53,12),
(49,'Basic',193.05,200,3),
(50,'Pro',423.46,241,6),
(51,'Enterprise',482.12,330,8),
(52,'Basic',253.05,198,11),
(53,'Pro',227.45,196,9),
(54,'Enterprise',108.53,177,12),
(55,'Basic',471.66,180,9),
(56,'Pro',279.08,76,10),
(57,'Enterprise',65.32,356,2),
(58,'Basic',119.85,287,4),
(59,'Pro',294.41,218,5),
(60,'Enterprise',165.16,227,10),
(61,'Basic',393.64,39,7),
(62,'Pro',297.84,254,12),
(63,'Enterprise',427.10,248,6),
(64,'Basic',164.95,311,6),
(65,'Pro',411.08,78,8),
(66,'Enterprise',50.58,230,11),
(67,'Basic',460.00,75,4),
(68,'Pro',73.90,273,7),
(69,'Enterprise',301.58,181,8),
(70,'Basic',451.68,353,4),
(71,'Pro',268.02,248,11),
(72,'Enterprise',253.84,186,5),
(73,'Basic',444.02,235,2),
(74,'Pro',319.22,183,5),
(75,'Enterprise',494.31,117,12),
(76,'Basic',207.78,182,3),
(77,'Pro',37.23,327,8),
(78,'Enterprise',60.77,44,12),
(79,'Basic',216.63,237,7),
(80,'Pro',369.01,343,3),
(81,'Enterprise',92.08,315,7),
(82,'Basic',209.92,254,8),
(83,'Pro',107.85,93,11),
(84,'Enterprise',80.28,52,6),
(85,'Basic',220.81,216,5),
(86,'Pro',311.80,209,11),
(87,'Enterprise',231.63,190,12),
(88,'Basic',188.96,306,2),
(89,'Pro',64.97,214,5),
(90,'Enterprise',496.90,340,10),
(91,'Basic',170.61,311,12),
(92,'Pro',229.46,270,7),
(93,'Enterprise',418.99,165,4),
(94,'Basic',218.15,135,5),
(95,'Pro',41.29,160,12),
(96,'Enterprise',356.07,89,4),
(97,'Basic',184.89,153,3),
(98,'Pro',432.27,315,11),
(99,'Enterprise',302.57,91,12),
(100,'Basic',194.34,221,9),
(101,'Pro',223.95,227,2),
(102,'Enterprise',110.64,206,4),
(103,'Basic',139.62,152,5),
(104,'Pro',285.32,346,7),
(105,'Enterprise',146.09,197,12),
(106,'Basic',383.79,180,10),
(107,'Pro',213.41,303,8),
(108,'Enterprise',150.56,71,7),
(109,'Basic',88.51,77,8),
(110,'Pro',114.48,112,10),
(111,'Enterprise',449.72,292,8),
(112,'Basic',496.60,317,3),
(113,'Pro',81.67,113,12),
(114,'Enterprise',38.16,298,6),
(115,'Basic',364.16,237,5),
(116,'Pro',371.05,363,7),
(117,'Enterprise',27.81,96,2),
(118,'Basic',495.03,91,7),
(119,'Pro',222.73,322,2),
(120,'Enterprise',495.26,264,7),
(121,'Basic',233.35,330,11),
(122,'Pro',419.56,170,6),
(123,'Enterprise',86.70,147,1),
(124,'Basic',31.11,97,12),
(125,'Pro',93.36,119,2),
(126,'Enterprise',111.05,142,2),
(127,'Basic',117.58,63,9),
(128,'Pro',83.68,70,8),
(129,'Enterprise',27.93,357,11),
(130,'Basic',444.60,310,2),
(131,'Pro',271.90,175,12),
(132,'Enterprise',168.44,81,2),
(133,'Basic',196.58,45,7),
(134,'Pro',421.99,235,2),
(135,'Enterprise',118.15,339,6),
(136,'Basic',198.33,85,5),
(137,'Pro',399.62,265,6),
(138,'Enterprise',270.20,70,9),
(139,'Basic',296.03,105,4),
(140,'Pro',333.35,212,4),
(141,'Enterprise',422.11,126,9),
(142,'Basic',309.26,298,11),
(143,'Pro',132.61,42,8),
(144,'Enterprise',141.20,222,10),
(145,'Basic',136.86,246,12),
(146,'Pro',160.35,255,5),
(147,'Enterprise',416.94,361,6),
(148,'Basic',231.92,142,11),
(149,'Pro',41.58,169,12),
(150,'Enterprise',12.42,277,11),
(151,'Basic',258.39,323,1),
(152,'Pro',349.32,295,3),
(153,'Enterprise',409.65,90,5),
(154,'Basic',300.06,49,2),
(155,'Pro',373.42,325,8),
(156,'Enterprise',34.06,340,5),
(157,'Basic',428.44,289,2),
(158,'Pro',221.73,253,8),
(159,'Enterprise',423.64,316,9),
(160,'Basic',64.36,195,8),
(161,'Pro',134.98,124,8),
(162,'Enterprise',277.05,66,7),
(163,'Basic',362.14,289,6),
(164,'Pro',195.55,44,9),
(165,'Enterprise',294.02,76,5),
(166,'Basic',166.33,234,4),
(167,'Pro',109.99,217,3),
(168,'Enterprise',140.23,268,11),
(169,'Basic',456.33,188,10),
(170,'Pro',275.25,126,1),
(171,'Enterprise',494.82,78,7),
(172,'Basic',314.14,136,8),
(173,'Pro',92.75,279,12),
(174,'Enterprise',464.52,236,5),
(175,'Basic',435.38,211,9),
(176,'Pro',136.42,121,6),
(177,'Enterprise',362.24,267,12),
(178,'Basic',94.77,33,12),
(179,'Pro',238.87,349,4),
(180,'Enterprise',419.29,205,4),
(181,'Basic',199.30,358,1),
(182,'Pro',115.46,36,2),
(183,'Enterprise',127.18,119,1),
(184,'Basic',457.56,194,8),
(185,'Pro',103.48,135,2),
(186,'Enterprise',447.07,34,9),
(187,'Basic',250.90,253,6),
(188,'Pro',215.87,138,5),
(189,'Enterprise',283.49,78,7),
(190,'Basic',74.10,35,2),
(191,'Pro',362.73,338,11),
(192,'Enterprise',31.79,223,2),
(193,'Basic',161.62,270,6),
(194,'Pro',495.70,327,9),
(195,'Enterprise',373.28,167,4),
(196,'Basic',345.23,71,7),
(197,'Pro',490.47,219,6),
(198,'Enterprise',376.82,184,12),
(199,'Basic',28.17,95,1),
(200,'Pro',340.83,326,11),
(201,'Enterprise',410.51,141,4),
(202,'Basic',207.16,96,2),
(203,'Pro',65.49,347,3),
(204,'Enterprise',338.09,289,9),
(205,'Basic',226.16,355,11),
(206,'Pro',260.37,97,2),
(207,'Enterprise',177.07,59,1),
(208,'Basic',118.07,70,9),
(209,'Pro',262.95,214,1),
(210,'Enterprise',10.06,283,1),
(211,'Basic',118.11,277,7),
(212,'Pro',438.48,102,6),
(213,'Enterprise',445.44,218,12),
(214,'Basic',47.63,210,7),
(215,'Pro',403.76,241,3),
(216,'Enterprise',150.74,280,3),
(217,'Basic',183.63,175,7),
(218,'Pro',491.63,200,8),
(219,'Enterprise',121.32,37,12),
(220,'Basic',31.34,129,11),
(221,'Pro',281.81,300,10),
(222,'Enterprise',29.66,323,6),
(223,'Basic',377.52,195,9),
(224,'Pro',401.11,336,1),
(225,'Enterprise',371.76,208,6),
(226,'Basic',202.01,301,1),
(227,'Pro',71.58,80,7),
(228,'Enterprise',326.57,348,2),
(229,'Basic',317.10,313,6),
(230,'Pro',463.10,332,11),
(231,'Enterprise',355.69,84,4),
(232,'Basic',448.07,67,5),
(233,'Pro',324.11,193,10),
(234,'Enterprise',181.49,324,4),
(235,'Basic',265.63,102,4),
(236,'Pro',403.34,105,9),
(237,'Enterprise',101.05,327,8),
(238,'Basic',428.42,283,11),
(239,'Pro',46.90,154,1),
(240,'Enterprise',142.66,320,9),
(241,'Basic',492.60,182,7),
(242,'Pro',423.21,165,8),
(243,'Enterprise',189.66,66,3),
(244,'Basic',179.91,209,5),
(245,'Pro',395.63,252,10),
(246,'Enterprise',233.02,113,6),
(247,'Basic',464.22,306,2),
(248,'Pro',188.57,163,4),
(249,'Enterprise',69.14,38,3),
(250,'Basic',422.68,145,12),
(251,'Pro',242.16,224,12),
(252,'Enterprise',70.54,65,11),
(253,'Basic',232.05,191,1),
(254,'Pro',228.60,54,11),
(255,'Enterprise',210.76,266,4),
(256,'Basic',488.31,79,3),
(257,'Pro',379.27,42,5),
(258,'Enterprise',188.35,125,5),
(259,'Basic',49.56,265,7),
(260,'Pro',123.55,182,11),
(261,'Enterprise',327.95,40,4),
(262,'Basic',349.49,166,4),
(263,'Pro',110.98,69,8),
(264,'Enterprise',183.52,361,4),
(265,'Basic',404.29,342,11),
(266,'Pro',389.51,312,4),
(267,'Enterprise',442.25,182,10),
(268,'Basic',269.89,305,10),
(269,'Pro',153.22,317,11),
(270,'Enterprise',478.61,327,6),
(271,'Basic',353.79,156,11),
(272,'Pro',262.94,289,3),
(273,'Enterprise',168.78,320,6),
(274,'Basic',94.20,270,1),
(275,'Pro',169.96,270,10),
(276,'Enterprise',235.43,105,6),
(277,'Basic',444.62,205,9),
(278,'Pro',373.58,200,2),
(279,'Enterprise',454.98,237,8),
(280,'Basic',453.79,349,3),
(281,'Pro',208.44,69,6),
(282,'Enterprise',487.44,33,1),
(283,'Basic',45.27,37,7),
(284,'Pro',221.08,273,8),
(285,'Enterprise',243.66,255,1),
(286,'Basic',182.11,33,10),
(287,'Pro',45.57,274,4),
(288,'Enterprise',92.42,268,5),
(289,'Basic',112.68,57,8),
(290,'Pro',346.43,223,3),
(291,'Enterprise',275.25,308,3),
(292,'Basic',229.16,94,8),
(293,'Pro',174.25,66,11),
(294,'Enterprise',461.04,126,7),
(295,'Basic',109.30,296,1),
(296,'Pro',495.52,190,11),
(297,'Enterprise',219.68,316,6),
(298,'Basic',393.01,149,12),
(299,'Pro',408.68,129,1),
(300,'Enterprise',403.98,269,12),
(301,'Basic',86.35,222,12),
(302,'Pro',476.67,127,6),
(303,'Enterprise',33.99,71,7),
(304,'Basic',209.25,208,10),
(305,'Pro',273.71,170,7),
(306,'Enterprise',414.35,197,10),
(307,'Basic',304.53,154,9),
(308,'Pro',338.97,87,4),
(309,'Enterprise',388.88,354,7),
(310,'Basic',113.60,44,3),
(311,'Pro',231.54,135,4),
(312,'Enterprise',16.16,132,12),
(313,'Basic',287.46,138,4),
(314,'Pro',486.19,303,12),
(315,'Enterprise',462.33,112,7),
(316,'Basic',392.95,242,1),
(317,'Pro',401.89,225,3),
(318,'Enterprise',371.63,287,2),
(319,'Basic',335.43,225,10),
(320,'Pro',488.12,198,5),
(321,'Enterprise',251.41,265,11),
(322,'Basic',431.24,162,9),
(323,'Pro',429.82,256,3),
(324,'Enterprise',46.84,116,1),
(325,'Basic',118.29,354,9),
(326,'Pro',299.03,241,7),
(327,'Enterprise',466.17,249,12),
(328,'Basic',362.93,231,7),
(329,'Pro',454.60,278,4),
(330,'Enterprise',485.63,136,1),
(331,'Basic',243.22,249,12),
(332,'Pro',492.37,33,3),
(333,'Enterprise',412.40,286,3),
(334,'Basic',454.91,349,5),
(335,'Pro',293.36,226,1),
(336,'Enterprise',87.45,185,2),
(337,'Basic',388.59,164,6),
(338,'Pro',212.47,155,6),
(339,'Enterprise',381.52,133,2),
(340,'Basic',473.39,311,4),
(341,'Pro',230.68,224,5),
(342,'Enterprise',86.11,37,5),
(343,'Basic',212.15,196,7),
(344,'Pro',476.03,362,1),
(345,'Enterprise',488.21,275,8),
(346,'Basic',14.95,100,9),
(347,'Pro',76.04,150,12),
(348,'Enterprise',486.92,66,4),
(349,'Basic',159.79,145,3),
(350,'Pro',46.79,82,2),
(351,'Enterprise',152.32,270,7),
(352,'Basic',336.59,157,5),
(353,'Pro',406.53,304,11),
(354,'Enterprise',416.74,151,3),
(355,'Basic',84.36,206,2),
(356,'Pro',129.25,58,3),
(357,'Enterprise',202.27,199,12),
(358,'Basic',378.18,130,7),
(359,'Pro',418.31,227,1),
(360,'Enterprise',130.22,101,5),
(361,'Basic',331.16,142,10),
(362,'Pro',200.64,194,10),
(363,'Enterprise',58.65,365,7),
(364,'Basic',280.57,278,2),
(365,'Pro',344.31,218,9),
(366,'Enterprise',198.27,97,3),
(367,'Basic',114.98,200,11),
(368,'Pro',256.17,333,4),
(369,'Enterprise',197.76,166,10),
(370,'Basic',245.46,75,3),
(371,'Pro',356.00,189,2),
(372,'Enterprise',419.51,263,11),
(373,'Basic',410.94,194,4),
(374,'Pro',452.86,85,1),
(375,'Enterprise',242.77,59,7),
(376,'Basic',259.00,224,5),
(377,'Pro',41.90,148,1),
(378,'Enterprise',224.06,102,4),
(379,'Basic',465.78,174,12),
(380,'Pro',348.19,355,10),
(381,'Enterprise',454.26,325,12),
(382,'Basic',184.20,334,12),
(383,'Pro',253.61,301,9),
(384,'Enterprise',280.58,95,12),
(385,'Basic',130.74,37,5),
(386,'Pro',458.15,138,4),
(387,'Enterprise',159.13,259,3),
(388,'Basic',30.74,229,1),
(389,'Pro',40.79,86,7),
(390,'Enterprise',450.63,153,5),
(391,'Basic',411.13,257,10),
(392,'Pro',465.15,324,2),
(393,'Enterprise',146.96,250,3),
(394,'Basic',158.77,39,1),
(395,'Pro',279.18,218,1),
(396,'Enterprise',120.67,353,10),
(397,'Basic',313.30,184,6),
(398,'Pro',305.70,272,5),
(399,'Enterprise',287.35,238,9),
(400,'Basic',220.59,284,2),
(401,'Pro',459.22,75,4),
(402,'Enterprise',37.28,184,5),
(403,'Basic',206.83,104,8),
(404,'Pro',130.40,358,8),
(405,'Enterprise',204.13,249,12),
(406,'Basic',455.78,259,11),
(407,'Pro',311.17,268,10),
(408,'Enterprise',151.11,49,9),
(409,'Basic',292.64,261,10),
(410,'Pro',324.52,260,11),
(411,'Enterprise',446.50,320,11),
(412,'Basic',253.83,280,2),
(413,'Pro',483.38,210,3),
(414,'Enterprise',31.72,83,10),
(415,'Basic',104.01,124,5),
(416,'Pro',92.91,172,3),
(417,'Enterprise',60.78,58,2),
(418,'Basic',54.48,102,8),
(419,'Pro',349.84,159,11),
(420,'Enterprise',31.98,243,1),
(421,'Basic',73.81,296,11),
(422,'Pro',297.30,163,5),
(423,'Enterprise',111.52,364,12),
(424,'Basic',122.00,124,9),
(425,'Pro',100.42,40,9),
(426,'Enterprise',370.87,311,7),
(427,'Basic',328.51,142,6),
(428,'Pro',227.37,308,5),
(429,'Enterprise',378.25,121,6),
(430,'Basic',318.56,348,3),
(431,'Pro',392.63,107,5),
(432,'Enterprise',279.74,316,7),
(433,'Basic',222.83,47,2),
(434,'Pro',224.06,319,5),
(435,'Enterprise',481.71,334,10),
(436,'Basic',114.52,99,11),
(437,'Pro',226.70,332,2),
(438,'Enterprise',317.86,299,9),
(439,'Basic',164.61,62,9),
(440,'Pro',11.79,59,4),
(441,'Enterprise',283.99,102,10),
(442,'Basic',93.01,300,3),
(443,'Pro',345.48,352,12),
(444,'Enterprise',393.01,143,2),
(445,'Basic',126.71,146,2),
(446,'Pro',21.09,42,7),
(447,'Enterprise',58.02,282,9),
(448,'Basic',172.23,133,3),
(449,'Pro',298.41,266,8),
(450,'Enterprise',280.09,311,11),
(451,'Basic',183.05,221,9),
(452,'Pro',116.71,225,10),
(453,'Enterprise',96.37,231,1),
(454,'Basic',362.61,206,1),
(455,'Pro',160.71,239,4),
(456,'Enterprise',414.11,241,9),
(457,'Basic',49.08,360,10),
(458,'Pro',174.22,245,8),
(459,'Enterprise',352.84,143,1),
(460,'Basic',270.25,306,7),
(461,'Pro',433.23,289,11),
(462,'Enterprise',369.72,64,6),
(463,'Basic',387.10,345,9),
(464,'Pro',435.65,92,6),
(465,'Enterprise',274.87,328,12),
(466,'Basic',335.17,56,8),
(467,'Pro',96.20,222,12),
(468,'Enterprise',436.94,56,12),
(469,'Basic',353.35,186,11),
(470,'Pro',359.78,270,5),
(471,'Enterprise',330.17,331,6),
(472,'Basic',314.14,53,6),
(473,'Pro',472.01,238,11),
(474,'Enterprise',432.71,157,6),
(475,'Basic',132.07,328,12),
(476,'Pro',477.54,75,3),
(477,'Enterprise',412.12,85,6),
(478,'Basic',180.67,272,5),
(479,'Pro',404.57,59,12),
(480,'Enterprise',123.68,313,2),
(481,'Basic',166.52,299,8),
(482,'Pro',380.89,264,2),
(483,'Enterprise',467.01,106,12),
(484,'Basic',493.51,47,5),
(485,'Pro',144.95,141,1),
(486,'Enterprise',350.00,323,3),
(487,'Basic',486.57,263,5),
(488,'Pro',417.45,100,7),
(489,'Enterprise',459.76,177,10),
(490,'Basic',226.91,260,11),
(491,'Pro',239.33,243,6),
(492,'Enterprise',32.28,97,11),
(493,'Basic',98.29,119,3),
(494,'Pro',249.60,203,4),
(495,'Enterprise',97.18,268,12),
(496,'Basic',275.08,89,9),
(497,'Pro',38.10,328,2),
(498,'Enterprise',176.85,47,2),
(499,'Basic',111.61,264,12),
(500,'Pro',172.80,108,11),
(501,'Enterprise',476.55,124,2),
(502,'Basic',209.77,213,7),
(503,'Pro',216.59,276,10);
/*!40000 ALTER TABLE `subscriptions` ENABLE KEYS */;
UNLOCK TABLES;
commit;

--
-- Table structure for table `user_business_strengths`
--

DROP TABLE IF EXISTS `user_business_strengths`;
/*!40101 SET @saved_cs_client     = @@character_set_client */;
/*!40101 SET character_set_client = utf8mb4 */;
CREATE TABLE `user_business_strengths` (
  `business_strength_id` int(11) NOT NULL,
  `user_id` int(11) NOT NULL,
  PRIMARY KEY (`business_strength_id`,`user_id`),
  KEY `user_id` (`user_id`),
  CONSTRAINT `user_business_strengths_ibfk_1` FOREIGN KEY (`business_strength_id`) REFERENCES `business_strengths` (`id`),
  CONSTRAINT `user_business_strengths_ibfk_2` FOREIGN KEY (`user_id`) REFERENCES `users` (`id`)
) ENGINE=InnoDB DEFAULT CHARSET=utf8mb4 COLLATE=utf8mb4_unicode_ci;
/*!40101 SET character_set_client = @saved_cs_client */;

--
-- Dumping data for table `user_business_strengths`
--

LOCK TABLES `user_business_strengths` WRITE;
/*!40000 ALTER TABLE `user_business_strengths` DISABLE KEYS */;
set autocommit=0;
/*!40000 ALTER TABLE `user_business_strengths` ENABLE KEYS */;
UNLOCK TABLES;
commit;

--
-- Table structure for table `user_daily_activity_progress`
--

DROP TABLE IF EXISTS `user_daily_activity_progress`;
/*!40101 SET @saved_cs_client     = @@character_set_client */;
/*!40101 SET character_set_client = utf8mb4 */;
CREATE TABLE `user_daily_activity_progress` (
  `date` date NOT NULL,
  `user_id` int(11) NOT NULL,
  `daily_activity_id` int(11) NOT NULL,
  `progress` int(11) DEFAULT NULL,
  PRIMARY KEY (`date`,`user_id`,`daily_activity_id`),
  KEY `user_id` (`user_id`),
  KEY `daily_activity_id` (`daily_activity_id`),
  CONSTRAINT `user_daily_activity_progress_ibfk_1` FOREIGN KEY (`user_id`) REFERENCES `users` (`id`),
  CONSTRAINT `user_daily_activity_progress_ibfk_2` FOREIGN KEY (`daily_activity_id`) REFERENCES `daily_activities` (`id`)
) ENGINE=InnoDB DEFAULT CHARSET=utf8mb4 COLLATE=utf8mb4_unicode_ci;
/*!40101 SET character_set_client = @saved_cs_client */;

--
-- Dumping data for table `user_daily_activity_progress`
--

LOCK TABLES `user_daily_activity_progress` WRITE;
/*!40000 ALTER TABLE `user_daily_activity_progress` DISABLE KEYS */;
set autocommit=0;
/*!40000 ALTER TABLE `user_daily_activity_progress` ENABLE KEYS */;
UNLOCK TABLES;
commit;

--
-- Table structure for table `user_logins`
--

DROP TABLE IF EXISTS `user_logins`;
/*!40101 SET @saved_cs_client     = @@character_set_client */;
/*!40101 SET character_set_client = utf8mb4 */;
CREATE TABLE `user_logins` (
  `user_id` int(11) NOT NULL,
  `login_email` varchar(254) DEFAULT NULL,
  `password_hash` binary(70) DEFAULT NULL,
  `password_reset_token` blob DEFAULT NULL,
  `password_reset_requested_timestamp` datetime DEFAULT NULL,
  PRIMARY KEY (`user_id`),
  CONSTRAINT `user_logins_ibfk_1` FOREIGN KEY (`user_id`) REFERENCES `users` (`id`)
) ENGINE=InnoDB DEFAULT CHARSET=utf8mb4 COLLATE=utf8mb4_unicode_ci;
/*!40101 SET character_set_client = @saved_cs_client */;

--
-- Dumping data for table `user_logins`
--

LOCK TABLES `user_logins` WRITE;
/*!40000 ALTER TABLE `user_logins` DISABLE KEYS */;
set autocommit=0;
INSERT INTO `user_logins` VALUES
(1,'ashley.hansen@example.com','&jdo5w^$Y\nYxbgF@tzf*D\'\\FPtz0ZP',NULL,NULL),
(2,'john.lowe@example.com','5q!kg19kiQZl3 ZQ<_L5Z\"!WQBpcZ',NULL,NULL),
(3,'emily.james@example.com','?EC:Jb{c=On5hDAptN}*+&b',NULL,NULL),
(4,'dylan.jones@example.com','O=x))+_\0yxb(pW-PFiGAyE9',NULL,NULL),
(5,'brad.wolf@example.com','~tgkG,2_fjB.Yi+a\\\n H^L@GO',NULL,NULL),
(6,'jennifer.liu@example.com','[O	^}@Pz	_u|FN\'|IrSQ>GY~s+(k<',NULL,NULL),
(7,'susan.mitchell@example.com','32:N=GL/P|)Y)/.G&;	AR\"g^Z;. ;O',NULL,NULL),
(8,'zachary.johnston@example.com','|u\nEo)Im0_uns:r1TxqBMLtI\\cvs\Z',NULL,NULL),
(9,'sergio.johnson@example.com','Qr?\'\'axO?)Lu\Z,J	G~=hy|&Fj`e=,Q4',NULL,NULL),
(10,'thomas.moore@example.com','\"\r%xy14c/>*3;|< \r\r@aYpIx\r@^',NULL,NULL),
(11,'sandy.gregory@example.com','|HtkMq/pd,}\r}c)Sh)-9pOt!-N\"Njo4}\0HT',NULL,NULL),
(12,'dawn.flynn@example.com',']m(MZ4W`WsiIsj\\[\'{\"q',NULL,NULL),
(13,'jeffrey.frye@example.com','t6Q\rP*{nhie9f1`Zk_QxN(XV',NULL,NULL),
(14,'shannon.glover@example.com','SN[{H7eS;_E\0;$a/MS(je66([dy4<~ e',NULL,NULL),
(15,'eric.gomez@example.com','\n4#DV\0`V,4Lsm&)-;f|73jo~k |',NULL,NULL),
(16,'gerald.jordan@example.com','\' .AY6u).^{]+Z0[/H+4:hE',NULL,NULL),
(17,'michael.perkins@example.com','Mxf\r,zSx^\'H><oc:Z?8l4Mx4RmJm',NULL,NULL),
(18,'tammy.brown@example.com','@2~DE[%H\rC$P\\oHLjcYu3{!S\rYQ,%!',NULL,NULL),
(19,'lindsay.espinoza@example.com','0iqGQ\rLzi?zuot#RXtfG\n\r.p\rEO0(',NULL,NULL),
(20,'sarah.jenkins@example.com','|Hmp\'}^:WFT*L*E)k-\0N^(o0lD#``',NULL,NULL),
(21,'nicole.moore@example.com','Khc=][lq0D@<w3][2z!9j($d.\0^5',NULL,NULL),
(22,'randy.english@example.com','/v8>E/s]KplutbCtRj([$MR843doo',NULL,NULL),
(23,'jonathan.henry@example.com','M xwV\"[*~^K;N\'-f=bO>#5HC9\rrX;',NULL,NULL),
(24,'paul.white@example.com','s+#c}m,hJ/{l95GwP{Y/D/I&m$>',NULL,NULL),
(25,'john.buchanan@example.com','	-) uw9T.8(hkwbVX 6<t!v>:zJ',NULL,NULL),
(26,'michael.hamilton@example.com','n\0*=\0*s|V^\n\\Jq*,ze\0<$90&1g',NULL,NULL),
(27,'paula.turner@example.com','=.\r>z4rEgxd)|~L[NKDy*0I*VP',NULL,NULL),
(28,'patty.weaver@example.com','z-zqb,(q<*+xZd	.gc5Ys-V>PdGeeVT=',NULL,NULL),
(29,'cindy.macdonald@example.com',']L06k\"\0\"p?vl0bGPH$\"yrI@#Z[MhfR',NULL,NULL),
(30,'antonio.vincent@example.com','CE~~^z7DtB6xwWg\'\\%~][Wf)Oyo',NULL,NULL),
(31,'rachel.phillips@example.com','2\0+igJ+|\rDjhNCl.~xhP<',NULL,NULL),
(32,'ryan.stout@example.com','Xi\"yfC0Sg6Ua=W$\'	<:;\'X\0',NULL,NULL),
(33,'eric.moreno@example.com','`:Ej2Vv;oy}jW@\nu3t\'B$<$~^+',NULL,NULL),
(34,'heather.miller@example.com','l)4_|iOts?3Gct])to\00C',NULL,NULL),
(35,'melanie.allen@example.com','y({\'ujaU3V0NU)<%^pC(4',NULL,NULL),
(36,'steven.rivera@example.com','~x\Z7\n@{ifFD|IEM2!i^*rN.P	G#-',NULL,NULL),
(37,'tanya.garza@example.com','/]n;|4l!,@RQ}1+PmT%[}G6|G.{r^f',NULL,NULL),
(38,'jessica.robinson@example.com','(_NSC!B9cQ-bN?(>B^F:Uo^hH6',NULL,NULL),
(39,'bruce.green@example.com','R}szb|\0MV<viOW9P,:Ax):ek+:f(QP$',NULL,NULL),
(40,'kayla.howell@example.com','q)qVi<4h.*G}D&Ux<s0\r<9	',NULL,NULL),
(41,'kathleen.perry@example.com','=d9D$	U5&EPbEJ.$T{ ^R',NULL,NULL),
(42,'kelly.mayer@example.com','5N#bZ?Nzd[Yd<f6[:fy0k\r\r0\nOrD',NULL,NULL),
(43,'brandon.coleman@example.com','Z2},\\m|aovlf3`o+G7^+',NULL,NULL),
(44,'john.roberts@example.com','Il2P>28	Ied-.mH64\0%t+5l2_',NULL,NULL),
(45,'kathy.lee@example.com','*	`=6<;ZB:l1kn_[S6n\0q>\\E<f`S\0(|D',NULL,NULL),
(46,'carrie.martin@example.com','m8fM3e~XR\".XpMH\\~DR@-5oa)p\n{',NULL,NULL),
(47,'shane.wallace@example.com','NBmeZ33Y\0b8Y)\Zu?&5*M{i\0ER/q:d',NULL,NULL),
(48,'jesse.scott@example.com','[zt{&<X8JOQ*UX3={qc/',NULL,NULL),
(49,'susan.grant@example.com','RsQF2VZ<t\r!1J26Co.&1S}FY',NULL,NULL),
(50,'matthew.quinn@example.com','GjP^dn[D~0I\Z0H}G0Xm6K}y5xw:o0jw',NULL,NULL),
(51,'johnny.carr@example.com','UB1SdMUgb;\nSYm~x9\n{j9)JnL]*2A@',NULL,NULL),
(52,'sara.warner@example.com','1ku{kO3,bz{%flEW9FnnldT!	z{x3kn`',NULL,NULL),
(53,'mark.jenkins@example.com','L!yE+)!&RQ^Gfy}};QHu=`$mof(&=',NULL,NULL),
(54,'matthew.reeves@example.com',' C*U}X:+/;T)fx0ycc)/A;m~',NULL,NULL),
(55,'gerald.potts@example.com','{*\ZpggtUN\\IU(r-:JK+Zco$aml',NULL,NULL),
(56,'marisa.brown@example.com','8BlOQd;QEI`IZQ`)XB#In,:e$',NULL,NULL),
(57,'carol.shaw@example.com','IUQ&5Y\"\0st.CiDr\"Oip\"-*k`\'.)G',NULL,NULL),
(58,'brandon.anderson@example.com','\"@MdPo2qD\'\'I_c/1;OA*)TZmVv{>',NULL,NULL),
(59,'nancy.benson@example.com','QZ\\H!scO@gtVckF4\Z4D=N^+	yS',NULL,NULL),
(60,'courtney.freeman@example.com','P9S/Vq}3dh=FZ>0QO\'',NULL,NULL),
(61,'sophia.frost@example.com','@jH\rS%nX>-\Zqh$4hgZ}\"M?',NULL,NULL),
(62,'laura.quinn@example.com','x|m\'Y%uImiQ>\"\'Y@Utp8\'E',NULL,NULL),
(63,'jennifer.jarvis@example.com','q5pa%mS\\!!o>p>5Lc-M.o2t',NULL,NULL),
(64,'richard.collier@example.com','?dTc98h2@4gKS:>*	\nvYN^unx>bR',NULL,NULL),
(65,'joshua.livingston@example.com','}Yj|X\"Y05s#]Kc~xV$ndV>wM Ij8',NULL,NULL),
(66,'ryan.clark@example.com','a(\Z;>#|6\"2[+:O=R5o4Dh<V',NULL,NULL),
(67,'miranda.howell@example.com','[m=G$G3\0jySO(eCQJVb=vKe%1',NULL,NULL),
(68,'thomas.singh@example.com','2y$bJZ?yX-2)BL})hj|T^/',NULL,NULL),
(69,'brenda.singh@example.com','#$&._]:kBXV B2?)=tFTjt^)',NULL,NULL),
(70,'abigail.brown@example.com','VtJFSx_r]Our2Q.(Ls-7||-{nU<',NULL,NULL),
(71,'kenneth.miller@example.com',':nAK\rjL\ZLAvHBLX$`[eLgmAIR<c.	',NULL,NULL),
(72,'justin.thomas@example.com','uW5\0	z1,R_vZ.5-\ZF6PC$0#TS,;a',NULL,NULL),
(73,'tina.larsen@example.com',']@\re||+JCn9)y_%; 0TZFz/&I)A',NULL,NULL),
(74,'barbara.rodriguez@example.com','8Xx+P#<@$,>x	C#{8g-QCc',NULL,NULL),
(75,'brandon.smith@example.com','auc:4Dg(G^&2(i *',NULL,NULL),
(76,'stephanie.perry@example.com','Kn0g7+D)0@y5ZWN@;Z1OkdSI)X\\M@jix\nG-',NULL,NULL),
(77,'crystal.brown@example.com','}A)_4P5P#9I!}PW-\\E`WNsgW',NULL,NULL),
(78,'angela.watts@example.com','?@exGh*cfVQd\no\\X	C*<ij.pu',NULL,NULL),
(79,'marc.lewis@example.com','(y)xXsF\'~T$Pp?C:{e.b=-\r6VvOrzL;',NULL,NULL),
(80,'mark.rojas@example.com','$Mj$\nGWZ\"P@$.2[QzE3d=y\'pY!-@_;\'',NULL,NULL),
(81,'steven.martinez@example.com','r\r},k,zyQV=\'KgL\ZK1Au\n~5+Ii',NULL,NULL),
(82,'jennifer.cruz@example.com','WE@\Zq(I^\'H|z32sG t]`,Rfm3dq<kmF=/',NULL,NULL),
(83,'diane.bautista@example.com','?2oq8@;v4>e9CMza%0],N*K',NULL,NULL),
(84,'matthew.chen@example.com','7=*WZM$vblRVRZfr\0\ncIu',NULL,NULL),
(85,'amanda.martin@example.com','X@Vf~1[\nK4SoMr2C\Zuy1^ZHm\0ShFr%@',NULL,NULL),
(86,'carol.barnes@example.com','<=T2(5$v!%gkhOC(k@8oXz+L',NULL,NULL),
(87,'dennis.evans@example.com','qjR,k	<4OXcOd Xzjk/eRB0^\\o',NULL,NULL),
(88,'holly.castro@example.com','QWl6m,hRH{Wk\\kdan!w\nRoi_$c7C>UMZ',NULL,NULL),
(89,'thomas.dunn@example.com','B	3oJWx\n.CVaIo_O\n~,@lFNK',NULL,NULL),
(90,'howard.wise@example.com','8-{1NgUf\"!\0mypR~TX\nj\0\"{8xt1>',NULL,NULL),
(91,'amanda.guzman@example.com','z>kcC+\n\'rr6p-my@-j>XE!sd',NULL,NULL),
(92,'alexander.tran@example.com','5OjRyBV5@a/gT*\Z<IA=8\n6\nsa:h@7\ngh',NULL,NULL),
(93,'stephanie.foster@example.com',' Be*78*wsXiJJNY-+)`.-qj\'I_z(',NULL,NULL),
(94,'michael.noble@example.com','\r$mA}5Q\Z%\"R~\r|W9EYG${qraR&\"di;8n',NULL,NULL),
(95,'michael.jones@example.com','+[UT\Z$Jv-`H\0r8<@2E8 .:]5',NULL,NULL),
(96,'ann.wilson@example.com','6kx(^`\0syO-l/97lDx@vaw Dtn0',NULL,NULL),
(97,'amy.leonard@example.com','`g@a\'&ccTL\ZTUGRa%E?k7oN1Y(3a',NULL,NULL),
(98,'michael.burgess@example.com','fX\n4=E)rEW`JIS-t\r57WOw`*qpsp{q\0\"u',NULL,NULL),
(99,'paige.castillo@example.com','bbF?@rT91\\!>AX<fp(*7J,^Nb6',NULL,NULL),
(100,'jared.parker@example.com','-+R#hi8@;Z^t3:ml	()4`w;hz<Al<',NULL,NULL),
(101,'tanya.scott@example.com','lR:D[_#H-i<6uQt%x}7&qCyf+ZFB',NULL,NULL),
(102,'monica.shah@example.com',' \\sB50Y}pZX\Z7n\r~4<&t:\ny]7}:_0if\n',NULL,NULL),
(103,'lori.higgins@example.com','Chv>ut|OI\Zk3=u#tgx[xy89',NULL,NULL),
(104,'andres.walton@example.com','AXC=?WG\'\\RLJk\Z\ny`\'O_E',NULL,NULL),
(105,'michelle.bailey@example.com','?su@|1Wt!k.az;lT5\"M\ZX	#TfNWH#W^|',NULL,NULL),
(106,'mary.rice@example.com','Y`A-[2	Wu6-,@5`3S4Py',NULL,NULL),
(107,'denise.wallace@example.com','<\"~S>WD6 \0kp#	A_7/C*~$lGt#\nO',NULL,NULL),
(108,'carrie.williams@example.com',']taefVfcw!@j<$yb\r1-\'E,r\0$Kx;',NULL,NULL),
(109,'jon.simmons@example.com','~$GRa\n({U.@vf6GL9.oCVL\'',NULL,NULL),
(110,'robin.brewer@example.com','~`#n}5X&.zBfvu\\2)#KD6`\"d',NULL,NULL),
(111,'jamie.chandler@example.com','*Wr{dDK{fb?|hHdRZ}z\n@.D?[XZ',NULL,NULL),
(112,'monica.burgess@example.com','j)E\r4*I$\Z7`q1Yx\r%	MZG/_',NULL,NULL),
(113,'samuel.gutierrez@example.com','a]>T\"u5Fr=\rJ>zE	_A,\Z(|$?cQE\"Hw',NULL,NULL),
(114,'leslie.lane@example.com','	*E2	UdIT<\\ge2Ov^Ob;u,B)kTOAjz^~',NULL,NULL),
(115,'erik.marshall@example.com','@1\"+\0U)BLK\Z_d\0xw4iFJhTwV',NULL,NULL),
(116,'william.rodriguez@example.com','-\0y+3`T62%-B*mR90+l\Z-FBhg,',NULL,NULL),
(117,'jane.williams@example.com','v;K3Gl5	\rm\\8KrZSSU_kN*\04A//T^}',NULL,NULL),
(118,'matthew.gray@example.com','Dcjb. 7	hYbYQ7, \\A\\W-zN	h',NULL,NULL),
(119,'gabrielle.sanchez@example.com','0C/+g258C\"H:s[;^\rOye<I=\ZqT~',NULL,NULL),
(120,'rachel.potter@example.com','_?i=!IL4~bg#;l{ru?tZS:LN06',NULL,NULL),
(121,'brianna.sparks@example.com','j(J$hG>NI|zM0p Lfn&F I[SWyk\"\nB&',NULL,NULL),
(122,'susan.mayo@example.com','yFJ7`E\'Y.zjT{PJgehKF~\rR)(Pn({pl7S4',NULL,NULL),
(123,'elizabeth.hines@example.com','WJBjv~P\\lZ+<06J/G5 8j*Wm[:wW3;?_r',NULL,NULL),
(124,'katrina.yu@example.com','1.9\\9_o: `;.(X{,nAl~Y32D(?<F',NULL,NULL),
(125,'toni.nguyen@example.com','2\0\"Zxg\'YZAkR`RN7uF\\RBBz!,CX&(mW<',NULL,NULL),
(126,'patricia.beck@example.com','s	omJ[FP/vu\rxFx2,tVL<\"VS{{sy!*D=CtQE.?*',NULL,NULL),
(127,'mary.rocha@example.com',',;Ru.=*?bv&0Bgb%XQgxpmwc',NULL,NULL),
(128,'thomas.short@example.com','1*Rzt!h&r`c4~TD~b>TfHZ\'D',NULL,NULL),
(129,'jonathan.parsons@example.com','kR`1hz*]5joIuE1i\'}qLX&F\0=Y\"',NULL,NULL),
(130,'daniel.martin@example.com','EaXwzen?4Lkz\0\'Mj ONEc!&^qx$\'',NULL,NULL),
(131,'jo.sosa@example.com','u\\1FST\" iso7a<$sZdzZ',NULL,NULL),
(132,'robert.herrera@example.com','Jnl(FoLX-zuDB/qRi>n\ro/a',NULL,NULL),
(133,'michelle.pratt@example.com','e_&9>L;.{Y5lEnlumN\Zp}8-N>fSsq/k',NULL,NULL),
(134,'nicole.webster@example.com','W><k/\r?y\rzyj=N	I\0Sa>4JrK',NULL,NULL),
(135,'ryan.gibbs@example.com','m\rp/v-Z&X*dz28ivX.e^Jn7}\rhzJ<4',NULL,NULL),
(136,'collin.hess@example.com','qb<W)E4vi]lW3WT3Rd[yl0\Z',NULL,NULL),
(137,'kristi.baker@example.com','oY8>WAV?v\'$i+C7>0l3ZrM\"\nQ2]?S\"o',NULL,NULL),
(138,'joshua.lewis@example.com','qe\rR)\\}S~4.cpOogX*~d2~rF5MT',NULL,NULL),
(139,'karen.ross@example.com','L-9t\r|FR$~jJC4$_?2JcK#U',NULL,NULL),
(140,'jesse.hancock@example.com','Y>\0E U\rFzwKaHCPObF\ZI!r3Dc4W',NULL,NULL),
(141,'rodney.kennedy@example.com','\"$?@;i|r^V`!@\0a\0u-[i:A[;b\'3Jw',NULL,NULL),
(142,'lisa.larsen@example.com','~^}<\0Cr;@KB/n_r:6;Z;YT*:a\n',NULL,NULL),
(143,'heather.klein@example.com','K$X\"\n?=jZB9]mMdzFHlMQq=J',NULL,NULL),
(144,'aaron.ford@example.com','T&#~Y|J#<ime3pE2yuNPK|Tfm-%',NULL,NULL),
(145,'johnny.clayton@example.com','R1$qY\n79oxE7@1S+QXdS{_k#l|V[?*;iX',NULL,NULL),
(146,'ashley.robinson@example.com','w\re9)r@)O#s&\n*!i6 f_cK@w7*{',NULL,NULL),
(147,'christina.smith@example.com','\\t=6zifKB~f\ro5c\"\nK&EL2`7\rZ\0WmZ',NULL,NULL),
(148,'amanda.lane@example.com','MtcVqm\ZP\0sV%\"N?+1T7R>+.M+f\'{&\Z',NULL,NULL),
(149,'steven.hill@example.com','w\r0a\n>gR33rv\\sMBUT',NULL,NULL),
(150,'carrie.finley@example.com','\0A U$lBb/\0q1fiV!#\'GJk9[Qe<NC6\"e|ql',NULL,NULL),
(151,'dorothy.hunter@example.com','4{6q\rkz\"K\\3gkkH3J32Vzt&$~WK]8obN\Z',NULL,NULL),
(152,'hailey.carter@example.com','|-vDOX	!U9hDzG?f*o65Px@D~',NULL,NULL),
(153,'randy.giles@example.com','*ppthr\'P6_	\nKITNrBVVEgj;@TFAr~',NULL,NULL),
(154,'lindsey.ray@example.com','*%f8c\"5]lE6m/I\'OrPWOiH9peA[-j]d',NULL,NULL),
(155,'peter.avila@example.com','y<=WLB;m0wr10\Z[OLMI]swi79',NULL,NULL),
(156,'amy.silva@example.com','\ngl]HCT^bI<aL7I28C*OD~@y',NULL,NULL),
(157,'heather.price@example.com','jWs))L*KTB-@]\'Nyi4\"pjzNpFn6z\"f',NULL,NULL),
(158,'dustin.williams@example.com','SqU\"\\G-`Yh\roNVRv3\"\nvf=8sZu\Z;S%ahPf',NULL,NULL),
(159,'rachel.jones@example.com','Cc::@P~L~\r=~qOmpx-Eh,_~do',NULL,NULL),
(160,'amy.lawson@example.com','YVfq8$ZG\\ZH4>%ZZI-4\\~7IC;FcY',NULL,NULL),
(161,'alice.shelton@example.com',')FgELwB2A7$$dd~A1!]pEa2yd,Cgd',NULL,NULL),
(162,'melissa.thompson@example.com','&*6w!;J(OopjXVDD}H@bWO>GoA',NULL,NULL),
(163,'william.warner@example.com','$!E_Qwb`4!E~;};g#D\r?xvn-W',NULL,NULL),
(164,'amy.jacobs@example.com',':_p%]-g_vx2O+]3g	b\"t3.a4(7=',NULL,NULL),
(165,'jamie.carroll@example.com','_/&/@LTA*w,HX!`W/yUr\rul@H',NULL,NULL),
(166,'christian.patton@example.com','5YPBBU2\\\"EhCr.HS34a\0:)<~8#mQ',NULL,NULL),
(167,'scott.pacheco@example.com','gbN9 -vB3!b$P]P8-yq^!\Z%\'#]v%\r<u]I',NULL,NULL),
(168,'justin.poole@example.com','	D\nwE\rf1q_2n,:i\r\Z={}|m6.1',NULL,NULL),
(169,'michelle.tran@example.com','Uo.$KIRw`G]QGu{s#3p;~w(\r#1~N2\nKU',NULL,NULL),
(170,'brandy.mclaughlin@example.com','MMCKUpkuH5(>.\Z3oY%@=_QSG)oG',NULL,NULL),
(171,'jacob.alvarez@example.com','EuIgEO\Zw\06F\06F+6SOF=jUXNUWw\0[+\'',NULL,NULL),
(172,'dan.stone@example.com','dO>*W~d{F\Zb.G~3}',NULL,NULL),
(173,'tara.nicholson@example.com','K|J!}\'v:(\'b(uinO3N\rQJ\0\rgA cJm8iY!',NULL,NULL),
(174,'ryan.butler@example.com','lAA\'~Y\ZBK_\'jj~<Q9lS`~_Rj?',NULL,NULL),
(175,'michelle.hernandez@example.com','[3IIWDu\'Ts1q bf^Ah6\n>yYSQ*+LDF0lxIRS',NULL,NULL),
(176,'chad.jackson@example.com','4-,%HuZ9c)D,fXJf`{mB8H',NULL,NULL),
(177,'victoria.ramos@example.com','!}0~RA8X30)~YP}\r\n44iC/}s ',NULL,NULL),
(178,'paul.cohen@example.com','L^21edi8u*\'e5Bd6<,YjrO4\ZqFA{',NULL,NULL),
(179,'danielle.bean@example.com','4._p?a3Q2\'Nv9=isTKNOH]tW-v<NMx(lO,',NULL,NULL),
(180,'juan.brown@example.com','%\r2c{!KT!h%Jw2K4<R&<9U;@\rSk=w',NULL,NULL),
(181,'cindy.palmer@example.com','Hb~7fz\\b	3%,d2|?]PI}J>9(cYF5I\r',NULL,NULL),
(182,'steve.welch@example.com','fb\nL0}cVk[.\n}wm)f<KMHS[SkyfcQ',NULL,NULL),
(183,'alexander.payne@example.com','|,0LD\rMyxbDd`>;{DHvbtfUl\"*MT',NULL,NULL),
(184,'jacob.moore@example.com','mvab^eb[M,C7<jVOr\'Cb\'VZRU',NULL,NULL),
(185,'christopher.snyder@example.com','<,,Bh1II-AW*bO/ 5\"w>Au4hcbQ',NULL,NULL),
(186,'jeffrey.brown@example.com','K\\D1;^ZEO^[HMiq%8EKH,!a9\0v28~nc',NULL,NULL),
(187,'kim.rice@example.com','\0vl;b+upT@\0@\0+;\Z[@BOJ\0WTiG',NULL,NULL),
(188,'daniel.bailey@example.com','62WFI1ZOC?fER3Flo[~f^z+hki5',NULL,NULL),
(189,'travis.harris@example.com','\"\'}Nd#:-F&rWd&5\nNZ>an\n|`&mS\rsO',NULL,NULL),
(190,'brenda.olson@example.com','vt7,Ev_R.t1R>!a9s[Zjt=tESZiQ14',NULL,NULL),
(191,'michael.english@example.com','g +0&?BM^X2xN0A|g_	f4>Gl(dH2_e',NULL,NULL),
(192,'brandon.smith@example.com','P+Ld\n_B*j>!(lvXrE~@>2 7',NULL,NULL),
(193,'sean.garrett@example.com','YN!h-^@E[p^-!GdU?\0Cpy(\Z\r;zjV\\/v	',NULL,NULL),
(194,'tanya.vazquez@example.com','r<5/%\'9?|*s~L\"Z,[%K\ZneW<%t	l(<',NULL,NULL),
(195,'jesus.cook@example.com','S9,eIH#tqaT_WfA(G,V>/_i\\N3c',NULL,NULL),
(196,'ashley.glover@example.com','P\r)Joq7me9 #b-&\Z7Z\\\'/5]=!?!',NULL,NULL),
(197,'gabriel.nolan@example.com','m!UurwX W\\`	S=QDi,~WF*J/',NULL,NULL),
(198,'sean.oneal@example.com','*.D=s}hS2!^-]uY.QK)oymZY',NULL,NULL),
(199,'veronica.smith@example.com','B<I`\0}!VVY&dB\n3++x{;xXwX&-',NULL,NULL),
(200,'sabrina.cobb@example.com','xZaH|f\nf\\K 9gRV\rt6\\jW[-)J',NULL,NULL),
(201,'tanya.clark@example.com','bO\r&:\\EZ9d:cO|6\"n\ZWKr.K9C%',NULL,NULL),
(202,'lucas.bates@example.com','ZnhY>*{\Z\Z!B*|Ey19R',NULL,NULL),
(203,'jason.jones@example.com',',d/:K8dX$0_.\"}6j-6p$$Y&1h\nY',NULL,NULL),
(204,'monica.sharp@example.com','\neW6?zXX.mjnDPl6(*\ZPSn^CO[)4l',NULL,NULL),
(205,'ian.davis@example.com','R5b[v=\Z{h8!O\0)!d&=}\"p8\n_[Nl)+&MJ(x9*',NULL,NULL),
(206,'mark.bell@example.com','fpNUnN5RR1\r\',\"B6Jdy6_t(NupWlp',NULL,NULL),
(207,'erica.myers@example.com','X#y;^8!^sv\ZxY/{[`PGd$',NULL,NULL),
(208,'jason.luna@example.com','\'<-$; ?t,IJ&(\rKf<$$<)Nz9N?	W;',NULL,NULL),
(209,'michael.bennett@example.com',']B38x33rheOu9_&7JjWy-,~b(;F	ctcrJ4`',NULL,NULL),
(210,'amy.jones@example.com','ihZD\rJi8AwY~qgAy<	0j^zKn',NULL,NULL),
(211,'richard.walker@example.com','T\ZQz2$t**Vz!!@oQ>#6P',NULL,NULL),
(212,'kevin.bennett@example.com','KS?/rwtY#$(>+VQ%!gpb%WR;Y[\'a=KF q',NULL,NULL),
(213,'cristina.brock@example.com','P8f[)Ol_>\'\rLU~3VGxpIhmm',NULL,NULL),
(214,'kristi.stephenson@example.com','/nP}AhV:-r\Z	fLkq\"%$x#`8sssMU	',NULL,NULL),
(215,'michael.hughes@example.com','Gq 	7DFecnr	[Q9cUi/0Jbd(Id\"',NULL,NULL),
(216,'jorge.peters@example.com','qSQjj3$A\'VMGc\Z9<;g0_h>',NULL,NULL),
(217,'michael.reynolds@example.com','&O\'&F\'nM_IW,i#a{r`\049M8`Ph',NULL,NULL),
(218,'scott.martin@example.com',')XJ.	$^+/F8rZ|~G||L0>SY[\'u',NULL,NULL),
(219,'jennifer.taylor@example.com','Gjg<i2Wt$ $2\"rzK@6.LG* .',NULL,NULL),
(220,'melanie.marshall@example.com','}mShmXvwya&.oAK\0\n3 zhPW/W',NULL,NULL),
(221,'sheila.torres@example.com','gQ{	Sx{]sLQT{T+,Mm4fRd.\r|t]h!d2\'}]',NULL,NULL),
(222,'heather.mccoy@example.com','kq,a*?\r&~(%jO@hT\Zzsj9',NULL,NULL),
(223,'michael.valentine@example.com','F+4F`t=t\0^  +Bz#\"zSjhB\'X1 Z',NULL,NULL),
(224,'kristen.willis@example.com','vx)#GFW7_o#|g^a=,pAS j>\n/Ii=j1IO',NULL,NULL),
(225,'sonya.morris@example.com','Y8X/m]P}UMN\"3uc,=4*JZ;>\\V',NULL,NULL),
(226,'david.neal@example.com','b\'\'Y+1P\\	c|29]5Yj#',NULL,NULL),
(227,'victor.neal@example.com','}zw	a@ `GL\0:JYS)vT5fKR,\\b!5t|\'',NULL,NULL),
(228,'julie.cannon@example.com','aZqmK?U e9O%O0KSK	Bs2>NaP.5eY$8-C(:',NULL,NULL),
(229,'brian.nichols@example.com','PpK6K_ +Wb6;Uk(u..UC',NULL,NULL),
(230,'theresa.palmer@example.com','Unh?Iym @6p8?:7+:	iT:Tt0QpK\r;+',NULL,NULL),
(231,'jessica.monroe@example.com','O]lWOZIaYgc\n\nK{M9g]!I=.b .5k',NULL,NULL),
(232,'ryan.wyatt@example.com','<i#OT;rzMc$GVtzqu&m}\Z9FChuU\r\Z)R',NULL,NULL),
(233,'kevin.perez@example.com','B]Qz:aFD5{B&/vY|fw,=R@PE3^dm\\;',NULL,NULL),
(234,'scott.curtis@example.com','\Zm*S{hB}\'-h~lB`lmhl)5tUtKn]_vmv,O',NULL,NULL),
(235,'sarah.doyle@example.com','!}+\'hY4{G<0f<b(}rhexB>W%z',NULL,NULL),
(236,'noah.castro@example.com','4w(!}=l2LFHr6dJY2(-bCb\"uh\0bu\rzU',NULL,NULL),
(237,'leah.johnson@example.com','TN.XIPY\\@KQU3i\r0XZ.N\'}',NULL,NULL),
(238,'paul.tyler@example.com','}8 atFYS[N;/y.u)m].UIs3CE\"',NULL,NULL),
(239,'daniel.haas@example.com','q#x-Y\r}5PV-	moIn8CI$v\r	\\i	w@4\n',NULL,NULL),
(240,'michelle.santos@example.com','	aK:}G8@:3IaxqI \\Y&1LDqyq&>',NULL,NULL),
(241,'terry.rios@example.com','`$0x24&N+ [g$\Z{^]>Xpd#1?pTt\'',NULL,NULL),
(242,'jonathan.cochran@example.com','i+\ZPmN3]z1LwQfO_	QAhO};09',NULL,NULL),
(243,'shannon.young@example.com','`8jP,s1$)G[\0;DS|%I2,TqIU^V+~\r\Z8?_7',NULL,NULL),
(244,'april.williamson@example.com','25F35TxmqhKua^lH\rc8 L(D{PMEP\0Y0kD',NULL,NULL),
(245,'dorothy.rodriguez@example.com','\rr+ca3[?!ua/t6\n|T!+me1(@Et\r&',NULL,NULL),
(246,'melanie.robinson@example.com',')a*Q8\rkKy+pE?W',NULL,NULL),
(247,'kelly.holmes@example.com','O1N:iEh</[n`kx>\0O3+31/cNi}P:',NULL,NULL),
(248,'denise.mcclain@example.com','HrL-pqmn`iOmL 4@boQnExa6v6',NULL,NULL),
(249,'lauren.khan@example.com','\'-mR`|=xz	TF$3U0AJ	*SxkY}A?sow%q*Y',NULL,NULL),
(250,'beth.mayo@example.com','j[5aW TuEz4irci8[3mGC5M8~rJ',NULL,NULL),
(251,'carrie.pittman@example.com','j6IGYpd+z6V3f\\uh.,;wR5@JK6PVUHuK',NULL,NULL),
(252,'mikayla.rose@example.com','\0[k+xg1ls4o|\0(F],iS>yVUMCjNA',NULL,NULL),
(253,'kathryn.boone@example.com','_yW)7OC5$1%}M(vbV>N	)#>atR<T',NULL,NULL),
(254,'anthony.donaldson@example.com','rD?%p?J5\"US~h<<t_>EEA}]L8D\rZ\nh,',NULL,NULL),
(255,'phillip.reyes@example.com','y|7^Csl^H\'x5=\\}NIp',NULL,NULL),
(256,'paul.harris@example.com','+rV*,(\"F-o%>(%1\0S|7S:dTl5%M',NULL,NULL),
(257,'james.ferguson@example.com','V&H2~zTz\"sq2[\"#{h6H`82T\rv',NULL,NULL),
(258,'willie.nelson@example.com','f7XL(n[\"fh\\9,oi]t@NzMf4?QL7b=:',NULL,NULL),
(259,'lori.jenkins@example.com','Dv<\rohF4!UNITG;u?4/\Zkdb#\n',NULL,NULL),
(260,'april.sheppard@example.com','R@C(a0F~!zWYFqenOWPt0:jc4_P',NULL,NULL),
(261,'kenneth.bryant@example.com','Pwz7U_uG&\"L{7wno3LYoh',NULL,NULL),
(262,'erin.wheeler@example.com','QM+<95#;16<p<9P`eq{0\n!Em_',NULL,NULL),
(263,'jason.aguirre@example.com','u\Z9|\rAk}:68$_\"&d@lE?c\roA){XLq/Et:_\0',NULL,NULL),
(264,'john.smith@example.com','4~^)\\YBjRliI\\U*N[Hd1^n',NULL,NULL),
(265,'kimberly.lane@example.com','wtVdy_#(O%>Ta<8b_;hOr]',NULL,NULL),
(266,'timothy.richards@example.com','1+IktGKL*62I;\"7wUq*\\KK\r,',NULL,NULL),
(267,'tara.washington@example.com','Ceq_U/?],P{(OJZ/aOB<_R{FG[W4!',NULL,NULL),
(268,'angela.hancock@example.com','xlIu2f	\'Ln=c \'ft3J%>j\nin9\Z/\Z\\',NULL,NULL),
(269,'sarah.russell@example.com','7nCZs!l*|j(OlZK4Ir<_e8`Ze0*;',NULL,NULL),
(270,'rick.hoffman@example.com','tSo\\;9x\'wC=Bd1A~?Y+\'by3oY6CI3X',NULL,NULL),
(271,'sophia.smith@example.com','{5s?<?,e~\rJ<@s9<MK 8E?h35',NULL,NULL),
(272,'paula.berry@example.com','wY?\"G~\r{8a1`R|xpw$^Am!_',NULL,NULL),
(273,'tiffany.mullen@example.com','3$2FqKt7?mQG/3\rM~XJ	)9jN=',NULL,NULL),
(274,'lisa.sanchez@example.com','<Nc*}IDl&E GJ8`ZgV|.',NULL,NULL),
(275,'ashley.jackson@example.com','\\4)\\HiIO\\wzMq5FJP3\\\Z&mV#k?ey\0<FNVe.',NULL,NULL),
(276,'heather.martinez@example.com','2TibcU:Gp%qcV+b,	_\ry\")489g',NULL,NULL),
(277,'joseph.anderson@example.com','KE\'j0P\" }s9xCbyp\"\Za$L_TqVUrwof',NULL,NULL),
(278,'jared.everett@example.com','eQtL##rocdPfa8g{dA\\2Wes]',NULL,NULL),
(279,'rhonda.fox@example.com','+\rM/fj[(TQS2cj,8C\Z<#as)5Xc6',NULL,NULL),
(280,'mark.harrison@example.com','	LmH8|;&dSk?PcETr4()jmJ:7?',NULL,NULL),
(281,'bobby.fuller@example.com','w\rN)Cc3/]ro\0C{',NULL,NULL),
(282,'frances.sawyer@example.com','ikJG2O\r`vw\r\"w@uK(X_KqRt0?',NULL,NULL),
(283,'maria.peters@example.com','2D<2\\lSFyZ~Hob,\n^SKs<33N$N',NULL,NULL),
(284,'william.riley@example.com','*\rXorZy#*2xJVb^UKx{\0\nc:d#wCBK',NULL,NULL),
(285,'sarah.white@example.com','\0kKo\ZRw\\[;\ng4}7BOy/I.:uVblVLY	',NULL,NULL),
(286,'james.williams@example.com','ju@vk9?i0w2k-B=mXD91|})',NULL,NULL),
(287,'stephanie.reed@example.com','rJprS@?Q>9u\'<Qq\\ba!n\" %eGlXJS	R',NULL,NULL),
(288,'amanda.hopkins@example.com','Te9\Z3vnL#`iqZ1^aK]x$CA(/7a\"R6u',NULL,NULL),
(289,'cynthia.king@example.com','zYhK5J:v;_N@aZ!Kujyp-D\n{ClZe-P8\'	',NULL,NULL),
(290,'rachel.anderson@example.com','n.ho.MXSU:Lvta`*EP9K',NULL,NULL),
(291,'angela.lambert@example.com','!=rLoE<PPvo<(+C\n4h-%FQ=b#\rWo\ZOi50\04W',NULL,NULL),
(292,'nicole.mcintosh@example.com','\niB2\ZSKR\\um	uxQ^8}g-\\6\rQ',NULL,NULL),
(293,'martin.thompson@example.com','lTWh)g#h-\'hyC|\ndJb~^mWcT^XAMu7',NULL,NULL),
(294,'david.snyder@example.com','6\'5)(`.]_MM<(&.2aD:%sA37=#p',NULL,NULL),
(295,'jennifer.coleman@example.com','	_n5MV3N?\0kJN~~j}Ozr>9{C\"g>1,',NULL,NULL),
(296,'carla.patel@example.com','\"Fy`\ZlBmm+s;bY\nO(lA|',NULL,NULL),
(297,'marc.ballard@example.com','XN)Jq!$5*KnHG>}ee7]\0m+==$\ZO',NULL,NULL),
(298,'frederick.giles@example.com','Q2H}7-+: c(\nx\\	4\"UgQ9',NULL,NULL),
(299,'christopher.lane@example.com','mX8RH#&/73C#K\',bStlhL%*CY\']*wxv',NULL,NULL),
(300,'tracy.wright@example.com','qGb^\Ze%yh\0Y(ERMF VWm1',NULL,NULL),
(301,'micheal.gomez@example.com','!N1&]8$v/k]AmCc	9ab',NULL,NULL),
(302,'evelyn.barnes@example.com','\Z=f\rh4(|a@h-=?]6m~T(u1zO~QICq\Z/07g9',NULL,NULL),
(303,'jamie.clark@example.com','R)#jk_s@9;o\Z{Fc97c&Z}I2j?3UWNmt',NULL,NULL),
(304,'antonio.miles@example.com','&=^VGbz-W G9U\"~f\ru5\\\n\nTVbjB\Zc&1D',NULL,NULL),
(305,'russell.newton@example.com','Ye.;F[<\0m\r.P;VbhA	[BEBI0#{-w',NULL,NULL),
(306,'william.campbell@example.com','s$fO:I*F`B7@YjeE*uV 0',NULL,NULL),
(307,'dylan.lee@example.com','.6\n0e<t\Z@yPWtSXHw4V;.Z$i:O!e',NULL,NULL),
(308,'catherine.miller@example.com','a>E/N#^coxg{?V~C]>0x5\n?	',NULL,NULL),
(309,'sara.davidson@example.com','Y\'8.F.,S?Hs$48K~FcNPrgyh',NULL,NULL),
(310,'troy.murphy@example.com','__i,83d.=	T\\Zfg\r\Z6}JSc:(',NULL,NULL),
(311,'sheila.carter@example.com','	Bd[sb;A`#i\\;J>349xhzx;]\n',NULL,NULL),
(312,'vicki.santos@example.com','n\":$P1/*GUEJ,hV`Pyy9\\\ncT,HQq`vAk\Z\0',NULL,NULL),
(313,'david.garcia@example.com','_weR.(/j2<x{dk\n#|[9T\n!LH\Zr2e',NULL,NULL),
(314,'daniel.chapman@example.com','Jm	`YG\06K~SnS|b-j.-8(\"\ZBas',NULL,NULL),
(315,'joseph.rogers@example.com','cO)(xT_uM;+q>xL$7)	{?$K^$ kT*',NULL,NULL),
(316,'daniel.roach@example.com','C[8D0JRq\'/CGwy	{\0Xahnq^F.Jb',NULL,NULL),
(317,'elizabeth.anderson@example.com','mGJ\\cu;m=t0xw<tT>L5oL]1sNxcRq',NULL,NULL),
(318,'lance.garner@example.com','|6W/@3\09\"F\\!D7hG#*(VQt;)zdq',NULL,NULL),
(319,'maria.stevens@example.com','b3^*L>AAgft5P\"~*e-^\0B4G(F4',NULL,NULL),
(320,'rebecca.miller@example.com','[\'!W&{s$]&=H4@OvD,9+Q8IQB}o>',NULL,NULL),
(321,'paul.cummings@example.com','ZONwZ-`f8^\\f5\\_4,?sd5j7i<b',NULL,NULL),
(322,'emily.wang@example.com','\Zd	X56F4ityG&d>',NULL,NULL),
(323,'natalie.sexton@example.com','<\0~~+\Zd|SLG/9(NB?d\'-9Mu?{+22l',NULL,NULL),
(324,'mallory.kaiser@example.com','>Hl7?<PtA=_\0	Pu9$m:.!K@*\"Ny',NULL,NULL),
(325,'julie.thomas@example.com','wEp\"b/I]l\ZuMmwf,l^@\0',NULL,NULL),
(326,'taylor.mccoy@example.com','p\Zr\"U5t^!\'|\"CIK#RD\\EIG',NULL,NULL),
(327,'lisa.stephenson@example.com','2*SCU\0*,0fa=X7Ul8>r(r~Uy~e	d=s',NULL,NULL),
(328,'brad.nunez@example.com','@=|U?\'9U>\npQw@l?|R|jB-',NULL,NULL),
(329,'kimberly.english@example.com','Gdo}.Y\0q+i\ZPp?-q^LyT0^uLEPgI[SC',NULL,NULL),
(330,'zachary.hancock@example.com','/^mejz4xTTfH=9iF\Zt6	<[\Zl_j^!\\\\',NULL,NULL),
(331,'aaron.george@example.com','a\0,0Ck6L\'R=He&jZj/r^H2P!\0RK(d:/@;\0|	\\V',NULL,NULL),
(332,'erin.marquez@example.com','t\'x*;	+;%&u6	mi7VPG&\nW/ctt)xUh',NULL,NULL),
(333,'ronnie.james@example.com','NJWC\rO\\\\\nKkfnj~\r%v{Fq\'\r%|FN;p7#hu\Zt\rP',NULL,NULL),
(334,'kevin.delacruz@example.com','*_yxV9jK6VVQZX)R6|bRbUasG_b',NULL,NULL),
(335,'michelle.clarke@example.com','RxDI)Ap+y ~DJ=M0>\\0~E}Luu\'><',NULL,NULL),
(336,'reginald.hester@example.com','rAb||!mwc=(#dCsD9$PLgg\\qc*O|QAP',NULL,NULL),
(337,'michael.johnson@example.com','^,;,5f@ghZI@;J?k}CUx\\x,',NULL,NULL),
(338,'terry.jones@example.com','/iU=<Z) nSgQH\"p\rSeV2TBk8#<.pdZR',NULL,NULL),
(339,'kelsey.miller@example.com','UTz4^,d%_lAj D9;w',NULL,NULL),
(340,'leslie.krause@example.com','53<QnM4D<sO8\",z!YV!,o$H',NULL,NULL),
(341,'heather.hernandez@example.com','9zEGcN-G\\4RW-^^Z#P7v%4no',NULL,NULL),
(342,'keith.mccann@example.com','HNC\nr9iz L@e-2%TWSQ2T{nFiHR',NULL,NULL),
(343,'margaret.ramos@example.com','_} N0^,!<nBT2UV>c>Io}$Bk\'jT15K',NULL,NULL),
(344,'nicholas.ramsey@example.com','	?ArhpKt6P*03lm<s	\\]Oz`\Z|7rh,@[3=cm',NULL,NULL),
(345,'jim.blair@example.com','mY, @ai-w\':At&\\H\\dcZ+S',NULL,NULL),
(346,'brandon.white@example.com','7vl	gV\Z+3`N,xpX<BCq\'qu6t4\Z0\0)*\0q\")',NULL,NULL),
(347,'catherine.sanchez@example.com','T`^~D =\\uh~\rD!Xk\'bd\\7JK',NULL,NULL),
(348,'paula.sanchez@example.com','k]$j\0DI	ni;9BM%<Q qTs',NULL,NULL),
(349,'michael.lee@example.com','~(Td\"I`J9RNjnEr=+G%\n\\jKE+',NULL,NULL),
(350,'kara.kim@example.com','1jQ+>~(nM!OUZ-$rpBJmjI[r6QS%f',NULL,NULL),
(351,'stacy.cunningham@example.com','U!sD%e\0e+3MQO@[KBS\n_8s0',NULL,NULL),
(352,'susan.thompson@example.com','OdWqG2|n0<8m7j\nGO.iFK6AF_Xn`',NULL,NULL),
(353,'carl.murray@example.com','2xdljrk0?I<+hAOw(aJhCwY= f',NULL,NULL),
(354,'katherine.campbell@example.com','>y>W4^6	pzc~}\Z\'m(^Uv,1^9L|P',NULL,NULL),
(355,'lauren.rhodes@example.com','S,Q\n_m|JPPDzoj8mVUS',NULL,NULL),
(356,'brandy.dunlap@example.com','S-%jbgRn +nw@ujN}{wY57	R%2%p3I68|',NULL,NULL),
(357,'evan.barrera@example.com','0qc)-A75H5E~_yz^Fh&',NULL,NULL),
(358,'jason.tran@example.com','-E^MWF`{fy:H#K(|OL0R^\'\"jXO}\"LY?M',NULL,NULL),
(359,'ian.livingston@example.com','A.\rsKq|A^r-X{>\rN\Z6>\\lw=R*L\n\\5_',NULL,NULL),
(360,'christopher.watts@example.com','(t}) [&#0a\0rH{Q!:OL{J\0,F/MP',NULL,NULL),
(361,'elizabeth.cobb@example.com','[P4(H$\r{$I#nLVGceID{2 Pn]l>\"j',NULL,NULL),
(362,'sandra.warner@example.com','GBiuu1-iT79gu=0RkR\0GkV%j}@1',NULL,NULL),
(363,'jonathon.long@example.com','5}U4Um$9U?=v1vt:lyfK]\"YRpFc ',NULL,NULL),
(364,'mitchell.french@example.com',')yhE}e)hv> SUS%C*ovoufu=;5xkq\"(.',NULL,NULL),
(365,'albert.clements@example.com','%QHp+<p**{rH0Vy+9.M;r\Z>4s4<',NULL,NULL),
(366,'maria.west@example.com','e/VXE%\r/=b:.zj7mIyF8j',NULL,NULL),
(367,'alex.newman@example.com','_>S\0>u;\Z@s8]v~c&3\'L.k+_2\"SoO%_(;',NULL,NULL),
(368,'douglas.lee@example.com','F gx-\nCw^ZJ	F04j\\inRU$t8oP]',NULL,NULL),
(369,'karen.lewis@example.com','QADlY19 E%)?\r?t2wP(]byK',NULL,NULL),
(370,'tanya.ruiz@example.com','U`{C\Z\ZNMIh)x<F%nP <S7s6zEpRLO',NULL,NULL),
(371,'robert.hunter@example.com','W51;r\ru$kYfYdC]/_WLN?nAMTjXW>IkK9i$',NULL,NULL),
(372,'carlos.rodriguez@example.com','^e*enUBD:3$\num/AN Mv%KY',NULL,NULL),
(373,'tony.oneill@example.com','wADTcY\ZUU\'PEUpq|b.r2%q+^I{0[:FW2[vy',NULL,NULL),
(374,'margaret.miller@example.com','NF~*@\'\0@>xIQEUwhCa0	u[bTh1[',NULL,NULL),
(375,'kimberly.welch@example.com','++OS-:nRO)nIcd:?	US@J*Y@rE',NULL,NULL),
(376,'antonio.carson@example.com','&f_]2p2Ou>KcX\r+BGQbr65v \Z=iKv',NULL,NULL),
(377,'jose.wall@example.com','AI\0W!\rxVK/By	pyA7a8{?+\'uyj\'7',NULL,NULL),
(378,'kaitlin.moore@example.com','%kX$hRjZ	U{v?rgh@ImtDwk',NULL,NULL),
(379,'ricardo.taylor@example.com','j\0}DFv_F6<x^EdDeUm$\0_~&|h B^xm%\\',NULL,NULL),
(380,'lisa.higgins@example.com','<SmX.	-d(uQ$2m\0/c8`71dnp\r4&',NULL,NULL),
(381,'heather.anderson@example.com','N%7`xBA/**I{~j|y\"HD	uZ0izI-K.@1UE(`URw,',NULL,NULL),
(382,'matthew.mcclure@example.com','#;	)#OK\0%pIi:.<w^\0nI:Q|	`',NULL,NULL),
(383,'julie.robinson@example.com','!8HMfP\'xX)}d0{T_0V- tK,mLT',NULL,NULL),
(384,'kathleen.walker@example.com','+YIr :6Wp1_nWf.yVMGk-u-()<[B',NULL,NULL),
(385,'phillip.rhodes@example.com','w_k~\'H>\rliG8OHm\rbz\'\Z58\rV\r@l?gs?s_5:5K',NULL,NULL),
(386,'renee.graham@example.com','pL}}PsLhYN@..7Yum&LVd W*',NULL,NULL),
(387,'tammy.knight@example.com','&}hj|ik$}\"M^k+>hd+6}z>jpE',NULL,NULL),
(388,'nicholas.perez@example.com','k=XXSBg0pc^Qb*(x@cL=qr{n',NULL,NULL),
(389,'jessica.richardson@example.com','#^x-xZg}e^sH-\nZYBrLqX4$&',NULL,NULL),
(390,'jason.kerr@example.com','a1#>w,j[lX)1=l\\(=}Q`Ly5XPX>BZ\n',NULL,NULL),
(391,'olivia.gill@example.com',',;[\Z68*@L\Z\0\ny~,7G#P\\vS\"g:',NULL,NULL),
(392,'jose.bauer@example.com','bb,j29A:;MHx4%6+9sbv$d@,)F7QWfW`',NULL,NULL),
(393,'danny.miller@example.com','$\Z&p<6%&yDr+yyF`\nxy/',NULL,NULL),
(394,'sheryl.arroyo@example.com',']lO{Yqe3a\nT$]^V@*Lv!?bogY',NULL,NULL),
(395,'christina.hill@example.com','TmT8\"\r?rm.m/wE?!',NULL,NULL),
(396,'melinda.villa@example.com','v	EF2u&oxFflKt,_)U^XqrXtj2 @x#FAtiT',NULL,NULL),
(397,'nicole.douglas@example.com','~bf{5\"]a+{Q_)U{YeK5Qt;x1',NULL,NULL),
(398,'julia.smith@example.com','VlY.*t)p k\r}\\\ZCS#dIx\ra)Bky',NULL,NULL),
(399,'justin.johnson@example.com','gz\0cA9/N\0FOdI[|`jJ	 kPR]J0',NULL,NULL),
(400,'casey.mcclure@example.com','zE@!\\7Xg3t5\\cHDDUExb?7<rMqT',NULL,NULL),
(401,'kristi.hill@example.com','akP-I;C9*jI]VfB	0%O?F8ao#B\'a',NULL,NULL),
(402,'wyatt.martinez@example.com','`9m\n9kUV~Eoo~$c=f$TW=0}wE$<$dMa',NULL,NULL),
(403,'jacqueline.bruce@example.com','\'Yt$x=cjC#{ea%_+h6)k_L<\\',NULL,NULL),
(404,'anna.hatfield@example.com','?\\F?\nJvucl0DwpDe&ypHaMJs\"E$i.0',NULL,NULL),
(405,'sharon.mullins@example.com','Y!OO}R![?xQs9\"SBpF	Uc/7',NULL,NULL),
(406,'robert.roberts@example.com','?-\nTHX(i\'uq2az~wO[b3Qnr:vIS5',NULL,NULL),
(407,'taylor.swanson@example.com','DHXZ9_J1j\r	JFU_fGtR',NULL,NULL),
(408,'jacqueline.blevins@example.com','qIYpszQpE!x,],S	Pq5\0vv<4TYJ\re',NULL,NULL),
(409,'amanda.daniel@example.com','&zrZ&4?)	P%X+38x^w51{ruk',NULL,NULL),
(410,'debra.gardner@example.com','2H)\'wmc\"G$\"ee\'#I~HZTi0}	Mz*ere',NULL,NULL),
(411,'robert.bennett@example.com','3>IrB$~sl\0	f(x\\G9QGGn	#DZvB',NULL,NULL),
(412,'nicole.miller@example.com','4@y7<0RS>@K/f;ll1H~/-n{6NGf0',NULL,NULL),
(413,'amber.reed@example.com','wNS7~tk*n&,G)i\'h6mj[i%]RC^HL\n\n',NULL,NULL),
(414,'heather.morris@example.com','aQVWc3{Tus56#UR>z\'\0`3\'OCTWm\nulKrt3\\',NULL,NULL),
(415,'kathryn.miller@example.com','	W*cI-`Kg1bN+c\ZNxX-\Z\Z)|Bz@VXb[W8xHn',NULL,NULL),
(416,'john.aguilar@example.com','7$5`cU0,N}J?\nK\no1DHZn\0IpQP&',NULL,NULL),
(417,'amy.perez@example.com','X`/&CRgP`\0{J.\Z<=|6aha	f3Y',NULL,NULL),
(418,'lauren.hunter@example.com','k<vg	\n~RB1OG/qEYqsE@JrL\ZSTR/\n-dY',NULL,NULL),
(419,'susan.atkinson@example.com','RauRI-K)cwmC?Wsr<Q\0FSDA\Z\'\'SU',NULL,NULL),
(420,'jon.mccoy@example.com','Fi}--abSo\"G\"Z\nv*].3vcd8Tf7#Tkp>',NULL,NULL),
(421,'jason.le@example.com','AE\0S	p}^wRH +\ZI;6Yc0`oTu ~mGM',NULL,NULL),
(422,'rose.carter@example.com','PW^h>4DxO$+!4$K\Z_U3X\n\\r, {OoU',NULL,NULL),
(423,'christina.chavez@example.com','F2+O\0eR0i|y/_POL/?YV',NULL,NULL),
(424,'jeremy.holloway@example.com','BR\"Q{qZ<?Bt5snpT\"i-s>.:s$3\\',NULL,NULL),
(425,'brandon.jennings@example.com','1{j|R0t`Fe|iMnz	%zl 6U1yS[${Si$',NULL,NULL),
(426,'kevin.calhoun@example.com','in--`w,4g^~\rwB9jtOC_eyM',NULL,NULL),
(427,'jordan.mcdonald@example.com','{Q5X9kb_I+t1_&k|8{pUpeq\nSD6p',NULL,NULL),
(428,'randy.martin@example.com',';$\"=)W\0+`#Nu:\\MwkU+{^T\'i-<}w$',NULL,NULL),
(429,'mary.peterson@example.com','6v*IZRKsd-/c{j$29n|;\":',NULL,NULL),
(430,'steven.lewis@example.com','5gN\"~&]TV&6iGKH3></B 9uUf,',NULL,NULL),
(431,'kristina.castro@example.com','tb*#4c5\\Cy9*&[?No9<F3_,=2-{e`10',NULL,NULL),
(432,'kevin.ramos@example.com','ax/?\ZJ @6j\n/G!_+]Lw\'Smx^7\'7v',NULL,NULL),
(433,'amanda.matthews@example.com','iBzEj78+|0JKe~[):#6Zb]06W3',NULL,NULL),
(434,'gwendolyn.alexander@example.com','_[.%,!tZl}Rq T,mMUDmw',NULL,NULL),
(435,'mandy.ward@example.com','}\\gSZpJao^FR:1;}sh[*Ye>/NM',NULL,NULL),
(436,'harold.wheeler@example.com','Z}Z*aau L\'@8N\'f_P7=#!^',NULL,NULL),
(437,'tina.shepherd@example.com','Lkr4;jrAU8RDW)_GQA\0&yX',NULL,NULL),
(438,'joshua.garcia@example.com','?$kn	fqiWor1]gm\0~)j/n,dW\Z^{',NULL,NULL),
(439,'eric.rice@example.com','v]vh#%9n6R1>[lh6x(_m0Uq2i\\\"k',NULL,NULL),
(440,'jennifer.hood@example.com','!J\nx~8\0T9tnp\nI;6!:$h=c;&\Zf%O2-hb<',NULL,NULL),
(441,'traci.smith@example.com',')G\'i+4QS*Md6?``Vx9M3,~^',NULL,NULL),
(442,'danielle.lewis@example.com','y~<fW,/_K^Rmv!\n:\\]a?*',NULL,NULL),
(443,'logan.gordon@example.com','\\C}-e/c&O]1\' f _p,\"o>z',NULL,NULL),
(444,'brad.rodriguez@example.com','I.jl^oT,\'BnHMYmRdAW\rR6pTKR$n',NULL,NULL),
(445,'scott.wells@example.com','V3%A_p5JJ(?iR3_+S^l<MeUk;,nNnZ\n=V=',NULL,NULL),
(446,'andrew.scott@example.com','wH]H/6qs`zP\0oy\rHx\rk;b0Z',NULL,NULL),
(447,'christopher.martin@example.com','j!Wqy}brORN%D\nH}uoduQz\0gJ,EK2+\r,1Hc',NULL,NULL),
(448,'maureen.daugherty@example.com','	G 30xkqi\nmbQ,)U2n_FdWB',NULL,NULL),
(449,'stephen.young@example.com','M%0M6^c&5qXs?__~eFxF78A~NH[Vb7c',NULL,NULL),
(450,'jose.tanner@example.com','5.i0n?)Q\r7Tbe\"7~O:wYm/:	<=.a\"O',NULL,NULL),
(451,'thomas.cook@example.com','X\ZmJB8\Zw^1^+zvP(u:%pzHxQ\rD<',NULL,NULL),
(452,'leslie.adams@example.com','q2R8nV|~	DH8f7U_wmbPH>Y\0fs<HlHl6',NULL,NULL),
(453,'randy.diaz@example.com','u3bTewTFz S;)^HoL\\.o_\'.m\"',NULL,NULL),
(454,'christopher.lambert@example.com',']AzNwqY:8V\':\\9\"wiNHgTYu#	v\\ed*$Nt',NULL,NULL),
(455,'kevin.herring@example.com','O#6ton:( p6J8d>$Csg]M^!X*Vxv',NULL,NULL),
(456,'jeffrey.hill@example.com','@Orm\naC1\' M|hVnRorR/]>?N',NULL,NULL),
(457,'ryan.little@example.com','0]4&m&\r|P	2]=40=)[~X&X`}Z#=Io,~z',NULL,NULL),
(458,'angela.may@example.com','Iz5\Z&^/Q2.cmWg^\Z\'DxA+n/',NULL,NULL),
(459,'antonio.moss@example.com','Z\n&PfU[8UQpTM	QZXZc$t)d]Q924e',NULL,NULL),
(460,'john.ho@example.com','\ZA}dum8ii|	rQDdYpC3S0zmch|',NULL,NULL),
(461,'elizabeth.ortiz@example.com','vaiD5/{D7k,F:3?J0Uv)\n7j_g8=w',NULL,NULL),
(462,'mark.davis@example.com','`+G3N^0>yV@Q#=h\rPI9;R!4^8+x]V~',NULL,NULL),
(463,'david.alvarez@example.com',')nR )C9W\Z\0/f\ry%w0@rumc',NULL,NULL),
(464,'raymond.burns@example.com','+idOy}DPD?i5zW[x.^b[Y|c} 26JG',NULL,NULL),
(465,'andrea.lewis@example.com','D7.oiu._K)<-\"_?:xwz9x-`i%Ue',NULL,NULL),
(466,'kayla.jennings@example.com','w-\nvR\ZXU0,A\ZQy[op	#fs|j-O!V',NULL,NULL),
(467,'richard.santos@example.com','?~OOc/#}U]0,0_Vw[U',NULL,NULL),
(468,'amanda.gomez@example.com','*B45gmLE,&:!r!cC*{F[Z`=8_ku',NULL,NULL),
(469,'jasmine.navarro@example.com','KAac~Lft@f.*Q\":L\rS[Vs:k/Fe',NULL,NULL),
(470,'travis.williams@example.com','}@@7[}L=QJmYtc$>*NUJ9$?>qWvE<W#$',NULL,NULL),
(471,'christopher.miller@example.com','(ULpP@ix+arxJi:jo\"(J\rs\0MQKH0M',NULL,NULL),
(472,'steven.coleman@example.com','[:zO)$?#\nY3.Blx+Vz\0=#_^NX5Q0K',NULL,NULL),
(473,'brittany.young@example.com','&7C]b3\"0{;#\nxQy<|<S>*f.B\01tvC7IXL',NULL,NULL),
(474,'jacob.brown@example.com','h`\0`uWT\0a#qxO9!7aI6XgP=3',NULL,NULL),
(475,'linda.pennington@example.com','F*5:\';uhu]2~<?]l`F6D~{c==@hmmQn',NULL,NULL),
(476,'summer.bell@example.com','EZtyipYN%2;y\n7ApuV8~+d',NULL,NULL),
(477,'anthony.oneal@example.com','9?GCG]}$&^PL\nB\\E?-oc(xii5t)',NULL,NULL),
(478,'jason.castaneda@example.com','=Gz\'`~mFExzZGIKI7L\"Y-[qxMl;$\Z',NULL,NULL),
(479,'bryan.rose@example.com','DOQ\r[\n0$ f:Cyq\"CkG\\JN[:@',NULL,NULL),
(480,'joseph.brown@example.com','nHD#FLrJP\\dLBj/^zb\Z hIW?cO=!_P_',NULL,NULL),
(481,'lindsay.schwartz@example.com','T3LViJ%[acf7W4koL$e}^3{V:#FUO',NULL,NULL),
(482,'kerry.ellis@example.com','&x,U@~t<wCVMgsx;%\0Yo[o!\0+L#',NULL,NULL),
(483,'aaron.weiss@example.com','=S26t#v;l[gcBC+F*YOX?}FBIl9|^V',NULL,NULL),
(484,'stephanie.flores@example.com','l\Z32gl.23\0h1`mU8-q|D0MRc:p[sp',NULL,NULL),
(485,'valerie.ellis@example.com','5|b:aU0	LG\\BY.*n\"tKl+8',NULL,NULL),
(486,'daniel.davis@example.com','\\mIv\n[vyNq\nH@|{~/q;#O^9',NULL,NULL),
(487,'christina.yates@example.com','}v\'\"TJ@S|DL!EiNM?U\n5oXMr2\r{}	6',NULL,NULL),
(488,'mark.mcdonald@example.com','*a}6qltc8X+Oe7kz7?v;QgYk|+I|	Ub6',NULL,NULL),
(489,'jacob.kirk@example.com','\0hs#/`VBg*UTUn.dq5JzPT acL6]G!',NULL,NULL),
(490,'sandra.murphy@example.com','* 89Zq:(Qpvc@#/^UTEy&R`JMP',NULL,NULL),
(491,'emily.cox@example.com','.\"\'+wyKZ}p,uU^iWnkNdD}(n\rp\nb',NULL,NULL),
(492,'michelle.zimmerman@example.com','\'|\ZO1weL9$\nrcZ$\0vO[',NULL,NULL),
(493,'ashley.hale@example.com','5)&\'_hYDS&.~z7CVJ#rlg\ZG`,*d`c',NULL,NULL),
(494,'teresa.morgan@example.com','v@Uyw2<U]\\n\0Sf7<gHe~%t$g\"D',NULL,NULL),
(495,'caitlin.williams@example.com','id~>M6{yix\'mAm\Z&!\0II3&XgH',NULL,NULL),
(496,'cory.thornton@example.com','m4]!`+tYr;Ei<;a\"Ae\Z;)p/6B7',NULL,NULL),
(497,'danielle.ware@example.com','%!]3eX%==6_>Drf(',NULL,NULL),
(498,'vincent.sparks@example.com',';\Z%#%%IbP[N a[B7I6a5pq6|0@',NULL,NULL),
(499,'stephanie.garcia@example.com','yxDQi7-I\'Ynp|(b0/MHcz\0',NULL,NULL),
(500,'nicholas.hall@example.com','P<u4*6,,MmcxwiW6~f5&=5`nMNP5\0GV',NULL,NULL);
/*!40000 ALTER TABLE `user_logins` ENABLE KEYS */;
UNLOCK TABLES;
commit;

--
-- Table structure for table `user_posts`
--

DROP TABLE IF EXISTS `user_posts`;
/*!40101 SET @saved_cs_client     = @@character_set_client */;
/*!40101 SET character_set_client = utf8mb4 */;
CREATE TABLE `user_posts` (
  `id` int(11) NOT NULL AUTO_INCREMENT,
  `poster_user_id` int(11) DEFAULT NULL,
  `title` varchar(255) DEFAULT NULL,
  `content` text DEFAULT NULL,
  `thumbnail` varchar(255) DEFAULT NULL,
  `video_url` varchar(255) DEFAULT NULL,
  `published` tinyint(1) DEFAULT NULL,
  PRIMARY KEY (`id`),
  KEY `poster_user_id` (`poster_user_id`),
  CONSTRAINT `user_posts_ibfk_1` FOREIGN KEY (`poster_user_id`) REFERENCES `users` (`id`)
) ENGINE=InnoDB AUTO_INCREMENT=501 DEFAULT CHARSET=utf8mb4 COLLATE=utf8mb4_unicode_ci;
/*!40101 SET character_set_client = @saved_cs_client */;

--
-- Dumping data for table `user_posts`
--

LOCK TABLES `user_posts` WRITE;
/*!40000 ALTER TABLE `user_posts` DISABLE KEYS */;
set autocommit=0;
INSERT INTO `user_posts` VALUES
(1,1,'5 Tips for Effective Leadership','1. Listen more than you speak. 2. Empower your team. 3. Be transparent. 4. Lead with empathy. 5. Never stop learning. What would you add?','https://placehold.co/600x400/cccccc/222222?text=Blog+Post',NULL,1),
(2,2,'5 Tips for Effective Leadership','1. Listen more than you speak. 2. Empower your team. 3. Be transparent. 4. Lead with empathy. 5. Never stop learning. What would you add?','https://placehold.co/600x400/cccccc/222222?text=Blog+Post',NULL,1),
(3,3,'Excited to be at the Brisbane Tech Summit!','Looking forward to connecting with other innovators and learning about the latest trends in AI and cloud computing. DM me if you want to connect!','https://placehold.co/600x400/cccccc/222222?text=Blog+Post',NULL,1),
(4,4,'The Future of Remote Work','Just read a fascinating report on hybrid work models. It seems flexibility is no longer a perk, but a core expectation. How has your company adapted?','https://placehold.co/600x400/cccccc/222222?text=Blog+Post',NULL,1),
(5,5,'The Future of Remote Work','Just read a fascinating report on hybrid work models. It seems flexibility is no longer a perk, but a core expectation. How has your company adapted?','https://placehold.co/600x400/cccccc/222222?text=Blog+Post',NULL,1),
(6,6,'The Future of Remote Work','Just read a fascinating report on hybrid work models. It seems flexibility is no longer a perk, but a core expectation. How has your company adapted?','https://placehold.co/600x400/cccccc/222222?text=Blog+Post',NULL,1),
(7,7,'Excited to be at the Brisbane Tech Summit!','Looking forward to connecting with other innovators and learning about the latest trends in AI and cloud computing. DM me if you want to connect!','https://placehold.co/600x400/cccccc/222222?text=Blog+Post',NULL,1),
(8,8,'Excited to be at the Brisbane Tech Summit!','Looking forward to connecting with other innovators and learning about the latest trends in AI and cloud computing. DM me if you want to connect!','https://placehold.co/600x400/cccccc/222222?text=Blog+Post',NULL,1),
(9,9,'5 Tips for Effective Leadership','1. Listen more than you speak. 2. Empower your team. 3. Be transparent. 4. Lead with empathy. 5. Never stop learning. What would you add?','https://placehold.co/600x400/cccccc/222222?text=Blog+Post',NULL,1),
(10,10,'Excited to be at the Brisbane Tech Summit!','Looking forward to connecting with other innovators and learning about the latest trends in AI and cloud computing. DM me if you want to connect!','https://placehold.co/600x400/cccccc/222222?text=Blog+Post',NULL,1),
(11,11,'The Future of Remote Work','Just read a fascinating report on hybrid work models. It seems flexibility is no longer a perk, but a core expectation. How has your company adapted?','https://placehold.co/600x400/cccccc/222222?text=Blog+Post',NULL,1),
(12,12,'5 Tips for Effective Leadership','1. Listen more than you speak. 2. Empower your team. 3. Be transparent. 4. Lead with empathy. 5. Never stop learning. What would you add?','https://placehold.co/600x400/cccccc/222222?text=Blog+Post',NULL,1),
(13,13,'The Future of Remote Work','Just read a fascinating report on hybrid work models. It seems flexibility is no longer a perk, but a core expectation. How has your company adapted?','https://placehold.co/600x400/cccccc/222222?text=Blog+Post',NULL,1),
(14,14,'5 Tips for Effective Leadership','1. Listen more than you speak. 2. Empower your team. 3. Be transparent. 4. Lead with empathy. 5. Never stop learning. What would you add?','https://placehold.co/600x400/cccccc/222222?text=Blog+Post',NULL,1),
(15,15,'Celebrating a huge milestone!','Thrilled to announce that our team has just onboarded our 1000th customer! So proud of everyone\'s hard work and dedication.','https://placehold.co/600x400/cccccc/222222?text=Blog+Post',NULL,1),
(16,16,'Celebrating a huge milestone!','Thrilled to announce that our team has just onboarded our 1000th customer! So proud of everyone\'s hard work and dedication.','https://placehold.co/600x400/cccccc/222222?text=Blog+Post',NULL,1),
(17,17,'Excited to be at the Brisbane Tech Summit!','Looking forward to connecting with other innovators and learning about the latest trends in AI and cloud computing. DM me if you want to connect!','https://placehold.co/600x400/cccccc/222222?text=Blog+Post',NULL,1),
(18,18,'5 Tips for Effective Leadership','1. Listen more than you speak. 2. Empower your team. 3. Be transparent. 4. Lead with empathy. 5. Never stop learning. What would you add?','https://placehold.co/600x400/cccccc/222222?text=Blog+Post',NULL,1),
(19,19,'The Future of Remote Work','Just read a fascinating report on hybrid work models. It seems flexibility is no longer a perk, but a core expectation. How has your company adapted?','https://placehold.co/600x400/cccccc/222222?text=Blog+Post',NULL,1),
(20,20,'Celebrating a huge milestone!','Thrilled to announce that our team has just onboarded our 1000th customer! So proud of everyone\'s hard work and dedication.','https://placehold.co/600x400/cccccc/222222?text=Blog+Post',NULL,1),
(21,21,'Excited to be at the Brisbane Tech Summit!','Looking forward to connecting with other innovators and learning about the latest trends in AI and cloud computing. DM me if you want to connect!','https://placehold.co/600x400/cccccc/222222?text=Blog+Post',NULL,1),
(22,22,'Celebrating a huge milestone!','Thrilled to announce that our team has just onboarded our 1000th customer! So proud of everyone\'s hard work and dedication.','https://placehold.co/600x400/cccccc/222222?text=Blog+Post',NULL,1),
(23,23,'The Future of Remote Work','Just read a fascinating report on hybrid work models. It seems flexibility is no longer a perk, but a core expectation. How has your company adapted?','https://placehold.co/600x400/cccccc/222222?text=Blog+Post',NULL,1),
(24,24,'Celebrating a huge milestone!','Thrilled to announce that our team has just onboarded our 1000th customer! So proud of everyone\'s hard work and dedication.','https://placehold.co/600x400/cccccc/222222?text=Blog+Post',NULL,1),
(25,25,'5 Tips for Effective Leadership','1. Listen more than you speak. 2. Empower your team. 3. Be transparent. 4. Lead with empathy. 5. Never stop learning. What would you add?','https://placehold.co/600x400/cccccc/222222?text=Blog+Post',NULL,1),
(26,26,'Celebrating a huge milestone!','Thrilled to announce that our team has just onboarded our 1000th customer! So proud of everyone\'s hard work and dedication.','https://placehold.co/600x400/cccccc/222222?text=Blog+Post',NULL,1),
(27,27,'5 Tips for Effective Leadership','1. Listen more than you speak. 2. Empower your team. 3. Be transparent. 4. Lead with empathy. 5. Never stop learning. What would you add?','https://placehold.co/600x400/cccccc/222222?text=Blog+Post',NULL,1),
(28,28,'Celebrating a huge milestone!','Thrilled to announce that our team has just onboarded our 1000th customer! So proud of everyone\'s hard work and dedication.','https://placehold.co/600x400/cccccc/222222?text=Blog+Post',NULL,1),
(29,29,'5 Tips for Effective Leadership','1. Listen more than you speak. 2. Empower your team. 3. Be transparent. 4. Lead with empathy. 5. Never stop learning. What would you add?','https://placehold.co/600x400/cccccc/222222?text=Blog+Post',NULL,1),
(30,30,'Excited to be at the Brisbane Tech Summit!','Looking forward to connecting with other innovators and learning about the latest trends in AI and cloud computing. DM me if you want to connect!','https://placehold.co/600x400/cccccc/222222?text=Blog+Post',NULL,1),
(31,31,'5 Tips for Effective Leadership','1. Listen more than you speak. 2. Empower your team. 3. Be transparent. 4. Lead with empathy. 5. Never stop learning. What would you add?','https://placehold.co/600x400/cccccc/222222?text=Blog+Post',NULL,1),
(32,32,'The Future of Remote Work','Just read a fascinating report on hybrid work models. It seems flexibility is no longer a perk, but a core expectation. How has your company adapted?','https://placehold.co/600x400/cccccc/222222?text=Blog+Post',NULL,1),
(33,33,'The Future of Remote Work','Just read a fascinating report on hybrid work models. It seems flexibility is no longer a perk, but a core expectation. How has your company adapted?','https://placehold.co/600x400/cccccc/222222?text=Blog+Post',NULL,1),
(34,34,'5 Tips for Effective Leadership','1. Listen more than you speak. 2. Empower your team. 3. Be transparent. 4. Lead with empathy. 5. Never stop learning. What would you add?','https://placehold.co/600x400/cccccc/222222?text=Blog+Post',NULL,1),
(35,35,'Excited to be at the Brisbane Tech Summit!','Looking forward to connecting with other innovators and learning about the latest trends in AI and cloud computing. DM me if you want to connect!','https://placehold.co/600x400/cccccc/222222?text=Blog+Post',NULL,1),
(36,36,'5 Tips for Effective Leadership','1. Listen more than you speak. 2. Empower your team. 3. Be transparent. 4. Lead with empathy. 5. Never stop learning. What would you add?','https://placehold.co/600x400/cccccc/222222?text=Blog+Post',NULL,1),
(37,37,'Excited to be at the Brisbane Tech Summit!','Looking forward to connecting with other innovators and learning about the latest trends in AI and cloud computing. DM me if you want to connect!','https://placehold.co/600x400/cccccc/222222?text=Blog+Post',NULL,1),
(38,38,'Celebrating a huge milestone!','Thrilled to announce that our team has just onboarded our 1000th customer! So proud of everyone\'s hard work and dedication.','https://placehold.co/600x400/cccccc/222222?text=Blog+Post',NULL,1),
(39,39,'Celebrating a huge milestone!','Thrilled to announce that our team has just onboarded our 1000th customer! So proud of everyone\'s hard work and dedication.','https://placehold.co/600x400/cccccc/222222?text=Blog+Post',NULL,1),
(40,40,'Excited to be at the Brisbane Tech Summit!','Looking forward to connecting with other innovators and learning about the latest trends in AI and cloud computing. DM me if you want to connect!','https://placehold.co/600x400/cccccc/222222?text=Blog+Post',NULL,1),
(41,41,'5 Tips for Effective Leadership','1. Listen more than you speak. 2. Empower your team. 3. Be transparent. 4. Lead with empathy. 5. Never stop learning. What would you add?','https://placehold.co/600x400/cccccc/222222?text=Blog+Post',NULL,1),
(42,42,'5 Tips for Effective Leadership','1. Listen more than you speak. 2. Empower your team. 3. Be transparent. 4. Lead with empathy. 5. Never stop learning. What would you add?','https://placehold.co/600x400/cccccc/222222?text=Blog+Post',NULL,1),
(43,43,'The Future of Remote Work','Just read a fascinating report on hybrid work models. It seems flexibility is no longer a perk, but a core expectation. How has your company adapted?','https://placehold.co/600x400/cccccc/222222?text=Blog+Post',NULL,1),
(44,44,'Celebrating a huge milestone!','Thrilled to announce that our team has just onboarded our 1000th customer! So proud of everyone\'s hard work and dedication.','https://placehold.co/600x400/cccccc/222222?text=Blog+Post',NULL,1),
(45,45,'The Future of Remote Work','Just read a fascinating report on hybrid work models. It seems flexibility is no longer a perk, but a core expectation. How has your company adapted?','https://placehold.co/600x400/cccccc/222222?text=Blog+Post',NULL,1),
(46,46,'The Future of Remote Work','Just read a fascinating report on hybrid work models. It seems flexibility is no longer a perk, but a core expectation. How has your company adapted?','https://placehold.co/600x400/cccccc/222222?text=Blog+Post',NULL,1),
(47,47,'5 Tips for Effective Leadership','1. Listen more than you speak. 2. Empower your team. 3. Be transparent. 4. Lead with empathy. 5. Never stop learning. What would you add?','https://placehold.co/600x400/cccccc/222222?text=Blog+Post',NULL,1),
(48,48,'5 Tips for Effective Leadership','1. Listen more than you speak. 2. Empower your team. 3. Be transparent. 4. Lead with empathy. 5. Never stop learning. What would you add?','https://placehold.co/600x400/cccccc/222222?text=Blog+Post',NULL,1),
(49,49,'The Future of Remote Work','Just read a fascinating report on hybrid work models. It seems flexibility is no longer a perk, but a core expectation. How has your company adapted?','https://placehold.co/600x400/cccccc/222222?text=Blog+Post',NULL,1),
(50,50,'Excited to be at the Brisbane Tech Summit!','Looking forward to connecting with other innovators and learning about the latest trends in AI and cloud computing. DM me if you want to connect!','https://placehold.co/600x400/cccccc/222222?text=Blog+Post',NULL,1),
(51,51,'5 Tips for Effective Leadership','1. Listen more than you speak. 2. Empower your team. 3. Be transparent. 4. Lead with empathy. 5. Never stop learning. What would you add?','https://placehold.co/600x400/cccccc/222222?text=Blog+Post',NULL,1),
(52,52,'The Future of Remote Work','Just read a fascinating report on hybrid work models. It seems flexibility is no longer a perk, but a core expectation. How has your company adapted?','https://placehold.co/600x400/cccccc/222222?text=Blog+Post',NULL,1),
(53,53,'Excited to be at the Brisbane Tech Summit!','Looking forward to connecting with other innovators and learning about the latest trends in AI and cloud computing. DM me if you want to connect!','https://placehold.co/600x400/cccccc/222222?text=Blog+Post',NULL,1),
(54,54,'5 Tips for Effective Leadership','1. Listen more than you speak. 2. Empower your team. 3. Be transparent. 4. Lead with empathy. 5. Never stop learning. What would you add?','https://placehold.co/600x400/cccccc/222222?text=Blog+Post',NULL,1),
(55,55,'Excited to be at the Brisbane Tech Summit!','Looking forward to connecting with other innovators and learning about the latest trends in AI and cloud computing. DM me if you want to connect!','https://placehold.co/600x400/cccccc/222222?text=Blog+Post',NULL,1),
(56,56,'Excited to be at the Brisbane Tech Summit!','Looking forward to connecting with other innovators and learning about the latest trends in AI and cloud computing. DM me if you want to connect!','https://placehold.co/600x400/cccccc/222222?text=Blog+Post',NULL,1),
(57,57,'Excited to be at the Brisbane Tech Summit!','Looking forward to connecting with other innovators and learning about the latest trends in AI and cloud computing. DM me if you want to connect!','https://placehold.co/600x400/cccccc/222222?text=Blog+Post',NULL,1),
(58,58,'Excited to be at the Brisbane Tech Summit!','Looking forward to connecting with other innovators and learning about the latest trends in AI and cloud computing. DM me if you want to connect!','https://placehold.co/600x400/cccccc/222222?text=Blog+Post',NULL,1),
(59,59,'The Future of Remote Work','Just read a fascinating report on hybrid work models. It seems flexibility is no longer a perk, but a core expectation. How has your company adapted?','https://placehold.co/600x400/cccccc/222222?text=Blog+Post',NULL,1),
(60,60,'Celebrating a huge milestone!','Thrilled to announce that our team has just onboarded our 1000th customer! So proud of everyone\'s hard work and dedication.','https://placehold.co/600x400/cccccc/222222?text=Blog+Post',NULL,1),
(61,61,'Excited to be at the Brisbane Tech Summit!','Looking forward to connecting with other innovators and learning about the latest trends in AI and cloud computing. DM me if you want to connect!','https://placehold.co/600x400/cccccc/222222?text=Blog+Post',NULL,1),
(62,62,'The Future of Remote Work','Just read a fascinating report on hybrid work models. It seems flexibility is no longer a perk, but a core expectation. How has your company adapted?','https://placehold.co/600x400/cccccc/222222?text=Blog+Post',NULL,1),
(63,63,'5 Tips for Effective Leadership','1. Listen more than you speak. 2. Empower your team. 3. Be transparent. 4. Lead with empathy. 5. Never stop learning. What would you add?','https://placehold.co/600x400/cccccc/222222?text=Blog+Post',NULL,1),
(64,64,'Excited to be at the Brisbane Tech Summit!','Looking forward to connecting with other innovators and learning about the latest trends in AI and cloud computing. DM me if you want to connect!','https://placehold.co/600x400/cccccc/222222?text=Blog+Post',NULL,1),
(65,65,'Excited to be at the Brisbane Tech Summit!','Looking forward to connecting with other innovators and learning about the latest trends in AI and cloud computing. DM me if you want to connect!','https://placehold.co/600x400/cccccc/222222?text=Blog+Post',NULL,1),
(66,66,'5 Tips for Effective Leadership','1. Listen more than you speak. 2. Empower your team. 3. Be transparent. 4. Lead with empathy. 5. Never stop learning. What would you add?','https://placehold.co/600x400/cccccc/222222?text=Blog+Post',NULL,1),
(67,67,'Excited to be at the Brisbane Tech Summit!','Looking forward to connecting with other innovators and learning about the latest trends in AI and cloud computing. DM me if you want to connect!','https://placehold.co/600x400/cccccc/222222?text=Blog+Post',NULL,1),
(68,68,'Excited to be at the Brisbane Tech Summit!','Looking forward to connecting with other innovators and learning about the latest trends in AI and cloud computing. DM me if you want to connect!','https://placehold.co/600x400/cccccc/222222?text=Blog+Post',NULL,1),
(69,69,'Excited to be at the Brisbane Tech Summit!','Looking forward to connecting with other innovators and learning about the latest trends in AI and cloud computing. DM me if you want to connect!','https://placehold.co/600x400/cccccc/222222?text=Blog+Post',NULL,1),
(70,70,'The Future of Remote Work','Just read a fascinating report on hybrid work models. It seems flexibility is no longer a perk, but a core expectation. How has your company adapted?','https://placehold.co/600x400/cccccc/222222?text=Blog+Post',NULL,1),
(71,71,'5 Tips for Effective Leadership','1. Listen more than you speak. 2. Empower your team. 3. Be transparent. 4. Lead with empathy. 5. Never stop learning. What would you add?','https://placehold.co/600x400/cccccc/222222?text=Blog+Post',NULL,1),
(72,72,'5 Tips for Effective Leadership','1. Listen more than you speak. 2. Empower your team. 3. Be transparent. 4. Lead with empathy. 5. Never stop learning. What would you add?','https://placehold.co/600x400/cccccc/222222?text=Blog+Post',NULL,1),
(73,73,'Excited to be at the Brisbane Tech Summit!','Looking forward to connecting with other innovators and learning about the latest trends in AI and cloud computing. DM me if you want to connect!','https://placehold.co/600x400/cccccc/222222?text=Blog+Post',NULL,1),
(74,74,'Excited to be at the Brisbane Tech Summit!','Looking forward to connecting with other innovators and learning about the latest trends in AI and cloud computing. DM me if you want to connect!','https://placehold.co/600x400/cccccc/222222?text=Blog+Post',NULL,1),
(75,75,'Celebrating a huge milestone!','Thrilled to announce that our team has just onboarded our 1000th customer! So proud of everyone\'s hard work and dedication.','https://placehold.co/600x400/cccccc/222222?text=Blog+Post',NULL,1),
(76,76,'5 Tips for Effective Leadership','1. Listen more than you speak. 2. Empower your team. 3. Be transparent. 4. Lead with empathy. 5. Never stop learning. What would you add?','https://placehold.co/600x400/cccccc/222222?text=Blog+Post',NULL,1),
(77,77,'5 Tips for Effective Leadership','1. Listen more than you speak. 2. Empower your team. 3. Be transparent. 4. Lead with empathy. 5. Never stop learning. What would you add?','https://placehold.co/600x400/cccccc/222222?text=Blog+Post',NULL,1),
(78,78,'The Future of Remote Work','Just read a fascinating report on hybrid work models. It seems flexibility is no longer a perk, but a core expectation. How has your company adapted?','https://placehold.co/600x400/cccccc/222222?text=Blog+Post',NULL,1),
(79,79,'Excited to be at the Brisbane Tech Summit!','Looking forward to connecting with other innovators and learning about the latest trends in AI and cloud computing. DM me if you want to connect!','https://placehold.co/600x400/cccccc/222222?text=Blog+Post',NULL,1),
(80,80,'5 Tips for Effective Leadership','1. Listen more than you speak. 2. Empower your team. 3. Be transparent. 4. Lead with empathy. 5. Never stop learning. What would you add?','https://placehold.co/600x400/cccccc/222222?text=Blog+Post',NULL,1),
(81,81,'5 Tips for Effective Leadership','1. Listen more than you speak. 2. Empower your team. 3. Be transparent. 4. Lead with empathy. 5. Never stop learning. What would you add?','https://placehold.co/600x400/cccccc/222222?text=Blog+Post',NULL,1),
(82,82,'5 Tips for Effective Leadership','1. Listen more than you speak. 2. Empower your team. 3. Be transparent. 4. Lead with empathy. 5. Never stop learning. What would you add?','https://placehold.co/600x400/cccccc/222222?text=Blog+Post',NULL,1),
(83,83,'The Future of Remote Work','Just read a fascinating report on hybrid work models. It seems flexibility is no longer a perk, but a core expectation. How has your company adapted?','https://placehold.co/600x400/cccccc/222222?text=Blog+Post',NULL,1),
(84,84,'5 Tips for Effective Leadership','1. Listen more than you speak. 2. Empower your team. 3. Be transparent. 4. Lead with empathy. 5. Never stop learning. What would you add?','https://placehold.co/600x400/cccccc/222222?text=Blog+Post',NULL,1),
(85,85,'Celebrating a huge milestone!','Thrilled to announce that our team has just onboarded our 1000th customer! So proud of everyone\'s hard work and dedication.','https://placehold.co/600x400/cccccc/222222?text=Blog+Post',NULL,1),
(86,86,'5 Tips for Effective Leadership','1. Listen more than you speak. 2. Empower your team. 3. Be transparent. 4. Lead with empathy. 5. Never stop learning. What would you add?','https://placehold.co/600x400/cccccc/222222?text=Blog+Post',NULL,1),
(87,87,'The Future of Remote Work','Just read a fascinating report on hybrid work models. It seems flexibility is no longer a perk, but a core expectation. How has your company adapted?','https://placehold.co/600x400/cccccc/222222?text=Blog+Post',NULL,1),
(88,88,'The Future of Remote Work','Just read a fascinating report on hybrid work models. It seems flexibility is no longer a perk, but a core expectation. How has your company adapted?','https://placehold.co/600x400/cccccc/222222?text=Blog+Post',NULL,1),
(89,89,'Excited to be at the Brisbane Tech Summit!','Looking forward to connecting with other innovators and learning about the latest trends in AI and cloud computing. DM me if you want to connect!','https://placehold.co/600x400/cccccc/222222?text=Blog+Post',NULL,1),
(90,90,'5 Tips for Effective Leadership','1. Listen more than you speak. 2. Empower your team. 3. Be transparent. 4. Lead with empathy. 5. Never stop learning. What would you add?','https://placehold.co/600x400/cccccc/222222?text=Blog+Post',NULL,1),
(91,91,'5 Tips for Effective Leadership','1. Listen more than you speak. 2. Empower your team. 3. Be transparent. 4. Lead with empathy. 5. Never stop learning. What would you add?','https://placehold.co/600x400/cccccc/222222?text=Blog+Post',NULL,1),
(92,92,'Celebrating a huge milestone!','Thrilled to announce that our team has just onboarded our 1000th customer! So proud of everyone\'s hard work and dedication.','https://placehold.co/600x400/cccccc/222222?text=Blog+Post',NULL,1),
(93,93,'Excited to be at the Brisbane Tech Summit!','Looking forward to connecting with other innovators and learning about the latest trends in AI and cloud computing. DM me if you want to connect!','https://placehold.co/600x400/cccccc/222222?text=Blog+Post',NULL,1),
(94,94,'Celebrating a huge milestone!','Thrilled to announce that our team has just onboarded our 1000th customer! So proud of everyone\'s hard work and dedication.','https://placehold.co/600x400/cccccc/222222?text=Blog+Post',NULL,1),
(95,95,'Excited to be at the Brisbane Tech Summit!','Looking forward to connecting with other innovators and learning about the latest trends in AI and cloud computing. DM me if you want to connect!','https://placehold.co/600x400/cccccc/222222?text=Blog+Post',NULL,1),
(96,96,'Excited to be at the Brisbane Tech Summit!','Looking forward to connecting with other innovators and learning about the latest trends in AI and cloud computing. DM me if you want to connect!','https://placehold.co/600x400/cccccc/222222?text=Blog+Post',NULL,1),
(97,97,'5 Tips for Effective Leadership','1. Listen more than you speak. 2. Empower your team. 3. Be transparent. 4. Lead with empathy. 5. Never stop learning. What would you add?','https://placehold.co/600x400/cccccc/222222?text=Blog+Post',NULL,1),
(98,98,'Excited to be at the Brisbane Tech Summit!','Looking forward to connecting with other innovators and learning about the latest trends in AI and cloud computing. DM me if you want to connect!','https://placehold.co/600x400/cccccc/222222?text=Blog+Post',NULL,1),
(99,99,'The Future of Remote Work','Just read a fascinating report on hybrid work models. It seems flexibility is no longer a perk, but a core expectation. How has your company adapted?','https://placehold.co/600x400/cccccc/222222?text=Blog+Post',NULL,1),
(100,100,'Excited to be at the Brisbane Tech Summit!','Looking forward to connecting with other innovators and learning about the latest trends in AI and cloud computing. DM me if you want to connect!','https://placehold.co/600x400/cccccc/222222?text=Blog+Post',NULL,1),
(101,101,'Celebrating a huge milestone!','Thrilled to announce that our team has just onboarded our 1000th customer! So proud of everyone\'s hard work and dedication.','https://placehold.co/600x400/cccccc/222222?text=Blog+Post',NULL,1),
(102,102,'Excited to be at the Brisbane Tech Summit!','Looking forward to connecting with other innovators and learning about the latest trends in AI and cloud computing. DM me if you want to connect!','https://placehold.co/600x400/cccccc/222222?text=Blog+Post',NULL,1),
(103,103,'Excited to be at the Brisbane Tech Summit!','Looking forward to connecting with other innovators and learning about the latest trends in AI and cloud computing. DM me if you want to connect!','https://placehold.co/600x400/cccccc/222222?text=Blog+Post',NULL,1),
(104,104,'Excited to be at the Brisbane Tech Summit!','Looking forward to connecting with other innovators and learning about the latest trends in AI and cloud computing. DM me if you want to connect!','https://placehold.co/600x400/cccccc/222222?text=Blog+Post',NULL,1),
(105,105,'Celebrating a huge milestone!','Thrilled to announce that our team has just onboarded our 1000th customer! So proud of everyone\'s hard work and dedication.','https://placehold.co/600x400/cccccc/222222?text=Blog+Post',NULL,1),
(106,106,'The Future of Remote Work','Just read a fascinating report on hybrid work models. It seems flexibility is no longer a perk, but a core expectation. How has your company adapted?','https://placehold.co/600x400/cccccc/222222?text=Blog+Post',NULL,1),
(107,107,'Excited to be at the Brisbane Tech Summit!','Looking forward to connecting with other innovators and learning about the latest trends in AI and cloud computing. DM me if you want to connect!','https://placehold.co/600x400/cccccc/222222?text=Blog+Post',NULL,1),
(108,108,'Excited to be at the Brisbane Tech Summit!','Looking forward to connecting with other innovators and learning about the latest trends in AI and cloud computing. DM me if you want to connect!','https://placehold.co/600x400/cccccc/222222?text=Blog+Post',NULL,1),
(109,109,'Celebrating a huge milestone!','Thrilled to announce that our team has just onboarded our 1000th customer! So proud of everyone\'s hard work and dedication.','https://placehold.co/600x400/cccccc/222222?text=Blog+Post',NULL,1),
(110,110,'The Future of Remote Work','Just read a fascinating report on hybrid work models. It seems flexibility is no longer a perk, but a core expectation. How has your company adapted?','https://placehold.co/600x400/cccccc/222222?text=Blog+Post',NULL,1),
(111,111,'The Future of Remote Work','Just read a fascinating report on hybrid work models. It seems flexibility is no longer a perk, but a core expectation. How has your company adapted?','https://placehold.co/600x400/cccccc/222222?text=Blog+Post',NULL,1),
(112,112,'Excited to be at the Brisbane Tech Summit!','Looking forward to connecting with other innovators and learning about the latest trends in AI and cloud computing. DM me if you want to connect!','https://placehold.co/600x400/cccccc/222222?text=Blog+Post',NULL,1),
(113,113,'The Future of Remote Work','Just read a fascinating report on hybrid work models. It seems flexibility is no longer a perk, but a core expectation. How has your company adapted?','https://placehold.co/600x400/cccccc/222222?text=Blog+Post',NULL,1),
(114,114,'5 Tips for Effective Leadership','1. Listen more than you speak. 2. Empower your team. 3. Be transparent. 4. Lead with empathy. 5. Never stop learning. What would you add?','https://placehold.co/600x400/cccccc/222222?text=Blog+Post',NULL,1),
(115,115,'Celebrating a huge milestone!','Thrilled to announce that our team has just onboarded our 1000th customer! So proud of everyone\'s hard work and dedication.','https://placehold.co/600x400/cccccc/222222?text=Blog+Post',NULL,1),
(116,116,'Excited to be at the Brisbane Tech Summit!','Looking forward to connecting with other innovators and learning about the latest trends in AI and cloud computing. DM me if you want to connect!','https://placehold.co/600x400/cccccc/222222?text=Blog+Post',NULL,1),
(117,117,'Celebrating a huge milestone!','Thrilled to announce that our team has just onboarded our 1000th customer! So proud of everyone\'s hard work and dedication.','https://placehold.co/600x400/cccccc/222222?text=Blog+Post',NULL,1),
(118,118,'Celebrating a huge milestone!','Thrilled to announce that our team has just onboarded our 1000th customer! So proud of everyone\'s hard work and dedication.','https://placehold.co/600x400/cccccc/222222?text=Blog+Post',NULL,1),
(119,119,'Excited to be at the Brisbane Tech Summit!','Looking forward to connecting with other innovators and learning about the latest trends in AI and cloud computing. DM me if you want to connect!','https://placehold.co/600x400/cccccc/222222?text=Blog+Post',NULL,1),
(120,120,'5 Tips for Effective Leadership','1. Listen more than you speak. 2. Empower your team. 3. Be transparent. 4. Lead with empathy. 5. Never stop learning. What would you add?','https://placehold.co/600x400/cccccc/222222?text=Blog+Post',NULL,1),
(121,121,'5 Tips for Effective Leadership','1. Listen more than you speak. 2. Empower your team. 3. Be transparent. 4. Lead with empathy. 5. Never stop learning. What would you add?','https://placehold.co/600x400/cccccc/222222?text=Blog+Post',NULL,1),
(122,122,'Celebrating a huge milestone!','Thrilled to announce that our team has just onboarded our 1000th customer! So proud of everyone\'s hard work and dedication.','https://placehold.co/600x400/cccccc/222222?text=Blog+Post',NULL,1),
(123,123,'Celebrating a huge milestone!','Thrilled to announce that our team has just onboarded our 1000th customer! So proud of everyone\'s hard work and dedication.','https://placehold.co/600x400/cccccc/222222?text=Blog+Post',NULL,1),
(124,124,'The Future of Remote Work','Just read a fascinating report on hybrid work models. It seems flexibility is no longer a perk, but a core expectation. How has your company adapted?','https://placehold.co/600x400/cccccc/222222?text=Blog+Post',NULL,1),
(125,125,'5 Tips for Effective Leadership','1. Listen more than you speak. 2. Empower your team. 3. Be transparent. 4. Lead with empathy. 5. Never stop learning. What would you add?','https://placehold.co/600x400/cccccc/222222?text=Blog+Post',NULL,1),
(126,126,'Excited to be at the Brisbane Tech Summit!','Looking forward to connecting with other innovators and learning about the latest trends in AI and cloud computing. DM me if you want to connect!','https://placehold.co/600x400/cccccc/222222?text=Blog+Post',NULL,1),
(127,127,'5 Tips for Effective Leadership','1. Listen more than you speak. 2. Empower your team. 3. Be transparent. 4. Lead with empathy. 5. Never stop learning. What would you add?','https://placehold.co/600x400/cccccc/222222?text=Blog+Post',NULL,1),
(128,128,'Excited to be at the Brisbane Tech Summit!','Looking forward to connecting with other innovators and learning about the latest trends in AI and cloud computing. DM me if you want to connect!','https://placehold.co/600x400/cccccc/222222?text=Blog+Post',NULL,1),
(129,129,'The Future of Remote Work','Just read a fascinating report on hybrid work models. It seems flexibility is no longer a perk, but a core expectation. How has your company adapted?','https://placehold.co/600x400/cccccc/222222?text=Blog+Post',NULL,1),
(130,130,'Excited to be at the Brisbane Tech Summit!','Looking forward to connecting with other innovators and learning about the latest trends in AI and cloud computing. DM me if you want to connect!','https://placehold.co/600x400/cccccc/222222?text=Blog+Post',NULL,1),
(131,131,'5 Tips for Effective Leadership','1. Listen more than you speak. 2. Empower your team. 3. Be transparent. 4. Lead with empathy. 5. Never stop learning. What would you add?','https://placehold.co/600x400/cccccc/222222?text=Blog+Post',NULL,1),
(132,132,'The Future of Remote Work','Just read a fascinating report on hybrid work models. It seems flexibility is no longer a perk, but a core expectation. How has your company adapted?','https://placehold.co/600x400/cccccc/222222?text=Blog+Post',NULL,1),
(133,133,'5 Tips for Effective Leadership','1. Listen more than you speak. 2. Empower your team. 3. Be transparent. 4. Lead with empathy. 5. Never stop learning. What would you add?','https://placehold.co/600x400/cccccc/222222?text=Blog+Post',NULL,1),
(134,134,'5 Tips for Effective Leadership','1. Listen more than you speak. 2. Empower your team. 3. Be transparent. 4. Lead with empathy. 5. Never stop learning. What would you add?','https://placehold.co/600x400/cccccc/222222?text=Blog+Post',NULL,1),
(135,135,'Excited to be at the Brisbane Tech Summit!','Looking forward to connecting with other innovators and learning about the latest trends in AI and cloud computing. DM me if you want to connect!','https://placehold.co/600x400/cccccc/222222?text=Blog+Post',NULL,1),
(136,136,'Excited to be at the Brisbane Tech Summit!','Looking forward to connecting with other innovators and learning about the latest trends in AI and cloud computing. DM me if you want to connect!','https://placehold.co/600x400/cccccc/222222?text=Blog+Post',NULL,1),
(137,137,'The Future of Remote Work','Just read a fascinating report on hybrid work models. It seems flexibility is no longer a perk, but a core expectation. How has your company adapted?','https://placehold.co/600x400/cccccc/222222?text=Blog+Post',NULL,1),
(138,138,'5 Tips for Effective Leadership','1. Listen more than you speak. 2. Empower your team. 3. Be transparent. 4. Lead with empathy. 5. Never stop learning. What would you add?','https://placehold.co/600x400/cccccc/222222?text=Blog+Post',NULL,1),
(139,139,'The Future of Remote Work','Just read a fascinating report on hybrid work models. It seems flexibility is no longer a perk, but a core expectation. How has your company adapted?','https://placehold.co/600x400/cccccc/222222?text=Blog+Post',NULL,1),
(140,140,'Excited to be at the Brisbane Tech Summit!','Looking forward to connecting with other innovators and learning about the latest trends in AI and cloud computing. DM me if you want to connect!','https://placehold.co/600x400/cccccc/222222?text=Blog+Post',NULL,1),
(141,141,'5 Tips for Effective Leadership','1. Listen more than you speak. 2. Empower your team. 3. Be transparent. 4. Lead with empathy. 5. Never stop learning. What would you add?','https://placehold.co/600x400/cccccc/222222?text=Blog+Post',NULL,1),
(142,142,'5 Tips for Effective Leadership','1. Listen more than you speak. 2. Empower your team. 3. Be transparent. 4. Lead with empathy. 5. Never stop learning. What would you add?','https://placehold.co/600x400/cccccc/222222?text=Blog+Post',NULL,1),
(143,143,'Celebrating a huge milestone!','Thrilled to announce that our team has just onboarded our 1000th customer! So proud of everyone\'s hard work and dedication.','https://placehold.co/600x400/cccccc/222222?text=Blog+Post',NULL,1),
(144,144,'Celebrating a huge milestone!','Thrilled to announce that our team has just onboarded our 1000th customer! So proud of everyone\'s hard work and dedication.','https://placehold.co/600x400/cccccc/222222?text=Blog+Post',NULL,1),
(145,145,'Celebrating a huge milestone!','Thrilled to announce that our team has just onboarded our 1000th customer! So proud of everyone\'s hard work and dedication.','https://placehold.co/600x400/cccccc/222222?text=Blog+Post',NULL,1),
(146,146,'5 Tips for Effective Leadership','1. Listen more than you speak. 2. Empower your team. 3. Be transparent. 4. Lead with empathy. 5. Never stop learning. What would you add?','https://placehold.co/600x400/cccccc/222222?text=Blog+Post',NULL,1),
(147,147,'5 Tips for Effective Leadership','1. Listen more than you speak. 2. Empower your team. 3. Be transparent. 4. Lead with empathy. 5. Never stop learning. What would you add?','https://placehold.co/600x400/cccccc/222222?text=Blog+Post',NULL,1),
(148,148,'The Future of Remote Work','Just read a fascinating report on hybrid work models. It seems flexibility is no longer a perk, but a core expectation. How has your company adapted?','https://placehold.co/600x400/cccccc/222222?text=Blog+Post',NULL,1),
(149,149,'5 Tips for Effective Leadership','1. Listen more than you speak. 2. Empower your team. 3. Be transparent. 4. Lead with empathy. 5. Never stop learning. What would you add?','https://placehold.co/600x400/cccccc/222222?text=Blog+Post',NULL,1),
(150,150,'Excited to be at the Brisbane Tech Summit!','Looking forward to connecting with other innovators and learning about the latest trends in AI and cloud computing. DM me if you want to connect!','https://placehold.co/600x400/cccccc/222222?text=Blog+Post',NULL,1),
(151,151,'Celebrating a huge milestone!','Thrilled to announce that our team has just onboarded our 1000th customer! So proud of everyone\'s hard work and dedication.','https://placehold.co/600x400/cccccc/222222?text=Blog+Post',NULL,1),
(152,152,'5 Tips for Effective Leadership','1. Listen more than you speak. 2. Empower your team. 3. Be transparent. 4. Lead with empathy. 5. Never stop learning. What would you add?','https://placehold.co/600x400/cccccc/222222?text=Blog+Post',NULL,1),
(153,153,'Excited to be at the Brisbane Tech Summit!','Looking forward to connecting with other innovators and learning about the latest trends in AI and cloud computing. DM me if you want to connect!','https://placehold.co/600x400/cccccc/222222?text=Blog+Post',NULL,1),
(154,154,'Excited to be at the Brisbane Tech Summit!','Looking forward to connecting with other innovators and learning about the latest trends in AI and cloud computing. DM me if you want to connect!','https://placehold.co/600x400/cccccc/222222?text=Blog+Post',NULL,1),
(155,155,'5 Tips for Effective Leadership','1. Listen more than you speak. 2. Empower your team. 3. Be transparent. 4. Lead with empathy. 5. Never stop learning. What would you add?','https://placehold.co/600x400/cccccc/222222?text=Blog+Post',NULL,1),
(156,156,'The Future of Remote Work','Just read a fascinating report on hybrid work models. It seems flexibility is no longer a perk, but a core expectation. How has your company adapted?','https://placehold.co/600x400/cccccc/222222?text=Blog+Post',NULL,1),
(157,157,'5 Tips for Effective Leadership','1. Listen more than you speak. 2. Empower your team. 3. Be transparent. 4. Lead with empathy. 5. Never stop learning. What would you add?','https://placehold.co/600x400/cccccc/222222?text=Blog+Post',NULL,1),
(158,158,'5 Tips for Effective Leadership','1. Listen more than you speak. 2. Empower your team. 3. Be transparent. 4. Lead with empathy. 5. Never stop learning. What would you add?','https://placehold.co/600x400/cccccc/222222?text=Blog+Post',NULL,1),
(159,159,'Excited to be at the Brisbane Tech Summit!','Looking forward to connecting with other innovators and learning about the latest trends in AI and cloud computing. DM me if you want to connect!','https://placehold.co/600x400/cccccc/222222?text=Blog+Post',NULL,1),
(160,160,'Excited to be at the Brisbane Tech Summit!','Looking forward to connecting with other innovators and learning about the latest trends in AI and cloud computing. DM me if you want to connect!','https://placehold.co/600x400/cccccc/222222?text=Blog+Post',NULL,1),
(161,161,'Excited to be at the Brisbane Tech Summit!','Looking forward to connecting with other innovators and learning about the latest trends in AI and cloud computing. DM me if you want to connect!','https://placehold.co/600x400/cccccc/222222?text=Blog+Post',NULL,1),
(162,162,'Celebrating a huge milestone!','Thrilled to announce that our team has just onboarded our 1000th customer! So proud of everyone\'s hard work and dedication.','https://placehold.co/600x400/cccccc/222222?text=Blog+Post',NULL,1),
(163,163,'5 Tips for Effective Leadership','1. Listen more than you speak. 2. Empower your team. 3. Be transparent. 4. Lead with empathy. 5. Never stop learning. What would you add?','https://placehold.co/600x400/cccccc/222222?text=Blog+Post',NULL,1),
(164,164,'Celebrating a huge milestone!','Thrilled to announce that our team has just onboarded our 1000th customer! So proud of everyone\'s hard work and dedication.','https://placehold.co/600x400/cccccc/222222?text=Blog+Post',NULL,1),
(165,165,'The Future of Remote Work','Just read a fascinating report on hybrid work models. It seems flexibility is no longer a perk, but a core expectation. How has your company adapted?','https://placehold.co/600x400/cccccc/222222?text=Blog+Post',NULL,1),
(166,166,'Excited to be at the Brisbane Tech Summit!','Looking forward to connecting with other innovators and learning about the latest trends in AI and cloud computing. DM me if you want to connect!','https://placehold.co/600x400/cccccc/222222?text=Blog+Post',NULL,1),
(167,167,'Celebrating a huge milestone!','Thrilled to announce that our team has just onboarded our 1000th customer! So proud of everyone\'s hard work and dedication.','https://placehold.co/600x400/cccccc/222222?text=Blog+Post',NULL,1),
(168,168,'Celebrating a huge milestone!','Thrilled to announce that our team has just onboarded our 1000th customer! So proud of everyone\'s hard work and dedication.','https://placehold.co/600x400/cccccc/222222?text=Blog+Post',NULL,1),
(169,169,'Celebrating a huge milestone!','Thrilled to announce that our team has just onboarded our 1000th customer! So proud of everyone\'s hard work and dedication.','https://placehold.co/600x400/cccccc/222222?text=Blog+Post',NULL,1),
(170,170,'The Future of Remote Work','Just read a fascinating report on hybrid work models. It seems flexibility is no longer a perk, but a core expectation. How has your company adapted?','https://placehold.co/600x400/cccccc/222222?text=Blog+Post',NULL,1),
(171,171,'The Future of Remote Work','Just read a fascinating report on hybrid work models. It seems flexibility is no longer a perk, but a core expectation. How has your company adapted?','https://placehold.co/600x400/cccccc/222222?text=Blog+Post',NULL,1),
(172,172,'Excited to be at the Brisbane Tech Summit!','Looking forward to connecting with other innovators and learning about the latest trends in AI and cloud computing. DM me if you want to connect!','https://placehold.co/600x400/cccccc/222222?text=Blog+Post',NULL,1),
(173,173,'The Future of Remote Work','Just read a fascinating report on hybrid work models. It seems flexibility is no longer a perk, but a core expectation. How has your company adapted?','https://placehold.co/600x400/cccccc/222222?text=Blog+Post',NULL,1),
(174,174,'Celebrating a huge milestone!','Thrilled to announce that our team has just onboarded our 1000th customer! So proud of everyone\'s hard work and dedication.','https://placehold.co/600x400/cccccc/222222?text=Blog+Post',NULL,1),
(175,175,'The Future of Remote Work','Just read a fascinating report on hybrid work models. It seems flexibility is no longer a perk, but a core expectation. How has your company adapted?','https://placehold.co/600x400/cccccc/222222?text=Blog+Post',NULL,1),
(176,176,'The Future of Remote Work','Just read a fascinating report on hybrid work models. It seems flexibility is no longer a perk, but a core expectation. How has your company adapted?','https://placehold.co/600x400/cccccc/222222?text=Blog+Post',NULL,1),
(177,177,'The Future of Remote Work','Just read a fascinating report on hybrid work models. It seems flexibility is no longer a perk, but a core expectation. How has your company adapted?','https://placehold.co/600x400/cccccc/222222?text=Blog+Post',NULL,1),
(178,178,'Excited to be at the Brisbane Tech Summit!','Looking forward to connecting with other innovators and learning about the latest trends in AI and cloud computing. DM me if you want to connect!','https://placehold.co/600x400/cccccc/222222?text=Blog+Post',NULL,1),
(179,179,'Excited to be at the Brisbane Tech Summit!','Looking forward to connecting with other innovators and learning about the latest trends in AI and cloud computing. DM me if you want to connect!','https://placehold.co/600x400/cccccc/222222?text=Blog+Post',NULL,1),
(180,180,'The Future of Remote Work','Just read a fascinating report on hybrid work models. It seems flexibility is no longer a perk, but a core expectation. How has your company adapted?','https://placehold.co/600x400/cccccc/222222?text=Blog+Post',NULL,1),
(181,181,'Excited to be at the Brisbane Tech Summit!','Looking forward to connecting with other innovators and learning about the latest trends in AI and cloud computing. DM me if you want to connect!','https://placehold.co/600x400/cccccc/222222?text=Blog+Post',NULL,1),
(182,182,'Celebrating a huge milestone!','Thrilled to announce that our team has just onboarded our 1000th customer! So proud of everyone\'s hard work and dedication.','https://placehold.co/600x400/cccccc/222222?text=Blog+Post',NULL,1),
(183,183,'Celebrating a huge milestone!','Thrilled to announce that our team has just onboarded our 1000th customer! So proud of everyone\'s hard work and dedication.','https://placehold.co/600x400/cccccc/222222?text=Blog+Post',NULL,1),
(184,184,'Celebrating a huge milestone!','Thrilled to announce that our team has just onboarded our 1000th customer! So proud of everyone\'s hard work and dedication.','https://placehold.co/600x400/cccccc/222222?text=Blog+Post',NULL,1),
(185,185,'Celebrating a huge milestone!','Thrilled to announce that our team has just onboarded our 1000th customer! So proud of everyone\'s hard work and dedication.','https://placehold.co/600x400/cccccc/222222?text=Blog+Post',NULL,1),
(186,186,'Celebrating a huge milestone!','Thrilled to announce that our team has just onboarded our 1000th customer! So proud of everyone\'s hard work and dedication.','https://placehold.co/600x400/cccccc/222222?text=Blog+Post',NULL,1),
(187,187,'The Future of Remote Work','Just read a fascinating report on hybrid work models. It seems flexibility is no longer a perk, but a core expectation. How has your company adapted?','https://placehold.co/600x400/cccccc/222222?text=Blog+Post',NULL,1),
(188,188,'Celebrating a huge milestone!','Thrilled to announce that our team has just onboarded our 1000th customer! So proud of everyone\'s hard work and dedication.','https://placehold.co/600x400/cccccc/222222?text=Blog+Post',NULL,1),
(189,189,'5 Tips for Effective Leadership','1. Listen more than you speak. 2. Empower your team. 3. Be transparent. 4. Lead with empathy. 5. Never stop learning. What would you add?','https://placehold.co/600x400/cccccc/222222?text=Blog+Post',NULL,1),
(190,190,'5 Tips for Effective Leadership','1. Listen more than you speak. 2. Empower your team. 3. Be transparent. 4. Lead with empathy. 5. Never stop learning. What would you add?','https://placehold.co/600x400/cccccc/222222?text=Blog+Post',NULL,1),
(191,191,'The Future of Remote Work','Just read a fascinating report on hybrid work models. It seems flexibility is no longer a perk, but a core expectation. How has your company adapted?','https://placehold.co/600x400/cccccc/222222?text=Blog+Post',NULL,1),
(192,192,'5 Tips for Effective Leadership','1. Listen more than you speak. 2. Empower your team. 3. Be transparent. 4. Lead with empathy. 5. Never stop learning. What would you add?','https://placehold.co/600x400/cccccc/222222?text=Blog+Post',NULL,1),
(193,193,'Excited to be at the Brisbane Tech Summit!','Looking forward to connecting with other innovators and learning about the latest trends in AI and cloud computing. DM me if you want to connect!','https://placehold.co/600x400/cccccc/222222?text=Blog+Post',NULL,1),
(194,194,'The Future of Remote Work','Just read a fascinating report on hybrid work models. It seems flexibility is no longer a perk, but a core expectation. How has your company adapted?','https://placehold.co/600x400/cccccc/222222?text=Blog+Post',NULL,1),
(195,195,'5 Tips for Effective Leadership','1. Listen more than you speak. 2. Empower your team. 3. Be transparent. 4. Lead with empathy. 5. Never stop learning. What would you add?','https://placehold.co/600x400/cccccc/222222?text=Blog+Post',NULL,1),
(196,196,'5 Tips for Effective Leadership','1. Listen more than you speak. 2. Empower your team. 3. Be transparent. 4. Lead with empathy. 5. Never stop learning. What would you add?','https://placehold.co/600x400/cccccc/222222?text=Blog+Post',NULL,1),
(197,197,'5 Tips for Effective Leadership','1. Listen more than you speak. 2. Empower your team. 3. Be transparent. 4. Lead with empathy. 5. Never stop learning. What would you add?','https://placehold.co/600x400/cccccc/222222?text=Blog+Post',NULL,1),
(198,198,'The Future of Remote Work','Just read a fascinating report on hybrid work models. It seems flexibility is no longer a perk, but a core expectation. How has your company adapted?','https://placehold.co/600x400/cccccc/222222?text=Blog+Post',NULL,1),
(199,199,'Excited to be at the Brisbane Tech Summit!','Looking forward to connecting with other innovators and learning about the latest trends in AI and cloud computing. DM me if you want to connect!','https://placehold.co/600x400/cccccc/222222?text=Blog+Post',NULL,1),
(200,200,'The Future of Remote Work','Just read a fascinating report on hybrid work models. It seems flexibility is no longer a perk, but a core expectation. How has your company adapted?','https://placehold.co/600x400/cccccc/222222?text=Blog+Post',NULL,1),
(201,201,'5 Tips for Effective Leadership','1. Listen more than you speak. 2. Empower your team. 3. Be transparent. 4. Lead with empathy. 5. Never stop learning. What would you add?','https://placehold.co/600x400/cccccc/222222?text=Blog+Post',NULL,1),
(202,202,'Celebrating a huge milestone!','Thrilled to announce that our team has just onboarded our 1000th customer! So proud of everyone\'s hard work and dedication.','https://placehold.co/600x400/cccccc/222222?text=Blog+Post',NULL,1),
(203,203,'Celebrating a huge milestone!','Thrilled to announce that our team has just onboarded our 1000th customer! So proud of everyone\'s hard work and dedication.','https://placehold.co/600x400/cccccc/222222?text=Blog+Post',NULL,1),
(204,204,'Excited to be at the Brisbane Tech Summit!','Looking forward to connecting with other innovators and learning about the latest trends in AI and cloud computing. DM me if you want to connect!','https://placehold.co/600x400/cccccc/222222?text=Blog+Post',NULL,1),
(205,205,'The Future of Remote Work','Just read a fascinating report on hybrid work models. It seems flexibility is no longer a perk, but a core expectation. How has your company adapted?','https://placehold.co/600x400/cccccc/222222?text=Blog+Post',NULL,1),
(206,206,'Celebrating a huge milestone!','Thrilled to announce that our team has just onboarded our 1000th customer! So proud of everyone\'s hard work and dedication.','https://placehold.co/600x400/cccccc/222222?text=Blog+Post',NULL,1),
(207,207,'5 Tips for Effective Leadership','1. Listen more than you speak. 2. Empower your team. 3. Be transparent. 4. Lead with empathy. 5. Never stop learning. What would you add?','https://placehold.co/600x400/cccccc/222222?text=Blog+Post',NULL,1),
(208,208,'Excited to be at the Brisbane Tech Summit!','Looking forward to connecting with other innovators and learning about the latest trends in AI and cloud computing. DM me if you want to connect!','https://placehold.co/600x400/cccccc/222222?text=Blog+Post',NULL,1),
(209,209,'Celebrating a huge milestone!','Thrilled to announce that our team has just onboarded our 1000th customer! So proud of everyone\'s hard work and dedication.','https://placehold.co/600x400/cccccc/222222?text=Blog+Post',NULL,1),
(210,210,'The Future of Remote Work','Just read a fascinating report on hybrid work models. It seems flexibility is no longer a perk, but a core expectation. How has your company adapted?','https://placehold.co/600x400/cccccc/222222?text=Blog+Post',NULL,1),
(211,211,'5 Tips for Effective Leadership','1. Listen more than you speak. 2. Empower your team. 3. Be transparent. 4. Lead with empathy. 5. Never stop learning. What would you add?','https://placehold.co/600x400/cccccc/222222?text=Blog+Post',NULL,1),
(212,212,'The Future of Remote Work','Just read a fascinating report on hybrid work models. It seems flexibility is no longer a perk, but a core expectation. How has your company adapted?','https://placehold.co/600x400/cccccc/222222?text=Blog+Post',NULL,1),
(213,213,'Excited to be at the Brisbane Tech Summit!','Looking forward to connecting with other innovators and learning about the latest trends in AI and cloud computing. DM me if you want to connect!','https://placehold.co/600x400/cccccc/222222?text=Blog+Post',NULL,1),
(214,214,'Excited to be at the Brisbane Tech Summit!','Looking forward to connecting with other innovators and learning about the latest trends in AI and cloud computing. DM me if you want to connect!','https://placehold.co/600x400/cccccc/222222?text=Blog+Post',NULL,1),
(215,215,'The Future of Remote Work','Just read a fascinating report on hybrid work models. It seems flexibility is no longer a perk, but a core expectation. How has your company adapted?','https://placehold.co/600x400/cccccc/222222?text=Blog+Post',NULL,1),
(216,216,'Celebrating a huge milestone!','Thrilled to announce that our team has just onboarded our 1000th customer! So proud of everyone\'s hard work and dedication.','https://placehold.co/600x400/cccccc/222222?text=Blog+Post',NULL,1),
(217,217,'Celebrating a huge milestone!','Thrilled to announce that our team has just onboarded our 1000th customer! So proud of everyone\'s hard work and dedication.','https://placehold.co/600x400/cccccc/222222?text=Blog+Post',NULL,1),
(218,218,'The Future of Remote Work','Just read a fascinating report on hybrid work models. It seems flexibility is no longer a perk, but a core expectation. How has your company adapted?','https://placehold.co/600x400/cccccc/222222?text=Blog+Post',NULL,1),
(219,219,'5 Tips for Effective Leadership','1. Listen more than you speak. 2. Empower your team. 3. Be transparent. 4. Lead with empathy. 5. Never stop learning. What would you add?','https://placehold.co/600x400/cccccc/222222?text=Blog+Post',NULL,1),
(220,220,'The Future of Remote Work','Just read a fascinating report on hybrid work models. It seems flexibility is no longer a perk, but a core expectation. How has your company adapted?','https://placehold.co/600x400/cccccc/222222?text=Blog+Post',NULL,1),
(221,221,'5 Tips for Effective Leadership','1. Listen more than you speak. 2. Empower your team. 3. Be transparent. 4. Lead with empathy. 5. Never stop learning. What would you add?','https://placehold.co/600x400/cccccc/222222?text=Blog+Post',NULL,1),
(222,222,'Celebrating a huge milestone!','Thrilled to announce that our team has just onboarded our 1000th customer! So proud of everyone\'s hard work and dedication.','https://placehold.co/600x400/cccccc/222222?text=Blog+Post',NULL,1),
(223,223,'5 Tips for Effective Leadership','1. Listen more than you speak. 2. Empower your team. 3. Be transparent. 4. Lead with empathy. 5. Never stop learning. What would you add?','https://placehold.co/600x400/cccccc/222222?text=Blog+Post',NULL,1),
(224,224,'Excited to be at the Brisbane Tech Summit!','Looking forward to connecting with other innovators and learning about the latest trends in AI and cloud computing. DM me if you want to connect!','https://placehold.co/600x400/cccccc/222222?text=Blog+Post',NULL,1),
(225,225,'The Future of Remote Work','Just read a fascinating report on hybrid work models. It seems flexibility is no longer a perk, but a core expectation. How has your company adapted?','https://placehold.co/600x400/cccccc/222222?text=Blog+Post',NULL,1),
(226,226,'The Future of Remote Work','Just read a fascinating report on hybrid work models. It seems flexibility is no longer a perk, but a core expectation. How has your company adapted?','https://placehold.co/600x400/cccccc/222222?text=Blog+Post',NULL,1),
(227,227,'Excited to be at the Brisbane Tech Summit!','Looking forward to connecting with other innovators and learning about the latest trends in AI and cloud computing. DM me if you want to connect!','https://placehold.co/600x400/cccccc/222222?text=Blog+Post',NULL,1),
(228,228,'Celebrating a huge milestone!','Thrilled to announce that our team has just onboarded our 1000th customer! So proud of everyone\'s hard work and dedication.','https://placehold.co/600x400/cccccc/222222?text=Blog+Post',NULL,1),
(229,229,'Celebrating a huge milestone!','Thrilled to announce that our team has just onboarded our 1000th customer! So proud of everyone\'s hard work and dedication.','https://placehold.co/600x400/cccccc/222222?text=Blog+Post',NULL,1),
(230,230,'Excited to be at the Brisbane Tech Summit!','Looking forward to connecting with other innovators and learning about the latest trends in AI and cloud computing. DM me if you want to connect!','https://placehold.co/600x400/cccccc/222222?text=Blog+Post',NULL,1),
(231,231,'The Future of Remote Work','Just read a fascinating report on hybrid work models. It seems flexibility is no longer a perk, but a core expectation. How has your company adapted?','https://placehold.co/600x400/cccccc/222222?text=Blog+Post',NULL,1),
(232,232,'Celebrating a huge milestone!','Thrilled to announce that our team has just onboarded our 1000th customer! So proud of everyone\'s hard work and dedication.','https://placehold.co/600x400/cccccc/222222?text=Blog+Post',NULL,1),
(233,233,'The Future of Remote Work','Just read a fascinating report on hybrid work models. It seems flexibility is no longer a perk, but a core expectation. How has your company adapted?','https://placehold.co/600x400/cccccc/222222?text=Blog+Post',NULL,1),
(234,234,'Excited to be at the Brisbane Tech Summit!','Looking forward to connecting with other innovators and learning about the latest trends in AI and cloud computing. DM me if you want to connect!','https://placehold.co/600x400/cccccc/222222?text=Blog+Post',NULL,1),
(235,235,'Excited to be at the Brisbane Tech Summit!','Looking forward to connecting with other innovators and learning about the latest trends in AI and cloud computing. DM me if you want to connect!','https://placehold.co/600x400/cccccc/222222?text=Blog+Post',NULL,1),
(236,236,'5 Tips for Effective Leadership','1. Listen more than you speak. 2. Empower your team. 3. Be transparent. 4. Lead with empathy. 5. Never stop learning. What would you add?','https://placehold.co/600x400/cccccc/222222?text=Blog+Post',NULL,1),
(237,237,'Celebrating a huge milestone!','Thrilled to announce that our team has just onboarded our 1000th customer! So proud of everyone\'s hard work and dedication.','https://placehold.co/600x400/cccccc/222222?text=Blog+Post',NULL,1),
(238,238,'The Future of Remote Work','Just read a fascinating report on hybrid work models. It seems flexibility is no longer a perk, but a core expectation. How has your company adapted?','https://placehold.co/600x400/cccccc/222222?text=Blog+Post',NULL,1),
(239,239,'Excited to be at the Brisbane Tech Summit!','Looking forward to connecting with other innovators and learning about the latest trends in AI and cloud computing. DM me if you want to connect!','https://placehold.co/600x400/cccccc/222222?text=Blog+Post',NULL,1),
(240,240,'The Future of Remote Work','Just read a fascinating report on hybrid work models. It seems flexibility is no longer a perk, but a core expectation. How has your company adapted?','https://placehold.co/600x400/cccccc/222222?text=Blog+Post',NULL,1),
(241,241,'Excited to be at the Brisbane Tech Summit!','Looking forward to connecting with other innovators and learning about the latest trends in AI and cloud computing. DM me if you want to connect!','https://placehold.co/600x400/cccccc/222222?text=Blog+Post',NULL,1),
(242,242,'Celebrating a huge milestone!','Thrilled to announce that our team has just onboarded our 1000th customer! So proud of everyone\'s hard work and dedication.','https://placehold.co/600x400/cccccc/222222?text=Blog+Post',NULL,1),
(243,243,'Celebrating a huge milestone!','Thrilled to announce that our team has just onboarded our 1000th customer! So proud of everyone\'s hard work and dedication.','https://placehold.co/600x400/cccccc/222222?text=Blog+Post',NULL,1),
(244,244,'5 Tips for Effective Leadership','1. Listen more than you speak. 2. Empower your team. 3. Be transparent. 4. Lead with empathy. 5. Never stop learning. What would you add?','https://placehold.co/600x400/cccccc/222222?text=Blog+Post',NULL,1),
(245,245,'5 Tips for Effective Leadership','1. Listen more than you speak. 2. Empower your team. 3. Be transparent. 4. Lead with empathy. 5. Never stop learning. What would you add?','https://placehold.co/600x400/cccccc/222222?text=Blog+Post',NULL,1),
(246,246,'Excited to be at the Brisbane Tech Summit!','Looking forward to connecting with other innovators and learning about the latest trends in AI and cloud computing. DM me if you want to connect!','https://placehold.co/600x400/cccccc/222222?text=Blog+Post',NULL,1),
(247,247,'Excited to be at the Brisbane Tech Summit!','Looking forward to connecting with other innovators and learning about the latest trends in AI and cloud computing. DM me if you want to connect!','https://placehold.co/600x400/cccccc/222222?text=Blog+Post',NULL,1),
(248,248,'Celebrating a huge milestone!','Thrilled to announce that our team has just onboarded our 1000th customer! So proud of everyone\'s hard work and dedication.','https://placehold.co/600x400/cccccc/222222?text=Blog+Post',NULL,1),
(249,249,'5 Tips for Effective Leadership','1. Listen more than you speak. 2. Empower your team. 3. Be transparent. 4. Lead with empathy. 5. Never stop learning. What would you add?','https://placehold.co/600x400/cccccc/222222?text=Blog+Post',NULL,1),
(250,250,'5 Tips for Effective Leadership','1. Listen more than you speak. 2. Empower your team. 3. Be transparent. 4. Lead with empathy. 5. Never stop learning. What would you add?','https://placehold.co/600x400/cccccc/222222?text=Blog+Post',NULL,1),
(251,251,'The Future of Remote Work','Just read a fascinating report on hybrid work models. It seems flexibility is no longer a perk, but a core expectation. How has your company adapted?','https://placehold.co/600x400/cccccc/222222?text=Blog+Post',NULL,1),
(252,252,'Excited to be at the Brisbane Tech Summit!','Looking forward to connecting with other innovators and learning about the latest trends in AI and cloud computing. DM me if you want to connect!','https://placehold.co/600x400/cccccc/222222?text=Blog+Post',NULL,1),
(253,253,'5 Tips for Effective Leadership','1. Listen more than you speak. 2. Empower your team. 3. Be transparent. 4. Lead with empathy. 5. Never stop learning. What would you add?','https://placehold.co/600x400/cccccc/222222?text=Blog+Post',NULL,1),
(254,254,'The Future of Remote Work','Just read a fascinating report on hybrid work models. It seems flexibility is no longer a perk, but a core expectation. How has your company adapted?','https://placehold.co/600x400/cccccc/222222?text=Blog+Post',NULL,1),
(255,255,'The Future of Remote Work','Just read a fascinating report on hybrid work models. It seems flexibility is no longer a perk, but a core expectation. How has your company adapted?','https://placehold.co/600x400/cccccc/222222?text=Blog+Post',NULL,1),
(256,256,'Excited to be at the Brisbane Tech Summit!','Looking forward to connecting with other innovators and learning about the latest trends in AI and cloud computing. DM me if you want to connect!','https://placehold.co/600x400/cccccc/222222?text=Blog+Post',NULL,1),
(257,257,'The Future of Remote Work','Just read a fascinating report on hybrid work models. It seems flexibility is no longer a perk, but a core expectation. How has your company adapted?','https://placehold.co/600x400/cccccc/222222?text=Blog+Post',NULL,1),
(258,258,'5 Tips for Effective Leadership','1. Listen more than you speak. 2. Empower your team. 3. Be transparent. 4. Lead with empathy. 5. Never stop learning. What would you add?','https://placehold.co/600x400/cccccc/222222?text=Blog+Post',NULL,1),
(259,259,'Celebrating a huge milestone!','Thrilled to announce that our team has just onboarded our 1000th customer! So proud of everyone\'s hard work and dedication.','https://placehold.co/600x400/cccccc/222222?text=Blog+Post',NULL,1),
(260,260,'5 Tips for Effective Leadership','1. Listen more than you speak. 2. Empower your team. 3. Be transparent. 4. Lead with empathy. 5. Never stop learning. What would you add?','https://placehold.co/600x400/cccccc/222222?text=Blog+Post',NULL,1),
(261,261,'The Future of Remote Work','Just read a fascinating report on hybrid work models. It seems flexibility is no longer a perk, but a core expectation. How has your company adapted?','https://placehold.co/600x400/cccccc/222222?text=Blog+Post',NULL,1),
(262,262,'5 Tips for Effective Leadership','1. Listen more than you speak. 2. Empower your team. 3. Be transparent. 4. Lead with empathy. 5. Never stop learning. What would you add?','https://placehold.co/600x400/cccccc/222222?text=Blog+Post',NULL,1),
(263,263,'Excited to be at the Brisbane Tech Summit!','Looking forward to connecting with other innovators and learning about the latest trends in AI and cloud computing. DM me if you want to connect!','https://placehold.co/600x400/cccccc/222222?text=Blog+Post',NULL,1),
(264,264,'Excited to be at the Brisbane Tech Summit!','Looking forward to connecting with other innovators and learning about the latest trends in AI and cloud computing. DM me if you want to connect!','https://placehold.co/600x400/cccccc/222222?text=Blog+Post',NULL,1),
(265,265,'Excited to be at the Brisbane Tech Summit!','Looking forward to connecting with other innovators and learning about the latest trends in AI and cloud computing. DM me if you want to connect!','https://placehold.co/600x400/cccccc/222222?text=Blog+Post',NULL,1),
(266,266,'5 Tips for Effective Leadership','1. Listen more than you speak. 2. Empower your team. 3. Be transparent. 4. Lead with empathy. 5. Never stop learning. What would you add?','https://placehold.co/600x400/cccccc/222222?text=Blog+Post',NULL,1),
(267,267,'Celebrating a huge milestone!','Thrilled to announce that our team has just onboarded our 1000th customer! So proud of everyone\'s hard work and dedication.','https://placehold.co/600x400/cccccc/222222?text=Blog+Post',NULL,1),
(268,268,'5 Tips for Effective Leadership','1. Listen more than you speak. 2. Empower your team. 3. Be transparent. 4. Lead with empathy. 5. Never stop learning. What would you add?','https://placehold.co/600x400/cccccc/222222?text=Blog+Post',NULL,1),
(269,269,'The Future of Remote Work','Just read a fascinating report on hybrid work models. It seems flexibility is no longer a perk, but a core expectation. How has your company adapted?','https://placehold.co/600x400/cccccc/222222?text=Blog+Post',NULL,1),
(270,270,'5 Tips for Effective Leadership','1. Listen more than you speak. 2. Empower your team. 3. Be transparent. 4. Lead with empathy. 5. Never stop learning. What would you add?','https://placehold.co/600x400/cccccc/222222?text=Blog+Post',NULL,1),
(271,271,'5 Tips for Effective Leadership','1. Listen more than you speak. 2. Empower your team. 3. Be transparent. 4. Lead with empathy. 5. Never stop learning. What would you add?','https://placehold.co/600x400/cccccc/222222?text=Blog+Post',NULL,1),
(272,272,'Celebrating a huge milestone!','Thrilled to announce that our team has just onboarded our 1000th customer! So proud of everyone\'s hard work and dedication.','https://placehold.co/600x400/cccccc/222222?text=Blog+Post',NULL,1),
(273,273,'Celebrating a huge milestone!','Thrilled to announce that our team has just onboarded our 1000th customer! So proud of everyone\'s hard work and dedication.','https://placehold.co/600x400/cccccc/222222?text=Blog+Post',NULL,1),
(274,274,'5 Tips for Effective Leadership','1. Listen more than you speak. 2. Empower your team. 3. Be transparent. 4. Lead with empathy. 5. Never stop learning. What would you add?','https://placehold.co/600x400/cccccc/222222?text=Blog+Post',NULL,1),
(275,275,'5 Tips for Effective Leadership','1. Listen more than you speak. 2. Empower your team. 3. Be transparent. 4. Lead with empathy. 5. Never stop learning. What would you add?','https://placehold.co/600x400/cccccc/222222?text=Blog+Post',NULL,1),
(276,276,'The Future of Remote Work','Just read a fascinating report on hybrid work models. It seems flexibility is no longer a perk, but a core expectation. How has your company adapted?','https://placehold.co/600x400/cccccc/222222?text=Blog+Post',NULL,1),
(277,277,'Excited to be at the Brisbane Tech Summit!','Looking forward to connecting with other innovators and learning about the latest trends in AI and cloud computing. DM me if you want to connect!','https://placehold.co/600x400/cccccc/222222?text=Blog+Post',NULL,1),
(278,278,'5 Tips for Effective Leadership','1. Listen more than you speak. 2. Empower your team. 3. Be transparent. 4. Lead with empathy. 5. Never stop learning. What would you add?','https://placehold.co/600x400/cccccc/222222?text=Blog+Post',NULL,1),
(279,279,'Excited to be at the Brisbane Tech Summit!','Looking forward to connecting with other innovators and learning about the latest trends in AI and cloud computing. DM me if you want to connect!','https://placehold.co/600x400/cccccc/222222?text=Blog+Post',NULL,1),
(280,280,'5 Tips for Effective Leadership','1. Listen more than you speak. 2. Empower your team. 3. Be transparent. 4. Lead with empathy. 5. Never stop learning. What would you add?','https://placehold.co/600x400/cccccc/222222?text=Blog+Post',NULL,1),
(281,281,'Excited to be at the Brisbane Tech Summit!','Looking forward to connecting with other innovators and learning about the latest trends in AI and cloud computing. DM me if you want to connect!','https://placehold.co/600x400/cccccc/222222?text=Blog+Post',NULL,1),
(282,282,'The Future of Remote Work','Just read a fascinating report on hybrid work models. It seems flexibility is no longer a perk, but a core expectation. How has your company adapted?','https://placehold.co/600x400/cccccc/222222?text=Blog+Post',NULL,1),
(283,283,'The Future of Remote Work','Just read a fascinating report on hybrid work models. It seems flexibility is no longer a perk, but a core expectation. How has your company adapted?','https://placehold.co/600x400/cccccc/222222?text=Blog+Post',NULL,1),
(284,284,'Celebrating a huge milestone!','Thrilled to announce that our team has just onboarded our 1000th customer! So proud of everyone\'s hard work and dedication.','https://placehold.co/600x400/cccccc/222222?text=Blog+Post',NULL,1),
(285,285,'5 Tips for Effective Leadership','1. Listen more than you speak. 2. Empower your team. 3. Be transparent. 4. Lead with empathy. 5. Never stop learning. What would you add?','https://placehold.co/600x400/cccccc/222222?text=Blog+Post',NULL,1),
(286,286,'Excited to be at the Brisbane Tech Summit!','Looking forward to connecting with other innovators and learning about the latest trends in AI and cloud computing. DM me if you want to connect!','https://placehold.co/600x400/cccccc/222222?text=Blog+Post',NULL,1),
(287,287,'Excited to be at the Brisbane Tech Summit!','Looking forward to connecting with other innovators and learning about the latest trends in AI and cloud computing. DM me if you want to connect!','https://placehold.co/600x400/cccccc/222222?text=Blog+Post',NULL,1),
(288,288,'The Future of Remote Work','Just read a fascinating report on hybrid work models. It seems flexibility is no longer a perk, but a core expectation. How has your company adapted?','https://placehold.co/600x400/cccccc/222222?text=Blog+Post',NULL,1),
(289,289,'5 Tips for Effective Leadership','1. Listen more than you speak. 2. Empower your team. 3. Be transparent. 4. Lead with empathy. 5. Never stop learning. What would you add?','https://placehold.co/600x400/cccccc/222222?text=Blog+Post',NULL,1),
(290,290,'The Future of Remote Work','Just read a fascinating report on hybrid work models. It seems flexibility is no longer a perk, but a core expectation. How has your company adapted?','https://placehold.co/600x400/cccccc/222222?text=Blog+Post',NULL,1),
(291,291,'5 Tips for Effective Leadership','1. Listen more than you speak. 2. Empower your team. 3. Be transparent. 4. Lead with empathy. 5. Never stop learning. What would you add?','https://placehold.co/600x400/cccccc/222222?text=Blog+Post',NULL,1),
(292,292,'The Future of Remote Work','Just read a fascinating report on hybrid work models. It seems flexibility is no longer a perk, but a core expectation. How has your company adapted?','https://placehold.co/600x400/cccccc/222222?text=Blog+Post',NULL,1),
(293,293,'The Future of Remote Work','Just read a fascinating report on hybrid work models. It seems flexibility is no longer a perk, but a core expectation. How has your company adapted?','https://placehold.co/600x400/cccccc/222222?text=Blog+Post',NULL,1),
(294,294,'Excited to be at the Brisbane Tech Summit!','Looking forward to connecting with other innovators and learning about the latest trends in AI and cloud computing. DM me if you want to connect!','https://placehold.co/600x400/cccccc/222222?text=Blog+Post',NULL,1),
(295,295,'The Future of Remote Work','Just read a fascinating report on hybrid work models. It seems flexibility is no longer a perk, but a core expectation. How has your company adapted?','https://placehold.co/600x400/cccccc/222222?text=Blog+Post',NULL,1),
(296,296,'5 Tips for Effective Leadership','1. Listen more than you speak. 2. Empower your team. 3. Be transparent. 4. Lead with empathy. 5. Never stop learning. What would you add?','https://placehold.co/600x400/cccccc/222222?text=Blog+Post',NULL,1),
(297,297,'Celebrating a huge milestone!','Thrilled to announce that our team has just onboarded our 1000th customer! So proud of everyone\'s hard work and dedication.','https://placehold.co/600x400/cccccc/222222?text=Blog+Post',NULL,1),
(298,298,'Excited to be at the Brisbane Tech Summit!','Looking forward to connecting with other innovators and learning about the latest trends in AI and cloud computing. DM me if you want to connect!','https://placehold.co/600x400/cccccc/222222?text=Blog+Post',NULL,1),
(299,299,'Celebrating a huge milestone!','Thrilled to announce that our team has just onboarded our 1000th customer! So proud of everyone\'s hard work and dedication.','https://placehold.co/600x400/cccccc/222222?text=Blog+Post',NULL,1),
(300,300,'The Future of Remote Work','Just read a fascinating report on hybrid work models. It seems flexibility is no longer a perk, but a core expectation. How has your company adapted?','https://placehold.co/600x400/cccccc/222222?text=Blog+Post',NULL,1),
(301,301,'The Future of Remote Work','Just read a fascinating report on hybrid work models. It seems flexibility is no longer a perk, but a core expectation. How has your company adapted?','https://placehold.co/600x400/cccccc/222222?text=Blog+Post',NULL,1),
(302,302,'The Future of Remote Work','Just read a fascinating report on hybrid work models. It seems flexibility is no longer a perk, but a core expectation. How has your company adapted?','https://placehold.co/600x400/cccccc/222222?text=Blog+Post',NULL,1),
(303,303,'5 Tips for Effective Leadership','1. Listen more than you speak. 2. Empower your team. 3. Be transparent. 4. Lead with empathy. 5. Never stop learning. What would you add?','https://placehold.co/600x400/cccccc/222222?text=Blog+Post',NULL,1),
(304,304,'Excited to be at the Brisbane Tech Summit!','Looking forward to connecting with other innovators and learning about the latest trends in AI and cloud computing. DM me if you want to connect!','https://placehold.co/600x400/cccccc/222222?text=Blog+Post',NULL,1),
(305,305,'The Future of Remote Work','Just read a fascinating report on hybrid work models. It seems flexibility is no longer a perk, but a core expectation. How has your company adapted?','https://placehold.co/600x400/cccccc/222222?text=Blog+Post',NULL,1),
(306,306,'Celebrating a huge milestone!','Thrilled to announce that our team has just onboarded our 1000th customer! So proud of everyone\'s hard work and dedication.','https://placehold.co/600x400/cccccc/222222?text=Blog+Post',NULL,1),
(307,307,'The Future of Remote Work','Just read a fascinating report on hybrid work models. It seems flexibility is no longer a perk, but a core expectation. How has your company adapted?','https://placehold.co/600x400/cccccc/222222?text=Blog+Post',NULL,1),
(308,308,'Celebrating a huge milestone!','Thrilled to announce that our team has just onboarded our 1000th customer! So proud of everyone\'s hard work and dedication.','https://placehold.co/600x400/cccccc/222222?text=Blog+Post',NULL,1),
(309,309,'Celebrating a huge milestone!','Thrilled to announce that our team has just onboarded our 1000th customer! So proud of everyone\'s hard work and dedication.','https://placehold.co/600x400/cccccc/222222?text=Blog+Post',NULL,1),
(310,310,'Excited to be at the Brisbane Tech Summit!','Looking forward to connecting with other innovators and learning about the latest trends in AI and cloud computing. DM me if you want to connect!','https://placehold.co/600x400/cccccc/222222?text=Blog+Post',NULL,1),
(311,311,'The Future of Remote Work','Just read a fascinating report on hybrid work models. It seems flexibility is no longer a perk, but a core expectation. How has your company adapted?','https://placehold.co/600x400/cccccc/222222?text=Blog+Post',NULL,1),
(312,312,'5 Tips for Effective Leadership','1. Listen more than you speak. 2. Empower your team. 3. Be transparent. 4. Lead with empathy. 5. Never stop learning. What would you add?','https://placehold.co/600x400/cccccc/222222?text=Blog+Post',NULL,1),
(313,313,'The Future of Remote Work','Just read a fascinating report on hybrid work models. It seems flexibility is no longer a perk, but a core expectation. How has your company adapted?','https://placehold.co/600x400/cccccc/222222?text=Blog+Post',NULL,1),
(314,314,'5 Tips for Effective Leadership','1. Listen more than you speak. 2. Empower your team. 3. Be transparent. 4. Lead with empathy. 5. Never stop learning. What would you add?','https://placehold.co/600x400/cccccc/222222?text=Blog+Post',NULL,1),
(315,315,'Excited to be at the Brisbane Tech Summit!','Looking forward to connecting with other innovators and learning about the latest trends in AI and cloud computing. DM me if you want to connect!','https://placehold.co/600x400/cccccc/222222?text=Blog+Post',NULL,1),
(316,316,'5 Tips for Effective Leadership','1. Listen more than you speak. 2. Empower your team. 3. Be transparent. 4. Lead with empathy. 5. Never stop learning. What would you add?','https://placehold.co/600x400/cccccc/222222?text=Blog+Post',NULL,1),
(317,317,'The Future of Remote Work','Just read a fascinating report on hybrid work models. It seems flexibility is no longer a perk, but a core expectation. How has your company adapted?','https://placehold.co/600x400/cccccc/222222?text=Blog+Post',NULL,1),
(318,318,'Excited to be at the Brisbane Tech Summit!','Looking forward to connecting with other innovators and learning about the latest trends in AI and cloud computing. DM me if you want to connect!','https://placehold.co/600x400/cccccc/222222?text=Blog+Post',NULL,1),
(319,319,'Excited to be at the Brisbane Tech Summit!','Looking forward to connecting with other innovators and learning about the latest trends in AI and cloud computing. DM me if you want to connect!','https://placehold.co/600x400/cccccc/222222?text=Blog+Post',NULL,1),
(320,320,'Excited to be at the Brisbane Tech Summit!','Looking forward to connecting with other innovators and learning about the latest trends in AI and cloud computing. DM me if you want to connect!','https://placehold.co/600x400/cccccc/222222?text=Blog+Post',NULL,1),
(321,321,'Celebrating a huge milestone!','Thrilled to announce that our team has just onboarded our 1000th customer! So proud of everyone\'s hard work and dedication.','https://placehold.co/600x400/cccccc/222222?text=Blog+Post',NULL,1),
(322,322,'5 Tips for Effective Leadership','1. Listen more than you speak. 2. Empower your team. 3. Be transparent. 4. Lead with empathy. 5. Never stop learning. What would you add?','https://placehold.co/600x400/cccccc/222222?text=Blog+Post',NULL,1),
(323,323,'5 Tips for Effective Leadership','1. Listen more than you speak. 2. Empower your team. 3. Be transparent. 4. Lead with empathy. 5. Never stop learning. What would you add?','https://placehold.co/600x400/cccccc/222222?text=Blog+Post',NULL,1),
(324,324,'Celebrating a huge milestone!','Thrilled to announce that our team has just onboarded our 1000th customer! So proud of everyone\'s hard work and dedication.','https://placehold.co/600x400/cccccc/222222?text=Blog+Post',NULL,1),
(325,325,'The Future of Remote Work','Just read a fascinating report on hybrid work models. It seems flexibility is no longer a perk, but a core expectation. How has your company adapted?','https://placehold.co/600x400/cccccc/222222?text=Blog+Post',NULL,1),
(326,326,'Celebrating a huge milestone!','Thrilled to announce that our team has just onboarded our 1000th customer! So proud of everyone\'s hard work and dedication.','https://placehold.co/600x400/cccccc/222222?text=Blog+Post',NULL,1),
(327,327,'Celebrating a huge milestone!','Thrilled to announce that our team has just onboarded our 1000th customer! So proud of everyone\'s hard work and dedication.','https://placehold.co/600x400/cccccc/222222?text=Blog+Post',NULL,1),
(328,328,'The Future of Remote Work','Just read a fascinating report on hybrid work models. It seems flexibility is no longer a perk, but a core expectation. How has your company adapted?','https://placehold.co/600x400/cccccc/222222?text=Blog+Post',NULL,1),
(329,329,'5 Tips for Effective Leadership','1. Listen more than you speak. 2. Empower your team. 3. Be transparent. 4. Lead with empathy. 5. Never stop learning. What would you add?','https://placehold.co/600x400/cccccc/222222?text=Blog+Post',NULL,1),
(330,330,'5 Tips for Effective Leadership','1. Listen more than you speak. 2. Empower your team. 3. Be transparent. 4. Lead with empathy. 5. Never stop learning. What would you add?','https://placehold.co/600x400/cccccc/222222?text=Blog+Post',NULL,1),
(331,331,'The Future of Remote Work','Just read a fascinating report on hybrid work models. It seems flexibility is no longer a perk, but a core expectation. How has your company adapted?','https://placehold.co/600x400/cccccc/222222?text=Blog+Post',NULL,1),
(332,332,'Celebrating a huge milestone!','Thrilled to announce that our team has just onboarded our 1000th customer! So proud of everyone\'s hard work and dedication.','https://placehold.co/600x400/cccccc/222222?text=Blog+Post',NULL,1),
(333,333,'5 Tips for Effective Leadership','1. Listen more than you speak. 2. Empower your team. 3. Be transparent. 4. Lead with empathy. 5. Never stop learning. What would you add?','https://placehold.co/600x400/cccccc/222222?text=Blog+Post',NULL,1),
(334,334,'5 Tips for Effective Leadership','1. Listen more than you speak. 2. Empower your team. 3. Be transparent. 4. Lead with empathy. 5. Never stop learning. What would you add?','https://placehold.co/600x400/cccccc/222222?text=Blog+Post',NULL,1),
(335,335,'5 Tips for Effective Leadership','1. Listen more than you speak. 2. Empower your team. 3. Be transparent. 4. Lead with empathy. 5. Never stop learning. What would you add?','https://placehold.co/600x400/cccccc/222222?text=Blog+Post',NULL,1),
(336,336,'The Future of Remote Work','Just read a fascinating report on hybrid work models. It seems flexibility is no longer a perk, but a core expectation. How has your company adapted?','https://placehold.co/600x400/cccccc/222222?text=Blog+Post',NULL,1),
(337,337,'5 Tips for Effective Leadership','1. Listen more than you speak. 2. Empower your team. 3. Be transparent. 4. Lead with empathy. 5. Never stop learning. What would you add?','https://placehold.co/600x400/cccccc/222222?text=Blog+Post',NULL,1),
(338,338,'5 Tips for Effective Leadership','1. Listen more than you speak. 2. Empower your team. 3. Be transparent. 4. Lead with empathy. 5. Never stop learning. What would you add?','https://placehold.co/600x400/cccccc/222222?text=Blog+Post',NULL,1),
(339,339,'The Future of Remote Work','Just read a fascinating report on hybrid work models. It seems flexibility is no longer a perk, but a core expectation. How has your company adapted?','https://placehold.co/600x400/cccccc/222222?text=Blog+Post',NULL,1),
(340,340,'Excited to be at the Brisbane Tech Summit!','Looking forward to connecting with other innovators and learning about the latest trends in AI and cloud computing. DM me if you want to connect!','https://placehold.co/600x400/cccccc/222222?text=Blog+Post',NULL,1),
(341,341,'The Future of Remote Work','Just read a fascinating report on hybrid work models. It seems flexibility is no longer a perk, but a core expectation. How has your company adapted?','https://placehold.co/600x400/cccccc/222222?text=Blog+Post',NULL,1),
(342,342,'Celebrating a huge milestone!','Thrilled to announce that our team has just onboarded our 1000th customer! So proud of everyone\'s hard work and dedication.','https://placehold.co/600x400/cccccc/222222?text=Blog+Post',NULL,1),
(343,343,'Excited to be at the Brisbane Tech Summit!','Looking forward to connecting with other innovators and learning about the latest trends in AI and cloud computing. DM me if you want to connect!','https://placehold.co/600x400/cccccc/222222?text=Blog+Post',NULL,1),
(344,344,'Celebrating a huge milestone!','Thrilled to announce that our team has just onboarded our 1000th customer! So proud of everyone\'s hard work and dedication.','https://placehold.co/600x400/cccccc/222222?text=Blog+Post',NULL,1),
(345,345,'Celebrating a huge milestone!','Thrilled to announce that our team has just onboarded our 1000th customer! So proud of everyone\'s hard work and dedication.','https://placehold.co/600x400/cccccc/222222?text=Blog+Post',NULL,1),
(346,346,'5 Tips for Effective Leadership','1. Listen more than you speak. 2. Empower your team. 3. Be transparent. 4. Lead with empathy. 5. Never stop learning. What would you add?','https://placehold.co/600x400/cccccc/222222?text=Blog+Post',NULL,1),
(347,347,'Excited to be at the Brisbane Tech Summit!','Looking forward to connecting with other innovators and learning about the latest trends in AI and cloud computing. DM me if you want to connect!','https://placehold.co/600x400/cccccc/222222?text=Blog+Post',NULL,1),
(348,348,'The Future of Remote Work','Just read a fascinating report on hybrid work models. It seems flexibility is no longer a perk, but a core expectation. How has your company adapted?','https://placehold.co/600x400/cccccc/222222?text=Blog+Post',NULL,1),
(349,349,'5 Tips for Effective Leadership','1. Listen more than you speak. 2. Empower your team. 3. Be transparent. 4. Lead with empathy. 5. Never stop learning. What would you add?','https://placehold.co/600x400/cccccc/222222?text=Blog+Post',NULL,1),
(350,350,'Excited to be at the Brisbane Tech Summit!','Looking forward to connecting with other innovators and learning about the latest trends in AI and cloud computing. DM me if you want to connect!','https://placehold.co/600x400/cccccc/222222?text=Blog+Post',NULL,1),
(351,351,'Excited to be at the Brisbane Tech Summit!','Looking forward to connecting with other innovators and learning about the latest trends in AI and cloud computing. DM me if you want to connect!','https://placehold.co/600x400/cccccc/222222?text=Blog+Post',NULL,1),
(352,352,'The Future of Remote Work','Just read a fascinating report on hybrid work models. It seems flexibility is no longer a perk, but a core expectation. How has your company adapted?','https://placehold.co/600x400/cccccc/222222?text=Blog+Post',NULL,1),
(353,353,'5 Tips for Effective Leadership','1. Listen more than you speak. 2. Empower your team. 3. Be transparent. 4. Lead with empathy. 5. Never stop learning. What would you add?','https://placehold.co/600x400/cccccc/222222?text=Blog+Post',NULL,1),
(354,354,'Excited to be at the Brisbane Tech Summit!','Looking forward to connecting with other innovators and learning about the latest trends in AI and cloud computing. DM me if you want to connect!','https://placehold.co/600x400/cccccc/222222?text=Blog+Post',NULL,1),
(355,355,'The Future of Remote Work','Just read a fascinating report on hybrid work models. It seems flexibility is no longer a perk, but a core expectation. How has your company adapted?','https://placehold.co/600x400/cccccc/222222?text=Blog+Post',NULL,1),
(356,356,'Excited to be at the Brisbane Tech Summit!','Looking forward to connecting with other innovators and learning about the latest trends in AI and cloud computing. DM me if you want to connect!','https://placehold.co/600x400/cccccc/222222?text=Blog+Post',NULL,1),
(357,357,'Celebrating a huge milestone!','Thrilled to announce that our team has just onboarded our 1000th customer! So proud of everyone\'s hard work and dedication.','https://placehold.co/600x400/cccccc/222222?text=Blog+Post',NULL,1),
(358,358,'5 Tips for Effective Leadership','1. Listen more than you speak. 2. Empower your team. 3. Be transparent. 4. Lead with empathy. 5. Never stop learning. What would you add?','https://placehold.co/600x400/cccccc/222222?text=Blog+Post',NULL,1),
(359,359,'The Future of Remote Work','Just read a fascinating report on hybrid work models. It seems flexibility is no longer a perk, but a core expectation. How has your company adapted?','https://placehold.co/600x400/cccccc/222222?text=Blog+Post',NULL,1),
(360,360,'5 Tips for Effective Leadership','1. Listen more than you speak. 2. Empower your team. 3. Be transparent. 4. Lead with empathy. 5. Never stop learning. What would you add?','https://placehold.co/600x400/cccccc/222222?text=Blog+Post',NULL,1),
(361,361,'The Future of Remote Work','Just read a fascinating report on hybrid work models. It seems flexibility is no longer a perk, but a core expectation. How has your company adapted?','https://placehold.co/600x400/cccccc/222222?text=Blog+Post',NULL,1),
(362,362,'Excited to be at the Brisbane Tech Summit!','Looking forward to connecting with other innovators and learning about the latest trends in AI and cloud computing. DM me if you want to connect!','https://placehold.co/600x400/cccccc/222222?text=Blog+Post',NULL,1),
(363,363,'5 Tips for Effective Leadership','1. Listen more than you speak. 2. Empower your team. 3. Be transparent. 4. Lead with empathy. 5. Never stop learning. What would you add?','https://placehold.co/600x400/cccccc/222222?text=Blog+Post',NULL,1),
(364,364,'Celebrating a huge milestone!','Thrilled to announce that our team has just onboarded our 1000th customer! So proud of everyone\'s hard work and dedication.','https://placehold.co/600x400/cccccc/222222?text=Blog+Post',NULL,1),
(365,365,'5 Tips for Effective Leadership','1. Listen more than you speak. 2. Empower your team. 3. Be transparent. 4. Lead with empathy. 5. Never stop learning. What would you add?','https://placehold.co/600x400/cccccc/222222?text=Blog+Post',NULL,1),
(366,366,'Excited to be at the Brisbane Tech Summit!','Looking forward to connecting with other innovators and learning about the latest trends in AI and cloud computing. DM me if you want to connect!','https://placehold.co/600x400/cccccc/222222?text=Blog+Post',NULL,1),
(367,367,'5 Tips for Effective Leadership','1. Listen more than you speak. 2. Empower your team. 3. Be transparent. 4. Lead with empathy. 5. Never stop learning. What would you add?','https://placehold.co/600x400/cccccc/222222?text=Blog+Post',NULL,1),
(368,368,'The Future of Remote Work','Just read a fascinating report on hybrid work models. It seems flexibility is no longer a perk, but a core expectation. How has your company adapted?','https://placehold.co/600x400/cccccc/222222?text=Blog+Post',NULL,1),
(369,369,'5 Tips for Effective Leadership','1. Listen more than you speak. 2. Empower your team. 3. Be transparent. 4. Lead with empathy. 5. Never stop learning. What would you add?','https://placehold.co/600x400/cccccc/222222?text=Blog+Post',NULL,1),
(370,370,'Celebrating a huge milestone!','Thrilled to announce that our team has just onboarded our 1000th customer! So proud of everyone\'s hard work and dedication.','https://placehold.co/600x400/cccccc/222222?text=Blog+Post',NULL,1),
(371,371,'Excited to be at the Brisbane Tech Summit!','Looking forward to connecting with other innovators and learning about the latest trends in AI and cloud computing. DM me if you want to connect!','https://placehold.co/600x400/cccccc/222222?text=Blog+Post',NULL,1),
(372,372,'Excited to be at the Brisbane Tech Summit!','Looking forward to connecting with other innovators and learning about the latest trends in AI and cloud computing. DM me if you want to connect!','https://placehold.co/600x400/cccccc/222222?text=Blog+Post',NULL,1),
(373,373,'5 Tips for Effective Leadership','1. Listen more than you speak. 2. Empower your team. 3. Be transparent. 4. Lead with empathy. 5. Never stop learning. What would you add?','https://placehold.co/600x400/cccccc/222222?text=Blog+Post',NULL,1),
(374,374,'Excited to be at the Brisbane Tech Summit!','Looking forward to connecting with other innovators and learning about the latest trends in AI and cloud computing. DM me if you want to connect!','https://placehold.co/600x400/cccccc/222222?text=Blog+Post',NULL,1),
(375,375,'The Future of Remote Work','Just read a fascinating report on hybrid work models. It seems flexibility is no longer a perk, but a core expectation. How has your company adapted?','https://placehold.co/600x400/cccccc/222222?text=Blog+Post',NULL,1),
(376,376,'Excited to be at the Brisbane Tech Summit!','Looking forward to connecting with other innovators and learning about the latest trends in AI and cloud computing. DM me if you want to connect!','https://placehold.co/600x400/cccccc/222222?text=Blog+Post',NULL,1),
(377,377,'Excited to be at the Brisbane Tech Summit!','Looking forward to connecting with other innovators and learning about the latest trends in AI and cloud computing. DM me if you want to connect!','https://placehold.co/600x400/cccccc/222222?text=Blog+Post',NULL,1),
(378,378,'Celebrating a huge milestone!','Thrilled to announce that our team has just onboarded our 1000th customer! So proud of everyone\'s hard work and dedication.','https://placehold.co/600x400/cccccc/222222?text=Blog+Post',NULL,1),
(379,379,'Excited to be at the Brisbane Tech Summit!','Looking forward to connecting with other innovators and learning about the latest trends in AI and cloud computing. DM me if you want to connect!','https://placehold.co/600x400/cccccc/222222?text=Blog+Post',NULL,1),
(380,380,'The Future of Remote Work','Just read a fascinating report on hybrid work models. It seems flexibility is no longer a perk, but a core expectation. How has your company adapted?','https://placehold.co/600x400/cccccc/222222?text=Blog+Post',NULL,1),
(381,381,'The Future of Remote Work','Just read a fascinating report on hybrid work models. It seems flexibility is no longer a perk, but a core expectation. How has your company adapted?','https://placehold.co/600x400/cccccc/222222?text=Blog+Post',NULL,1),
(382,382,'The Future of Remote Work','Just read a fascinating report on hybrid work models. It seems flexibility is no longer a perk, but a core expectation. How has your company adapted?','https://placehold.co/600x400/cccccc/222222?text=Blog+Post',NULL,1),
(383,383,'5 Tips for Effective Leadership','1. Listen more than you speak. 2. Empower your team. 3. Be transparent. 4. Lead with empathy. 5. Never stop learning. What would you add?','https://placehold.co/600x400/cccccc/222222?text=Blog+Post',NULL,1),
(384,384,'Excited to be at the Brisbane Tech Summit!','Looking forward to connecting with other innovators and learning about the latest trends in AI and cloud computing. DM me if you want to connect!','https://placehold.co/600x400/cccccc/222222?text=Blog+Post',NULL,1),
(385,385,'The Future of Remote Work','Just read a fascinating report on hybrid work models. It seems flexibility is no longer a perk, but a core expectation. How has your company adapted?','https://placehold.co/600x400/cccccc/222222?text=Blog+Post',NULL,1),
(386,386,'The Future of Remote Work','Just read a fascinating report on hybrid work models. It seems flexibility is no longer a perk, but a core expectation. How has your company adapted?','https://placehold.co/600x400/cccccc/222222?text=Blog+Post',NULL,1),
(387,387,'Excited to be at the Brisbane Tech Summit!','Looking forward to connecting with other innovators and learning about the latest trends in AI and cloud computing. DM me if you want to connect!','https://placehold.co/600x400/cccccc/222222?text=Blog+Post',NULL,1),
(388,388,'Excited to be at the Brisbane Tech Summit!','Looking forward to connecting with other innovators and learning about the latest trends in AI and cloud computing. DM me if you want to connect!','https://placehold.co/600x400/cccccc/222222?text=Blog+Post',NULL,1),
(389,389,'5 Tips for Effective Leadership','1. Listen more than you speak. 2. Empower your team. 3. Be transparent. 4. Lead with empathy. 5. Never stop learning. What would you add?','https://placehold.co/600x400/cccccc/222222?text=Blog+Post',NULL,1),
(390,390,'5 Tips for Effective Leadership','1. Listen more than you speak. 2. Empower your team. 3. Be transparent. 4. Lead with empathy. 5. Never stop learning. What would you add?','https://placehold.co/600x400/cccccc/222222?text=Blog+Post',NULL,1),
(391,391,'The Future of Remote Work','Just read a fascinating report on hybrid work models. It seems flexibility is no longer a perk, but a core expectation. How has your company adapted?','https://placehold.co/600x400/cccccc/222222?text=Blog+Post',NULL,1),
(392,392,'Excited to be at the Brisbane Tech Summit!','Looking forward to connecting with other innovators and learning about the latest trends in AI and cloud computing. DM me if you want to connect!','https://placehold.co/600x400/cccccc/222222?text=Blog+Post',NULL,1),
(393,393,'Excited to be at the Brisbane Tech Summit!','Looking forward to connecting with other innovators and learning about the latest trends in AI and cloud computing. DM me if you want to connect!','https://placehold.co/600x400/cccccc/222222?text=Blog+Post',NULL,1),
(394,394,'Celebrating a huge milestone!','Thrilled to announce that our team has just onboarded our 1000th customer! So proud of everyone\'s hard work and dedication.','https://placehold.co/600x400/cccccc/222222?text=Blog+Post',NULL,1),
(395,395,'Excited to be at the Brisbane Tech Summit!','Looking forward to connecting with other innovators and learning about the latest trends in AI and cloud computing. DM me if you want to connect!','https://placehold.co/600x400/cccccc/222222?text=Blog+Post',NULL,1),
(396,396,'Celebrating a huge milestone!','Thrilled to announce that our team has just onboarded our 1000th customer! So proud of everyone\'s hard work and dedication.','https://placehold.co/600x400/cccccc/222222?text=Blog+Post',NULL,1),
(397,397,'5 Tips for Effective Leadership','1. Listen more than you speak. 2. Empower your team. 3. Be transparent. 4. Lead with empathy. 5. Never stop learning. What would you add?','https://placehold.co/600x400/cccccc/222222?text=Blog+Post',NULL,1),
(398,398,'Excited to be at the Brisbane Tech Summit!','Looking forward to connecting with other innovators and learning about the latest trends in AI and cloud computing. DM me if you want to connect!','https://placehold.co/600x400/cccccc/222222?text=Blog+Post',NULL,1),
(399,399,'Celebrating a huge milestone!','Thrilled to announce that our team has just onboarded our 1000th customer! So proud of everyone\'s hard work and dedication.','https://placehold.co/600x400/cccccc/222222?text=Blog+Post',NULL,1),
(400,400,'Celebrating a huge milestone!','Thrilled to announce that our team has just onboarded our 1000th customer! So proud of everyone\'s hard work and dedication.','https://placehold.co/600x400/cccccc/222222?text=Blog+Post',NULL,1),
(401,401,'Celebrating a huge milestone!','Thrilled to announce that our team has just onboarded our 1000th customer! So proud of everyone\'s hard work and dedication.','https://placehold.co/600x400/cccccc/222222?text=Blog+Post',NULL,1),
(402,402,'The Future of Remote Work','Just read a fascinating report on hybrid work models. It seems flexibility is no longer a perk, but a core expectation. How has your company adapted?','https://placehold.co/600x400/cccccc/222222?text=Blog+Post',NULL,1),
(403,403,'The Future of Remote Work','Just read a fascinating report on hybrid work models. It seems flexibility is no longer a perk, but a core expectation. How has your company adapted?','https://placehold.co/600x400/cccccc/222222?text=Blog+Post',NULL,1),
(404,404,'Excited to be at the Brisbane Tech Summit!','Looking forward to connecting with other innovators and learning about the latest trends in AI and cloud computing. DM me if you want to connect!','https://placehold.co/600x400/cccccc/222222?text=Blog+Post',NULL,1),
(405,405,'Celebrating a huge milestone!','Thrilled to announce that our team has just onboarded our 1000th customer! So proud of everyone\'s hard work and dedication.','https://placehold.co/600x400/cccccc/222222?text=Blog+Post',NULL,1),
(406,406,'Excited to be at the Brisbane Tech Summit!','Looking forward to connecting with other innovators and learning about the latest trends in AI and cloud computing. DM me if you want to connect!','https://placehold.co/600x400/cccccc/222222?text=Blog+Post',NULL,1),
(407,407,'5 Tips for Effective Leadership','1. Listen more than you speak. 2. Empower your team. 3. Be transparent. 4. Lead with empathy. 5. Never stop learning. What would you add?','https://placehold.co/600x400/cccccc/222222?text=Blog+Post',NULL,1),
(408,408,'Excited to be at the Brisbane Tech Summit!','Looking forward to connecting with other innovators and learning about the latest trends in AI and cloud computing. DM me if you want to connect!','https://placehold.co/600x400/cccccc/222222?text=Blog+Post',NULL,1),
(409,409,'The Future of Remote Work','Just read a fascinating report on hybrid work models. It seems flexibility is no longer a perk, but a core expectation. How has your company adapted?','https://placehold.co/600x400/cccccc/222222?text=Blog+Post',NULL,1),
(410,410,'Celebrating a huge milestone!','Thrilled to announce that our team has just onboarded our 1000th customer! So proud of everyone\'s hard work and dedication.','https://placehold.co/600x400/cccccc/222222?text=Blog+Post',NULL,1),
(411,411,'The Future of Remote Work','Just read a fascinating report on hybrid work models. It seems flexibility is no longer a perk, but a core expectation. How has your company adapted?','https://placehold.co/600x400/cccccc/222222?text=Blog+Post',NULL,1),
(412,412,'Celebrating a huge milestone!','Thrilled to announce that our team has just onboarded our 1000th customer! So proud of everyone\'s hard work and dedication.','https://placehold.co/600x400/cccccc/222222?text=Blog+Post',NULL,1),
(413,413,'The Future of Remote Work','Just read a fascinating report on hybrid work models. It seems flexibility is no longer a perk, but a core expectation. How has your company adapted?','https://placehold.co/600x400/cccccc/222222?text=Blog+Post',NULL,1),
(414,414,'Celebrating a huge milestone!','Thrilled to announce that our team has just onboarded our 1000th customer! So proud of everyone\'s hard work and dedication.','https://placehold.co/600x400/cccccc/222222?text=Blog+Post',NULL,1),
(415,415,'Excited to be at the Brisbane Tech Summit!','Looking forward to connecting with other innovators and learning about the latest trends in AI and cloud computing. DM me if you want to connect!','https://placehold.co/600x400/cccccc/222222?text=Blog+Post',NULL,1),
(416,416,'5 Tips for Effective Leadership','1. Listen more than you speak. 2. Empower your team. 3. Be transparent. 4. Lead with empathy. 5. Never stop learning. What would you add?','https://placehold.co/600x400/cccccc/222222?text=Blog+Post',NULL,1),
(417,417,'Celebrating a huge milestone!','Thrilled to announce that our team has just onboarded our 1000th customer! So proud of everyone\'s hard work and dedication.','https://placehold.co/600x400/cccccc/222222?text=Blog+Post',NULL,1),
(418,418,'5 Tips for Effective Leadership','1. Listen more than you speak. 2. Empower your team. 3. Be transparent. 4. Lead with empathy. 5. Never stop learning. What would you add?','https://placehold.co/600x400/cccccc/222222?text=Blog+Post',NULL,1),
(419,419,'The Future of Remote Work','Just read a fascinating report on hybrid work models. It seems flexibility is no longer a perk, but a core expectation. How has your company adapted?','https://placehold.co/600x400/cccccc/222222?text=Blog+Post',NULL,1),
(420,420,'Excited to be at the Brisbane Tech Summit!','Looking forward to connecting with other innovators and learning about the latest trends in AI and cloud computing. DM me if you want to connect!','https://placehold.co/600x400/cccccc/222222?text=Blog+Post',NULL,1),
(421,421,'The Future of Remote Work','Just read a fascinating report on hybrid work models. It seems flexibility is no longer a perk, but a core expectation. How has your company adapted?','https://placehold.co/600x400/cccccc/222222?text=Blog+Post',NULL,1),
(422,422,'Excited to be at the Brisbane Tech Summit!','Looking forward to connecting with other innovators and learning about the latest trends in AI and cloud computing. DM me if you want to connect!','https://placehold.co/600x400/cccccc/222222?text=Blog+Post',NULL,1),
(423,423,'Excited to be at the Brisbane Tech Summit!','Looking forward to connecting with other innovators and learning about the latest trends in AI and cloud computing. DM me if you want to connect!','https://placehold.co/600x400/cccccc/222222?text=Blog+Post',NULL,1),
(424,424,'The Future of Remote Work','Just read a fascinating report on hybrid work models. It seems flexibility is no longer a perk, but a core expectation. How has your company adapted?','https://placehold.co/600x400/cccccc/222222?text=Blog+Post',NULL,1),
(425,425,'5 Tips for Effective Leadership','1. Listen more than you speak. 2. Empower your team. 3. Be transparent. 4. Lead with empathy. 5. Never stop learning. What would you add?','https://placehold.co/600x400/cccccc/222222?text=Blog+Post',NULL,1),
(426,426,'Excited to be at the Brisbane Tech Summit!','Looking forward to connecting with other innovators and learning about the latest trends in AI and cloud computing. DM me if you want to connect!','https://placehold.co/600x400/cccccc/222222?text=Blog+Post',NULL,1),
(427,427,'Excited to be at the Brisbane Tech Summit!','Looking forward to connecting with other innovators and learning about the latest trends in AI and cloud computing. DM me if you want to connect!','https://placehold.co/600x400/cccccc/222222?text=Blog+Post',NULL,1),
(428,428,'5 Tips for Effective Leadership','1. Listen more than you speak. 2. Empower your team. 3. Be transparent. 4. Lead with empathy. 5. Never stop learning. What would you add?','https://placehold.co/600x400/cccccc/222222?text=Blog+Post',NULL,1),
(429,429,'5 Tips for Effective Leadership','1. Listen more than you speak. 2. Empower your team. 3. Be transparent. 4. Lead with empathy. 5. Never stop learning. What would you add?','https://placehold.co/600x400/cccccc/222222?text=Blog+Post',NULL,1),
(430,430,'Excited to be at the Brisbane Tech Summit!','Looking forward to connecting with other innovators and learning about the latest trends in AI and cloud computing. DM me if you want to connect!','https://placehold.co/600x400/cccccc/222222?text=Blog+Post',NULL,1),
(431,431,'The Future of Remote Work','Just read a fascinating report on hybrid work models. It seems flexibility is no longer a perk, but a core expectation. How has your company adapted?','https://placehold.co/600x400/cccccc/222222?text=Blog+Post',NULL,1),
(432,432,'The Future of Remote Work','Just read a fascinating report on hybrid work models. It seems flexibility is no longer a perk, but a core expectation. How has your company adapted?','https://placehold.co/600x400/cccccc/222222?text=Blog+Post',NULL,1),
(433,433,'The Future of Remote Work','Just read a fascinating report on hybrid work models. It seems flexibility is no longer a perk, but a core expectation. How has your company adapted?','https://placehold.co/600x400/cccccc/222222?text=Blog+Post',NULL,1),
(434,434,'5 Tips for Effective Leadership','1. Listen more than you speak. 2. Empower your team. 3. Be transparent. 4. Lead with empathy. 5. Never stop learning. What would you add?','https://placehold.co/600x400/cccccc/222222?text=Blog+Post',NULL,1),
(435,435,'5 Tips for Effective Leadership','1. Listen more than you speak. 2. Empower your team. 3. Be transparent. 4. Lead with empathy. 5. Never stop learning. What would you add?','https://placehold.co/600x400/cccccc/222222?text=Blog+Post',NULL,1),
(436,436,'The Future of Remote Work','Just read a fascinating report on hybrid work models. It seems flexibility is no longer a perk, but a core expectation. How has your company adapted?','https://placehold.co/600x400/cccccc/222222?text=Blog+Post',NULL,1),
(437,437,'5 Tips for Effective Leadership','1. Listen more than you speak. 2. Empower your team. 3. Be transparent. 4. Lead with empathy. 5. Never stop learning. What would you add?','https://placehold.co/600x400/cccccc/222222?text=Blog+Post',NULL,1),
(438,438,'Excited to be at the Brisbane Tech Summit!','Looking forward to connecting with other innovators and learning about the latest trends in AI and cloud computing. DM me if you want to connect!','https://placehold.co/600x400/cccccc/222222?text=Blog+Post',NULL,1),
(439,439,'5 Tips for Effective Leadership','1. Listen more than you speak. 2. Empower your team. 3. Be transparent. 4. Lead with empathy. 5. Never stop learning. What would you add?','https://placehold.co/600x400/cccccc/222222?text=Blog+Post',NULL,1),
(440,440,'The Future of Remote Work','Just read a fascinating report on hybrid work models. It seems flexibility is no longer a perk, but a core expectation. How has your company adapted?','https://placehold.co/600x400/cccccc/222222?text=Blog+Post',NULL,1),
(441,441,'Celebrating a huge milestone!','Thrilled to announce that our team has just onboarded our 1000th customer! So proud of everyone\'s hard work and dedication.','https://placehold.co/600x400/cccccc/222222?text=Blog+Post',NULL,1),
(442,442,'5 Tips for Effective Leadership','1. Listen more than you speak. 2. Empower your team. 3. Be transparent. 4. Lead with empathy. 5. Never stop learning. What would you add?','https://placehold.co/600x400/cccccc/222222?text=Blog+Post',NULL,1),
(443,443,'Excited to be at the Brisbane Tech Summit!','Looking forward to connecting with other innovators and learning about the latest trends in AI and cloud computing. DM me if you want to connect!','https://placehold.co/600x400/cccccc/222222?text=Blog+Post',NULL,1),
(444,444,'The Future of Remote Work','Just read a fascinating report on hybrid work models. It seems flexibility is no longer a perk, but a core expectation. How has your company adapted?','https://placehold.co/600x400/cccccc/222222?text=Blog+Post',NULL,1),
(445,445,'The Future of Remote Work','Just read a fascinating report on hybrid work models. It seems flexibility is no longer a perk, but a core expectation. How has your company adapted?','https://placehold.co/600x400/cccccc/222222?text=Blog+Post',NULL,1),
(446,446,'Excited to be at the Brisbane Tech Summit!','Looking forward to connecting with other innovators and learning about the latest trends in AI and cloud computing. DM me if you want to connect!','https://placehold.co/600x400/cccccc/222222?text=Blog+Post',NULL,1),
(447,447,'5 Tips for Effective Leadership','1. Listen more than you speak. 2. Empower your team. 3. Be transparent. 4. Lead with empathy. 5. Never stop learning. What would you add?','https://placehold.co/600x400/cccccc/222222?text=Blog+Post',NULL,1),
(448,448,'5 Tips for Effective Leadership','1. Listen more than you speak. 2. Empower your team. 3. Be transparent. 4. Lead with empathy. 5. Never stop learning. What would you add?','https://placehold.co/600x400/cccccc/222222?text=Blog+Post',NULL,1),
(449,449,'5 Tips for Effective Leadership','1. Listen more than you speak. 2. Empower your team. 3. Be transparent. 4. Lead with empathy. 5. Never stop learning. What would you add?','https://placehold.co/600x400/cccccc/222222?text=Blog+Post',NULL,1),
(450,450,'5 Tips for Effective Leadership','1. Listen more than you speak. 2. Empower your team. 3. Be transparent. 4. Lead with empathy. 5. Never stop learning. What would you add?','https://placehold.co/600x400/cccccc/222222?text=Blog+Post',NULL,1),
(451,451,'5 Tips for Effective Leadership','1. Listen more than you speak. 2. Empower your team. 3. Be transparent. 4. Lead with empathy. 5. Never stop learning. What would you add?','https://placehold.co/600x400/cccccc/222222?text=Blog+Post',NULL,1),
(452,452,'Celebrating a huge milestone!','Thrilled to announce that our team has just onboarded our 1000th customer! So proud of everyone\'s hard work and dedication.','https://placehold.co/600x400/cccccc/222222?text=Blog+Post',NULL,1),
(453,453,'The Future of Remote Work','Just read a fascinating report on hybrid work models. It seems flexibility is no longer a perk, but a core expectation. How has your company adapted?','https://placehold.co/600x400/cccccc/222222?text=Blog+Post',NULL,1),
(454,454,'The Future of Remote Work','Just read a fascinating report on hybrid work models. It seems flexibility is no longer a perk, but a core expectation. How has your company adapted?','https://placehold.co/600x400/cccccc/222222?text=Blog+Post',NULL,1),
(455,455,'The Future of Remote Work','Just read a fascinating report on hybrid work models. It seems flexibility is no longer a perk, but a core expectation. How has your company adapted?','https://placehold.co/600x400/cccccc/222222?text=Blog+Post',NULL,1),
(456,456,'5 Tips for Effective Leadership','1. Listen more than you speak. 2. Empower your team. 3. Be transparent. 4. Lead with empathy. 5. Never stop learning. What would you add?','https://placehold.co/600x400/cccccc/222222?text=Blog+Post',NULL,1),
(457,457,'Excited to be at the Brisbane Tech Summit!','Looking forward to connecting with other innovators and learning about the latest trends in AI and cloud computing. DM me if you want to connect!','https://placehold.co/600x400/cccccc/222222?text=Blog+Post',NULL,1),
(458,458,'Excited to be at the Brisbane Tech Summit!','Looking forward to connecting with other innovators and learning about the latest trends in AI and cloud computing. DM me if you want to connect!','https://placehold.co/600x400/cccccc/222222?text=Blog+Post',NULL,1),
(459,459,'Excited to be at the Brisbane Tech Summit!','Looking forward to connecting with other innovators and learning about the latest trends in AI and cloud computing. DM me if you want to connect!','https://placehold.co/600x400/cccccc/222222?text=Blog+Post',NULL,1),
(460,460,'The Future of Remote Work','Just read a fascinating report on hybrid work models. It seems flexibility is no longer a perk, but a core expectation. How has your company adapted?','https://placehold.co/600x400/cccccc/222222?text=Blog+Post',NULL,1),
(461,461,'5 Tips for Effective Leadership','1. Listen more than you speak. 2. Empower your team. 3. Be transparent. 4. Lead with empathy. 5. Never stop learning. What would you add?','https://placehold.co/600x400/cccccc/222222?text=Blog+Post',NULL,1),
(462,462,'Celebrating a huge milestone!','Thrilled to announce that our team has just onboarded our 1000th customer! So proud of everyone\'s hard work and dedication.','https://placehold.co/600x400/cccccc/222222?text=Blog+Post',NULL,1),
(463,463,'The Future of Remote Work','Just read a fascinating report on hybrid work models. It seems flexibility is no longer a perk, but a core expectation. How has your company adapted?','https://placehold.co/600x400/cccccc/222222?text=Blog+Post',NULL,1),
(464,464,'5 Tips for Effective Leadership','1. Listen more than you speak. 2. Empower your team. 3. Be transparent. 4. Lead with empathy. 5. Never stop learning. What would you add?','https://placehold.co/600x400/cccccc/222222?text=Blog+Post',NULL,1),
(465,465,'Excited to be at the Brisbane Tech Summit!','Looking forward to connecting with other innovators and learning about the latest trends in AI and cloud computing. DM me if you want to connect!','https://placehold.co/600x400/cccccc/222222?text=Blog+Post',NULL,1),
(466,466,'5 Tips for Effective Leadership','1. Listen more than you speak. 2. Empower your team. 3. Be transparent. 4. Lead with empathy. 5. Never stop learning. What would you add?','https://placehold.co/600x400/cccccc/222222?text=Blog+Post',NULL,1),
(467,467,'Celebrating a huge milestone!','Thrilled to announce that our team has just onboarded our 1000th customer! So proud of everyone\'s hard work and dedication.','https://placehold.co/600x400/cccccc/222222?text=Blog+Post',NULL,1),
(468,468,'Celebrating a huge milestone!','Thrilled to announce that our team has just onboarded our 1000th customer! So proud of everyone\'s hard work and dedication.','https://placehold.co/600x400/cccccc/222222?text=Blog+Post',NULL,1),
(469,469,'5 Tips for Effective Leadership','1. Listen more than you speak. 2. Empower your team. 3. Be transparent. 4. Lead with empathy. 5. Never stop learning. What would you add?','https://placehold.co/600x400/cccccc/222222?text=Blog+Post',NULL,1),
(470,470,'The Future of Remote Work','Just read a fascinating report on hybrid work models. It seems flexibility is no longer a perk, but a core expectation. How has your company adapted?','https://placehold.co/600x400/cccccc/222222?text=Blog+Post',NULL,1),
(471,471,'The Future of Remote Work','Just read a fascinating report on hybrid work models. It seems flexibility is no longer a perk, but a core expectation. How has your company adapted?','https://placehold.co/600x400/cccccc/222222?text=Blog+Post',NULL,1),
(472,472,'Excited to be at the Brisbane Tech Summit!','Looking forward to connecting with other innovators and learning about the latest trends in AI and cloud computing. DM me if you want to connect!','https://placehold.co/600x400/cccccc/222222?text=Blog+Post',NULL,1),
(473,473,'Celebrating a huge milestone!','Thrilled to announce that our team has just onboarded our 1000th customer! So proud of everyone\'s hard work and dedication.','https://placehold.co/600x400/cccccc/222222?text=Blog+Post',NULL,1),
(474,474,'The Future of Remote Work','Just read a fascinating report on hybrid work models. It seems flexibility is no longer a perk, but a core expectation. How has your company adapted?','https://placehold.co/600x400/cccccc/222222?text=Blog+Post',NULL,1),
(475,475,'The Future of Remote Work','Just read a fascinating report on hybrid work models. It seems flexibility is no longer a perk, but a core expectation. How has your company adapted?','https://placehold.co/600x400/cccccc/222222?text=Blog+Post',NULL,1),
(476,476,'Excited to be at the Brisbane Tech Summit!','Looking forward to connecting with other innovators and learning about the latest trends in AI and cloud computing. DM me if you want to connect!','https://placehold.co/600x400/cccccc/222222?text=Blog+Post',NULL,1),
(477,477,'Celebrating a huge milestone!','Thrilled to announce that our team has just onboarded our 1000th customer! So proud of everyone\'s hard work and dedication.','https://placehold.co/600x400/cccccc/222222?text=Blog+Post',NULL,1),
(478,478,'The Future of Remote Work','Just read a fascinating report on hybrid work models. It seems flexibility is no longer a perk, but a core expectation. How has your company adapted?','https://placehold.co/600x400/cccccc/222222?text=Blog+Post',NULL,1),
(479,479,'Excited to be at the Brisbane Tech Summit!','Looking forward to connecting with other innovators and learning about the latest trends in AI and cloud computing. DM me if you want to connect!','https://placehold.co/600x400/cccccc/222222?text=Blog+Post',NULL,1),
(480,480,'The Future of Remote Work','Just read a fascinating report on hybrid work models. It seems flexibility is no longer a perk, but a core expectation. How has your company adapted?','https://placehold.co/600x400/cccccc/222222?text=Blog+Post',NULL,1),
(481,481,'The Future of Remote Work','Just read a fascinating report on hybrid work models. It seems flexibility is no longer a perk, but a core expectation. How has your company adapted?','https://placehold.co/600x400/cccccc/222222?text=Blog+Post',NULL,1),
(482,482,'5 Tips for Effective Leadership','1. Listen more than you speak. 2. Empower your team. 3. Be transparent. 4. Lead with empathy. 5. Never stop learning. What would you add?','https://placehold.co/600x400/cccccc/222222?text=Blog+Post',NULL,1),
(483,483,'Celebrating a huge milestone!','Thrilled to announce that our team has just onboarded our 1000th customer! So proud of everyone\'s hard work and dedication.','https://placehold.co/600x400/cccccc/222222?text=Blog+Post',NULL,1),
(484,484,'Excited to be at the Brisbane Tech Summit!','Looking forward to connecting with other innovators and learning about the latest trends in AI and cloud computing. DM me if you want to connect!','https://placehold.co/600x400/cccccc/222222?text=Blog+Post',NULL,1),
(485,485,'5 Tips for Effective Leadership','1. Listen more than you speak. 2. Empower your team. 3. Be transparent. 4. Lead with empathy. 5. Never stop learning. What would you add?','https://placehold.co/600x400/cccccc/222222?text=Blog+Post',NULL,1),
(486,486,'Excited to be at the Brisbane Tech Summit!','Looking forward to connecting with other innovators and learning about the latest trends in AI and cloud computing. DM me if you want to connect!','https://placehold.co/600x400/cccccc/222222?text=Blog+Post',NULL,1),
(487,487,'5 Tips for Effective Leadership','1. Listen more than you speak. 2. Empower your team. 3. Be transparent. 4. Lead with empathy. 5. Never stop learning. What would you add?','https://placehold.co/600x400/cccccc/222222?text=Blog+Post',NULL,1),
(488,488,'5 Tips for Effective Leadership','1. Listen more than you speak. 2. Empower your team. 3. Be transparent. 4. Lead with empathy. 5. Never stop learning. What would you add?','https://placehold.co/600x400/cccccc/222222?text=Blog+Post',NULL,1),
(489,489,'The Future of Remote Work','Just read a fascinating report on hybrid work models. It seems flexibility is no longer a perk, but a core expectation. How has your company adapted?','https://placehold.co/600x400/cccccc/222222?text=Blog+Post',NULL,1),
(490,490,'Celebrating a huge milestone!','Thrilled to announce that our team has just onboarded our 1000th customer! So proud of everyone\'s hard work and dedication.','https://placehold.co/600x400/cccccc/222222?text=Blog+Post',NULL,1),
(491,491,'5 Tips for Effective Leadership','1. Listen more than you speak. 2. Empower your team. 3. Be transparent. 4. Lead with empathy. 5. Never stop learning. What would you add?','https://placehold.co/600x400/cccccc/222222?text=Blog+Post',NULL,1),
(492,492,'5 Tips for Effective Leadership','1. Listen more than you speak. 2. Empower your team. 3. Be transparent. 4. Lead with empathy. 5. Never stop learning. What would you add?','https://placehold.co/600x400/cccccc/222222?text=Blog+Post',NULL,1),
(493,493,'Celebrating a huge milestone!','Thrilled to announce that our team has just onboarded our 1000th customer! So proud of everyone\'s hard work and dedication.','https://placehold.co/600x400/cccccc/222222?text=Blog+Post',NULL,1),
(494,494,'5 Tips for Effective Leadership','1. Listen more than you speak. 2. Empower your team. 3. Be transparent. 4. Lead with empathy. 5. Never stop learning. What would you add?','https://placehold.co/600x400/cccccc/222222?text=Blog+Post',NULL,1),
(495,495,'5 Tips for Effective Leadership','1. Listen more than you speak. 2. Empower your team. 3. Be transparent. 4. Lead with empathy. 5. Never stop learning. What would you add?','https://placehold.co/600x400/cccccc/222222?text=Blog+Post',NULL,1),
(496,496,'The Future of Remote Work','Just read a fascinating report on hybrid work models. It seems flexibility is no longer a perk, but a core expectation. How has your company adapted?','https://placehold.co/600x400/cccccc/222222?text=Blog+Post',NULL,1),
(497,497,'5 Tips for Effective Leadership','1. Listen more than you speak. 2. Empower your team. 3. Be transparent. 4. Lead with empathy. 5. Never stop learning. What would you add?','https://placehold.co/600x400/cccccc/222222?text=Blog+Post',NULL,1),
(498,498,'Celebrating a huge milestone!','Thrilled to announce that our team has just onboarded our 1000th customer! So proud of everyone\'s hard work and dedication.','https://placehold.co/600x400/cccccc/222222?text=Blog+Post',NULL,1),
(499,499,'Excited to be at the Brisbane Tech Summit!','Looking forward to connecting with other innovators and learning about the latest trends in AI and cloud computing. DM me if you want to connect!','https://placehold.co/600x400/cccccc/222222?text=Blog+Post',NULL,1),
(500,500,'Excited to be at the Brisbane Tech Summit!','Looking forward to connecting with other innovators and learning about the latest trends in AI and cloud computing. DM me if you want to connect!','https://placehold.co/600x400/cccccc/222222?text=Blog+Post',NULL,1);
/*!40000 ALTER TABLE `user_posts` ENABLE KEYS */;
UNLOCK TABLES;
commit;

--
-- Table structure for table `user_skills`
--

DROP TABLE IF EXISTS `user_skills`;
/*!40101 SET @saved_cs_client     = @@character_set_client */;
/*!40101 SET character_set_client = utf8mb4 */;
CREATE TABLE `user_skills` (
  `skill_id` int(11) NOT NULL,
  `user_id` int(11) NOT NULL,
  PRIMARY KEY (`skill_id`,`user_id`),
  KEY `user_id` (`user_id`),
  CONSTRAINT `user_skills_ibfk_1` FOREIGN KEY (`skill_id`) REFERENCES `skills` (`id`),
  CONSTRAINT `user_skills_ibfk_2` FOREIGN KEY (`user_id`) REFERENCES `users` (`id`)
) ENGINE=InnoDB DEFAULT CHARSET=utf8mb4 COLLATE=utf8mb4_unicode_ci;
/*!40101 SET character_set_client = @saved_cs_client */;

--
-- Dumping data for table `user_skills`
--

LOCK TABLES `user_skills` WRITE;
/*!40000 ALTER TABLE `user_skills` DISABLE KEYS */;
set autocommit=0;
INSERT INTO `user_skills` VALUES
(1,3),
(1,4),
(1,6),
(1,7),
(1,8),
(1,10),
(1,11),
(1,13),
(1,14),
(1,15),
(1,17),
(1,18),
(1,19),
(1,20),
(1,21),
(1,23),
(1,26),
(1,27),
(1,28),
(1,29),
(1,30),
(1,33),
(1,37),
(1,39),
(1,40),
(1,42),
(1,43),
(1,44),
(1,47),
(1,49),
(1,50),
(1,52),
(1,53),
(1,55),
(1,57),
(1,63),
(1,64),
(1,65),
(1,66),
(1,68),
(1,70),
(1,71),
(1,72),
(1,74),
(1,75),
(1,76),
(1,77),
(1,78),
(1,79),
(1,80),
(1,81),
(1,82),
(1,86),
(1,87),
(1,88),
(1,89),
(1,90),
(1,91),
(1,92),
(1,93),
(1,95),
(1,96),
(1,97),
(1,98),
(1,99),
(1,101),
(1,102),
(1,103),
(1,105),
(1,106),
(1,107),
(1,108),
(1,109),
(1,110),
(1,112),
(1,113),
(1,115),
(1,116),
(1,117),
(1,119),
(1,120),
(1,121),
(1,122),
(1,123),
(1,124),
(1,126),
(1,127),
(1,128),
(1,129),
(1,130),
(1,131),
(1,132),
(1,135),
(1,136),
(1,139),
(1,140),
(1,142),
(1,144),
(1,145),
(1,147),
(1,149),
(1,150),
(1,151),
(1,152),
(1,153),
(1,155),
(1,156),
(1,157),
(1,158),
(1,159),
(1,160),
(1,161),
(1,162),
(1,164),
(1,165),
(1,166),
(1,168),
(1,170),
(1,171),
(1,172),
(1,173),
(1,175),
(1,176),
(1,177),
(1,181),
(1,182),
(1,185),
(1,187),
(1,189),
(1,190),
(1,191),
(1,192),
(1,194),
(1,197),
(1,198),
(1,199),
(1,200),
(1,201),
(1,202),
(1,205),
(1,206),
(1,207),
(1,211),
(1,213),
(1,214),
(1,217),
(1,218),
(1,219),
(1,220),
(1,221),
(1,222),
(1,223),
(1,226),
(1,227),
(1,228),
(1,229),
(1,230),
(1,231),
(1,232),
(1,234),
(1,235),
(1,236),
(1,240),
(1,243),
(1,246),
(1,247),
(1,249),
(1,250),
(1,251),
(1,253),
(1,261),
(1,265),
(1,269),
(1,270),
(1,271),
(1,273),
(1,275),
(1,276),
(1,277),
(1,278),
(1,280),
(1,282),
(1,283),
(1,285),
(1,287),
(1,288),
(1,290),
(1,291),
(1,292),
(1,293),
(1,294),
(1,296),
(1,299),
(1,301),
(1,302),
(1,304),
(1,306),
(1,308),
(1,311),
(1,312),
(1,313),
(1,314),
(1,315),
(1,316),
(1,318),
(1,319),
(1,320),
(1,321),
(1,322),
(1,323),
(1,326),
(1,327),
(1,328),
(1,330),
(1,331),
(1,332),
(1,334),
(1,335),
(1,336),
(1,337),
(1,339),
(1,340),
(1,345),
(1,347),
(1,348),
(1,349),
(1,352),
(1,353),
(1,354),
(1,359),
(1,360),
(1,363),
(1,364),
(1,365),
(1,366),
(1,368),
(1,369),
(1,370),
(1,373),
(1,374),
(1,377),
(1,378),
(1,381),
(1,384),
(1,385),
(1,386),
(1,387),
(1,388),
(1,392),
(1,393),
(1,395),
(1,396),
(1,397),
(1,398),
(1,400),
(1,401),
(1,404),
(1,405),
(1,406),
(1,407),
(1,408),
(1,411),
(1,412),
(1,413),
(1,415),
(1,417),
(1,419),
(1,420),
(1,421),
(1,424),
(1,427),
(1,428),
(1,429),
(1,433),
(1,434),
(1,436),
(1,437),
(1,439),
(1,440),
(1,441),
(1,443),
(1,444),
(1,445),
(1,446),
(1,448),
(1,449),
(1,450),
(1,452),
(1,453),
(1,457),
(1,458),
(1,461),
(1,463),
(1,464),
(1,466),
(1,468),
(1,470),
(1,471),
(1,472),
(1,478),
(1,480),
(1,482),
(1,483),
(1,484),
(1,486),
(1,487),
(1,488),
(1,489),
(1,490),
(1,491),
(1,492),
(1,493),
(1,497),
(1,498);
/*!40000 ALTER TABLE `user_skills` ENABLE KEYS */;
UNLOCK TABLES;
commit;

--
-- Table structure for table `user_strengths`
--

DROP TABLE IF EXISTS `user_strengths`;
/*!40101 SET @saved_cs_client     = @@character_set_client */;
/*!40101 SET character_set_client = utf8mb4 */;
CREATE TABLE `user_strengths` (
  `strength_id` int(11) NOT NULL,
  `user_id` int(11) NOT NULL,
  PRIMARY KEY (`strength_id`,`user_id`),
  KEY `user_id` (`user_id`),
  CONSTRAINT `user_strengths_ibfk_1` FOREIGN KEY (`strength_id`) REFERENCES `strengths` (`id`),
  CONSTRAINT `user_strengths_ibfk_2` FOREIGN KEY (`user_id`) REFERENCES `users` (`id`)
) ENGINE=InnoDB DEFAULT CHARSET=utf8mb4 COLLATE=utf8mb4_unicode_ci;
/*!40101 SET character_set_client = @saved_cs_client */;

--
-- Dumping data for table `user_strengths`
--

LOCK TABLES `user_strengths` WRITE;
/*!40000 ALTER TABLE `user_strengths` DISABLE KEYS */;
set autocommit=0;
INSERT INTO `user_strengths` VALUES
(274,1),
(162,3),
(248,6),
(309,6),
(109,7),
(236,7),
(213,8),
(348,8),
(459,8),
(259,9),
(106,11),
(450,11),
(52,12),
(263,12),
(442,13),
(455,13),
(228,14),
(404,14),
(371,15),
(148,16),
(495,16),
(340,19),
(395,19),
(222,20),
(325,21),
(20,23),
(333,24),
(88,25),
(216,25),
(97,26),
(102,26),
(473,26),
(173,27),
(288,27),
(3,28),
(301,28),
(117,30),
(58,31),
(172,31),
(414,31),
(346,33),
(85,34),
(115,34),
(255,35),
(112,37),
(251,37),
(367,37),
(29,38),
(99,38),
(412,38),
(247,41),
(296,41),
(400,42),
(63,43),
(278,43),
(282,45),
(392,45),
(175,46),
(289,46),
(311,46),
(405,46),
(464,46),
(439,48),
(386,49),
(437,49),
(190,50),
(362,50),
(277,52),
(331,53),
(388,54),
(32,56),
(51,56),
(417,56),
(186,57),
(462,57),
(352,58),
(12,59),
(269,59),
(33,60),
(223,61),
(378,61),
(475,61),
(284,63),
(365,64),
(114,65),
(129,65),
(384,65),
(24,67),
(302,68),
(344,68),
(460,68),
(183,69),
(444,69),
(34,71),
(46,71),
(208,71),
(87,72),
(168,73),
(226,73),
(298,73),
(381,73),
(94,74),
(215,74),
(370,77),
(423,78),
(499,78),
(136,79),
(494,80),
(68,81),
(171,81),
(202,81),
(441,84),
(484,85),
(409,87),
(37,89),
(81,90),
(447,90),
(163,93),
(256,93),
(249,96),
(497,96),
(204,97),
(47,98),
(61,99),
(281,100),
(152,102),
(237,102),
(458,102),
(449,103),
(485,104),
(79,105),
(108,106),
(318,107),
(424,108),
(71,109),
(407,109),
(174,112),
(84,116),
(258,116),
(411,116),
(270,117),
(40,118),
(218,118),
(225,119),
(232,125),
(241,125),
(322,128),
(338,128),
(360,128),
(479,128),
(128,130),
(177,130),
(342,131),
(356,133),
(90,135),
(212,135),
(132,138),
(328,140),
(306,142),
(110,144),
(198,144),
(416,144),
(332,145),
(336,145),
(26,146),
(260,147),
(36,148),
(170,148),
(482,148),
(379,149),
(135,150),
(257,150),
(86,152),
(358,152),
(372,152),
(124,153),
(403,153),
(457,153),
(166,155),
(44,156),
(160,156),
(368,156),
(125,158),
(207,158),
(390,158),
(27,161),
(498,161),
(149,162),
(245,163),
(291,164),
(230,168),
(339,168),
(422,168),
(445,168),
(54,169),
(465,169),
(111,170),
(410,170),
(144,172),
(139,174),
(431,174),
(66,175),
(276,175),
(131,180),
(77,181),
(483,182),
(126,184),
(134,184),
(329,184),
(319,185),
(343,187),
(69,190),
(28,192),
(341,192),
(337,193),
(95,195),
(206,196),
(48,197),
(438,198),
(184,201),
(38,204),
(103,204),
(35,205),
(153,205),
(361,205),
(363,206),
(420,206),
(487,206),
(326,208),
(145,209),
(295,210),
(182,213),
(254,214),
(308,214),
(138,216),
(49,217),
(272,218),
(461,218),
(169,221),
(477,222),
(156,223),
(199,224),
(304,225),
(347,225),
(279,226),
(316,228),
(489,228),
(432,229),
(116,230),
(297,230),
(130,231),
(113,234),
(57,235),
(78,236),
(402,236),
(436,236),
(161,237),
(243,237),
(280,238),
(353,238),
(235,239),
(387,239),
(158,240),
(239,240),
(59,241),
(396,243),
(385,244),
(60,246),
(62,246),
(292,252),
(50,255),
(265,255),
(355,257),
(478,257),
(83,258),
(64,260),
(317,260),
(101,264),
(448,264),
(399,268),
(9,269),
(262,270),
(11,272),
(313,273),
(345,273),
(421,275),
(474,275),
(194,278),
(287,280),
(22,282),
(100,285),
(380,285),
(429,286),
(155,287),
(446,287),
(16,288),
(185,288),
(140,289),
(179,289),
(180,289),
(150,290),
(266,290),
(80,291),
(238,292),
(18,294),
(142,294),
(488,299),
(217,302),
(181,304),
(486,304),
(359,305),
(435,307),
(300,308),
(53,311),
(72,313),
(364,313),
(425,314),
(327,316),
(13,317),
(224,317),
(382,317),
(490,318),
(283,319),
(119,320),
(159,321),
(45,322),
(246,322),
(253,324),
(98,325),
(493,326),
(201,327),
(146,328),
(197,328),
(357,329),
(70,330),
(193,330),
(310,330),
(244,332),
(121,335),
(157,337),
(118,341),
(480,344),
(141,345),
(165,345),
(30,346),
(187,346),
(451,346),
(398,349),
(105,353),
(307,353),
(391,353),
(261,356),
(312,357),
(107,359),
(209,360),
(401,361),
(433,362),
(42,363),
(466,363),
(377,364),
(285,365),
(96,366),
(472,367),
(65,368),
(428,368),
(242,370),
(408,370),
(394,371),
(419,371),
(2,373),
(176,373),
(453,374),
(234,375),
(299,375),
(233,379),
(350,379),
(286,380),
(267,381),
(4,382),
(471,382),
(93,383),
(205,384),
(440,384),
(500,384),
(104,385),
(273,385),
(196,386),
(211,386),
(375,388),
(10,389),
(354,389),
(434,389),
(303,390),
(293,391),
(122,393),
(5,394),
(335,394),
(195,395),
(349,395),
(76,398),
(320,398),
(383,398),
(8,399),
(452,399),
(467,399),
(264,400),
(7,402),
(67,403),
(468,406),
(74,408),
(82,410),
(178,410),
(496,410),
(15,412),
(1,414),
(19,414),
(330,414),
(250,415),
(214,416),
(323,418),
(491,418),
(23,419),
(21,420),
(456,421),
(229,422),
(43,424),
(191,426),
(219,426),
(200,427),
(415,427),
(476,428),
(463,429),
(133,430),
(154,430),
(55,431),
(17,432),
(469,432),
(454,433),
(443,436),
(389,437),
(137,438),
(240,438),
(271,439),
(89,440),
(188,442),
(376,442),
(369,443),
(231,444),
(406,447),
(189,449),
(418,453),
(334,459),
(275,460),
(167,461),
(321,461),
(366,464),
(324,465),
(227,466),
(393,466),
(203,467),
(127,469),
(31,471),
(151,471),
(314,471),
(123,472),
(143,472),
(14,473),
(25,473),
(91,473),
(92,473),
(221,473),
(427,476),
(6,477),
(252,477),
(374,478),
(39,479),
(210,479),
(294,480),
(315,480),
(147,481),
(413,481),
(397,482),
(56,484),
(75,484),
(41,485),
(120,485),
(492,486),
(470,492),
(164,493),
(305,494),
(373,494),
(192,496),
(290,496),
(481,496),
(73,498),
(220,498),
(426,499),
(430,499),
(268,500),
(351,500);
/*!40000 ALTER TABLE `user_strengths` ENABLE KEYS */;
UNLOCK TABLES;
commit;

--
-- Table structure for table `user_subscriptions`
--

DROP TABLE IF EXISTS `user_subscriptions`;
/*!40101 SET @saved_cs_client     = @@character_set_client */;
/*!40101 SET character_set_client = utf8mb4 */;
CREATE TABLE `user_subscriptions` (
  `user_id` int(11) NOT NULL,
  `subscription_id` int(11) NOT NULL,
  `date_from` datetime DEFAULT NULL,
  `date_to` datetime DEFAULT NULL,
  `price` decimal(16,2) DEFAULT NULL,
  `total` decimal(16,2) DEFAULT NULL,
  `tax_amount` decimal(16,2) DEFAULT NULL,
  `tax_rate` decimal(6,3) DEFAULT NULL,
  `trial_from` datetime DEFAULT NULL,
  `trial_to` datetime DEFAULT NULL,
  PRIMARY KEY (`user_id`,`subscription_id`),
  KEY `subscription_id` (`subscription_id`),
  CONSTRAINT `user_subscriptions_ibfk_1` FOREIGN KEY (`user_id`) REFERENCES `users` (`id`),
  CONSTRAINT `user_subscriptions_ibfk_2` FOREIGN KEY (`subscription_id`) REFERENCES `subscriptions` (`id`)
) ENGINE=InnoDB DEFAULT CHARSET=utf8mb4 COLLATE=utf8mb4_unicode_ci;
/*!40101 SET character_set_client = @saved_cs_client */;

--
-- Dumping data for table `user_subscriptions`
--

LOCK TABLES `user_subscriptions` WRITE;
/*!40000 ALTER TABLE `user_subscriptions` DISABLE KEYS */;
set autocommit=0;
INSERT INTO `user_subscriptions` VALUES
(1,4,'2025-03-07 01:32:00','2026-01-13 01:32:00',492.60,492.60,0.00,0.000,NULL,NULL),
(2,5,'2025-06-11 15:34:56','2026-02-22 15:34:56',301.35,301.35,0.00,0.000,NULL,NULL),
(3,6,'2025-05-05 08:05:13','2025-09-15 08:05:13',388.97,388.97,0.00,0.000,NULL,NULL),
(4,7,'2025-03-26 14:12:48','2025-12-04 14:12:48',158.96,158.96,0.00,0.000,NULL,NULL),
(5,8,'2025-02-22 00:03:33','2025-11-19 00:03:33',376.69,376.69,0.00,0.000,NULL,NULL),
(6,9,'2025-03-24 02:14:56','2025-10-27 02:14:56',365.14,365.14,0.00,0.000,NULL,NULL),
(7,10,'2025-07-04 21:17:27','2026-05-01 21:17:27',227.25,227.25,0.00,0.000,NULL,NULL),
(8,11,'2025-02-16 12:33:39','2025-11-23 12:33:39',224.89,224.89,0.00,0.000,NULL,NULL),
(9,12,'2025-03-04 16:29:04','2025-05-16 16:29:04',339.43,339.43,0.00,0.000,NULL,NULL),
(10,13,'2025-06-21 03:11:43','2026-03-11 03:11:43',447.47,447.47,0.00,0.000,NULL,NULL),
(11,14,'2025-02-09 00:39:02','2025-05-29 00:39:02',447.68,447.68,0.00,0.000,NULL,NULL),
(12,15,'2025-07-09 18:23:12','2025-09-03 18:23:12',200.21,200.21,0.00,0.000,NULL,NULL),
(13,16,'2025-05-20 12:06:45','2026-03-14 12:06:45',270.02,270.02,0.00,0.000,NULL,NULL),
(14,17,'2025-04-20 11:57:36','2025-09-19 11:57:36',312.13,312.13,0.00,0.000,NULL,NULL),
(15,18,'2025-04-15 22:00:49','2026-03-26 22:00:49',107.44,107.44,0.00,0.000,NULL,NULL),
(16,19,'2025-05-30 06:05:24','2026-04-30 06:05:24',211.66,211.66,0.00,0.000,NULL,NULL),
(17,20,'2025-08-02 09:47:45','2026-02-27 09:47:45',113.84,113.84,0.00,0.000,NULL,NULL),
(18,21,'2025-05-03 21:01:59','2025-08-06 21:01:59',64.79,64.79,0.00,0.000,NULL,NULL),
(19,22,'2025-01-25 19:07:14','2025-12-16 19:07:14',410.70,410.70,0.00,0.000,NULL,NULL),
(20,23,'2025-07-31 10:15:35','2025-11-09 10:15:35',394.85,394.85,0.00,0.000,NULL,NULL),
(21,24,'2025-01-17 09:43:18','2025-08-21 09:43:18',141.84,141.84,0.00,0.000,NULL,NULL),
(22,25,'2025-07-08 12:30:30','2026-03-10 12:30:30',184.79,184.79,0.00,0.000,NULL,NULL),
(23,26,'2025-05-17 21:51:28','2025-07-21 21:51:28',429.72,429.72,0.00,0.000,NULL,NULL),
(24,27,'2025-04-25 09:39:29','2025-08-11 09:39:29',183.08,183.08,0.00,0.000,NULL,NULL),
(25,28,'2025-07-14 15:28:44','2025-11-24 15:28:44',206.14,206.14,0.00,0.000,NULL,NULL),
(26,29,'2025-05-01 12:25:01','2026-01-02 12:25:01',28.64,28.64,0.00,0.000,NULL,NULL),
(27,30,'2025-03-28 15:48:19','2025-10-05 15:48:19',440.65,440.65,0.00,0.000,NULL,NULL),
(28,31,'2025-04-03 20:57:14','2025-09-02 20:57:14',473.26,473.26,0.00,0.000,NULL,NULL),
(29,32,'2025-08-03 00:08:06','2026-03-27 00:08:06',487.18,487.18,0.00,0.000,NULL,NULL),
(30,33,'2025-01-15 08:36:48','2025-07-23 08:36:48',320.52,320.52,0.00,0.000,NULL,NULL),
(31,34,'2025-03-16 18:16:52','2025-12-31 18:16:52',417.05,417.05,0.00,0.000,NULL,NULL),
(32,35,'2025-02-07 04:01:19','2025-04-18 04:01:19',68.25,68.25,0.00,0.000,NULL,NULL),
(33,36,'2025-02-10 05:31:50','2025-10-11 05:31:50',31.65,31.65,0.00,0.000,NULL,NULL),
(34,37,'2025-05-08 15:33:35','2026-03-29 15:33:35',105.01,105.01,0.00,0.000,NULL,NULL),
(35,38,'2025-04-14 21:46:09','2025-05-20 21:46:09',71.23,71.23,0.00,0.000,NULL,NULL),
(36,39,'2025-02-17 05:23:29','2026-01-19 05:23:29',322.89,322.89,0.00,0.000,NULL,NULL),
(37,40,'2025-07-23 04:37:14','2026-02-21 04:37:14',313.22,313.22,0.00,0.000,NULL,NULL),
(38,41,'2025-05-29 04:07:51','2026-04-22 04:07:51',153.48,153.48,0.00,0.000,NULL,NULL),
(39,42,'2025-05-14 18:11:37','2025-09-09 18:11:37',216.15,216.15,0.00,0.000,NULL,NULL),
(40,43,'2025-01-05 11:35:01','2025-08-27 11:35:01',331.69,331.69,0.00,0.000,NULL,NULL),
(41,44,'2025-04-11 19:16:26','2025-12-16 19:16:26',338.69,338.69,0.00,0.000,NULL,NULL),
(42,45,'2025-03-26 11:42:23','2025-05-10 11:42:23',63.11,63.11,0.00,0.000,NULL,NULL),
(43,46,'2025-02-23 07:06:28','2026-01-31 07:06:28',150.43,150.43,0.00,0.000,NULL,NULL),
(44,47,'2025-05-24 02:52:57','2025-07-18 02:52:57',164.21,164.21,0.00,0.000,NULL,NULL),
(45,48,'2025-04-06 11:02:09','2025-05-29 11:02:09',251.90,251.90,0.00,0.000,NULL,NULL),
(46,49,'2025-08-02 04:29:54','2026-02-18 04:29:54',193.05,193.05,0.00,0.000,NULL,NULL),
(47,50,'2025-06-30 04:24:51','2026-02-26 04:24:51',423.46,423.46,0.00,0.000,NULL,NULL),
(48,51,'2025-05-06 19:41:15','2026-04-01 19:41:15',482.12,482.12,0.00,0.000,NULL,NULL),
(49,52,'2025-06-14 14:27:38','2025-12-29 14:27:38',253.05,253.05,0.00,0.000,NULL,NULL),
(50,53,'2025-04-15 15:40:33','2025-10-28 15:40:33',227.45,227.45,0.00,0.000,NULL,NULL),
(51,54,'2025-03-25 00:57:37','2025-09-18 00:57:37',108.53,108.53,0.00,0.000,NULL,NULL),
(52,55,'2025-07-05 09:44:52','2026-01-01 09:44:52',471.66,471.66,0.00,0.000,NULL,NULL),
(53,56,'2025-06-26 08:53:00','2025-09-10 08:53:00',279.08,279.08,0.00,0.000,NULL,NULL),
(54,57,'2025-06-17 20:43:53','2026-06-08 20:43:53',65.32,65.32,0.00,0.000,NULL,NULL),
(55,58,'2025-03-10 15:14:18','2025-12-22 15:14:18',119.85,119.85,0.00,0.000,NULL,NULL),
(56,59,'2025-06-03 04:28:07','2026-01-07 04:28:07',294.41,294.41,0.00,0.000,NULL,NULL),
(57,60,'2025-03-02 13:56:49','2025-10-15 13:56:49',165.16,165.16,0.00,0.000,NULL,NULL),
(58,61,'2025-03-09 14:51:02','2025-04-17 14:51:02',393.64,393.64,0.00,0.000,NULL,NULL),
(59,62,'2025-01-06 23:46:48','2025-09-17 23:46:48',297.84,297.84,0.00,0.000,NULL,NULL),
(60,63,'2025-06-11 23:49:58','2026-02-14 23:49:58',427.10,427.10,0.00,0.000,NULL,NULL),
(61,64,'2025-06-07 02:43:41','2026-04-14 02:43:41',164.95,164.95,0.00,0.000,NULL,NULL),
(62,65,'2025-07-15 16:32:57','2025-10-01 16:32:57',411.08,411.08,0.00,0.000,NULL,NULL),
(63,66,'2025-02-20 16:12:48','2025-10-08 16:12:48',50.58,50.58,0.00,0.000,NULL,NULL),
(64,67,'2025-03-02 19:57:46','2025-05-16 19:57:46',460.00,460.00,0.00,0.000,NULL,NULL),
(65,68,'2025-07-11 23:04:27','2026-04-10 23:04:27',73.90,73.90,0.00,0.000,NULL,NULL),
(66,69,'2025-01-05 09:59:45','2025-07-05 09:59:45',301.58,301.58,0.00,0.000,NULL,NULL),
(67,70,'2025-04-19 06:36:59','2026-04-07 06:36:59',451.68,451.68,0.00,0.000,NULL,NULL),
(68,71,'2025-03-31 09:09:57','2025-12-04 09:09:57',268.02,268.02,0.00,0.000,NULL,NULL),
(69,72,'2025-07-07 23:47:50','2026-01-09 23:47:50',253.84,253.84,0.00,0.000,NULL,NULL),
(70,73,'2025-05-26 04:12:25','2026-01-16 04:12:25',444.02,444.02,0.00,0.000,NULL,NULL),
(71,74,'2025-02-26 02:24:56','2025-08-28 02:24:56',319.22,319.22,0.00,0.000,NULL,NULL),
(72,75,'2025-05-13 04:24:58','2025-09-07 04:24:58',494.31,494.31,0.00,0.000,NULL,NULL),
(73,76,'2025-06-10 19:56:54','2025-12-09 19:56:54',207.78,207.78,0.00,0.000,NULL,NULL),
(74,77,'2025-02-20 13:18:37','2026-01-13 13:18:37',37.23,37.23,0.00,0.000,NULL,NULL),
(75,78,'2025-02-03 16:58:33','2025-03-19 16:58:33',60.77,60.77,0.00,0.000,NULL,NULL),
(76,79,'2025-03-21 19:03:57','2025-11-13 19:03:57',216.63,216.63,0.00,0.000,NULL,NULL),
(77,80,'2025-07-02 19:07:04','2026-06-10 19:07:04',369.01,369.01,0.00,0.000,NULL,NULL),
(78,81,'2025-04-29 08:49:47','2026-03-10 08:49:47',92.08,92.08,0.00,0.000,NULL,NULL),
(79,82,'2025-02-09 04:42:07','2025-10-21 04:42:07',209.92,209.92,0.00,0.000,NULL,NULL),
(80,83,'2025-04-25 17:31:55','2025-07-27 17:31:55',107.85,107.85,0.00,0.000,NULL,NULL),
(81,84,'2025-06-23 00:44:47','2025-08-14 00:44:47',80.28,80.28,0.00,0.000,NULL,NULL),
(82,85,'2025-05-06 05:25:53','2025-12-08 05:25:53',220.81,220.81,0.00,0.000,NULL,NULL),
(83,86,'2025-07-13 03:51:28','2026-02-07 03:51:28',311.80,311.80,0.00,0.000,NULL,NULL),
(84,87,'2025-07-21 19:02:42','2026-01-27 19:02:42',231.63,231.63,0.00,0.000,NULL,NULL),
(85,88,'2025-07-05 14:25:12','2026-05-07 14:25:12',188.96,188.96,0.00,0.000,NULL,NULL),
(86,89,'2025-03-18 19:02:45','2025-10-18 19:02:45',64.97,64.97,0.00,0.000,NULL,NULL),
(87,90,'2025-02-25 09:52:31','2026-01-31 09:52:31',496.90,496.90,0.00,0.000,NULL,NULL),
(88,91,'2025-05-20 00:09:22','2026-03-27 00:09:22',170.61,170.61,0.00,0.000,NULL,NULL),
(89,92,'2025-07-21 08:00:31','2026-04-17 08:00:31',229.46,229.46,0.00,0.000,NULL,NULL),
(90,93,'2025-01-01 06:30:33','2025-06-15 06:30:33',418.99,418.99,0.00,0.000,NULL,NULL),
(91,94,'2025-01-06 19:27:24','2025-05-21 19:27:24',218.15,218.15,0.00,0.000,NULL,NULL),
(92,95,'2025-07-02 13:30:43','2025-12-09 13:30:43',41.29,41.29,0.00,0.000,NULL,NULL),
(93,96,'2025-01-16 05:50:22','2025-04-15 05:50:22',356.07,356.07,0.00,0.000,NULL,NULL),
(94,97,'2025-07-30 18:24:15','2025-12-30 18:24:15',184.89,184.89,0.00,0.000,NULL,NULL),
(95,98,'2025-06-19 12:09:08','2026-04-30 12:09:08',432.27,432.27,0.00,0.000,NULL,NULL),
(96,99,'2025-02-03 04:22:06','2025-05-05 04:22:06',302.57,302.57,0.00,0.000,NULL,NULL),
(97,100,'2025-03-30 08:40:39','2025-11-06 08:40:39',194.34,194.34,0.00,0.000,NULL,NULL),
(98,101,'2025-07-03 05:44:23','2026-02-15 05:44:23',223.95,223.95,0.00,0.000,NULL,NULL),
(99,102,'2025-06-12 06:33:32','2026-01-04 06:33:32',110.64,110.64,0.00,0.000,NULL,NULL),
(100,103,'2025-06-10 18:15:25','2025-11-09 18:15:25',139.62,139.62,0.00,0.000,NULL,NULL),
(101,104,'2025-01-10 04:11:25','2025-12-22 04:11:25',285.32,285.32,0.00,0.000,NULL,NULL),
(102,105,'2025-01-07 09:52:14','2025-07-23 09:52:14',146.09,146.09,0.00,0.000,NULL,NULL),
(103,106,'2025-04-24 18:48:51','2025-10-21 18:48:51',383.79,383.79,0.00,0.000,NULL,NULL),
(104,107,'2025-06-16 08:00:50','2026-04-15 08:00:50',213.41,213.41,0.00,0.000,NULL,NULL),
(105,108,'2025-03-21 00:51:06','2025-05-31 00:51:06',150.56,150.56,0.00,0.000,NULL,NULL),
(106,109,'2025-07-28 06:20:24','2025-10-13 06:20:24',88.51,88.51,0.00,0.000,NULL,NULL),
(107,110,'2025-06-09 14:21:05','2025-09-29 14:21:05',114.48,114.48,0.00,0.000,NULL,NULL),
(108,111,'2025-04-26 03:00:13','2026-02-12 03:00:13',449.72,449.72,0.00,0.000,NULL,NULL),
(109,112,'2025-05-13 07:05:49','2026-03-26 07:05:49',496.60,496.60,0.00,0.000,NULL,NULL),
(110,113,'2025-04-03 19:07:37','2025-07-25 19:07:37',81.67,81.67,0.00,0.000,NULL,NULL),
(111,114,'2025-05-26 15:07:51','2026-03-20 15:07:51',38.16,38.16,0.00,0.000,NULL,NULL),
(112,115,'2025-06-30 13:24:43','2026-02-22 13:24:43',364.16,364.16,0.00,0.000,NULL,NULL),
(113,116,'2025-05-10 05:07:55','2026-05-08 05:07:55',371.05,371.05,0.00,0.000,NULL,NULL),
(114,117,'2025-08-01 22:36:35','2025-11-05 22:36:35',27.81,27.81,0.00,0.000,NULL,NULL),
(115,118,'2025-07-18 01:23:35','2025-10-17 01:23:35',495.03,495.03,0.00,0.000,NULL,NULL),
(116,119,'2025-07-29 12:55:20','2026-06-16 12:55:20',222.73,222.73,0.00,0.000,NULL,NULL),
(117,120,'2025-04-01 20:51:11','2025-12-21 20:51:11',495.26,495.26,0.00,0.000,NULL,NULL),
(118,121,'2025-07-05 10:41:32','2026-05-31 10:41:32',233.35,233.35,0.00,0.000,NULL,NULL),
(119,122,'2025-07-28 09:58:58','2026-01-14 09:58:58',419.56,419.56,0.00,0.000,NULL,NULL),
(120,123,'2025-06-09 05:16:47','2025-11-03 05:16:47',86.70,86.70,0.00,0.000,NULL,NULL),
(121,124,'2025-05-03 21:44:49','2025-08-08 21:44:49',31.11,31.11,0.00,0.000,NULL,NULL),
(122,125,'2025-06-24 20:38:58','2025-10-21 20:38:58',93.36,93.36,0.00,0.000,NULL,NULL),
(123,126,'2025-01-20 02:44:51','2025-06-11 02:44:51',111.05,111.05,0.00,0.000,NULL,NULL),
(124,127,'2025-07-01 18:41:53','2025-09-02 18:41:53',117.58,117.58,0.00,0.000,NULL,NULL),
(125,128,'2025-05-26 03:09:18','2025-08-04 03:09:18',83.68,83.68,0.00,0.000,NULL,NULL),
(126,129,'2025-03-16 16:18:47','2026-03-08 16:18:47',27.93,27.93,0.00,0.000,NULL,NULL),
(127,130,'2025-06-14 05:02:48','2026-04-20 05:02:48',444.60,444.60,0.00,0.000,NULL,NULL),
(128,131,'2025-04-19 04:11:33','2025-10-11 04:11:33',271.90,271.90,0.00,0.000,NULL,NULL),
(129,132,'2025-02-18 12:50:17','2025-05-10 12:50:17',168.44,168.44,0.00,0.000,NULL,NULL),
(130,133,'2025-07-08 20:06:55','2025-08-22 20:06:55',196.58,196.58,0.00,0.000,NULL,NULL),
(131,134,'2025-01-30 12:50:31','2025-09-22 12:50:31',421.99,421.99,0.00,0.000,NULL,NULL),
(132,135,'2025-01-10 13:37:27','2025-12-15 13:37:27',118.15,118.15,0.00,0.000,NULL,NULL),
(133,136,'2025-01-26 15:48:39','2025-04-21 15:48:39',198.33,198.33,0.00,0.000,NULL,NULL),
(134,137,'2025-07-24 08:57:58','2026-04-15 08:57:58',399.62,399.62,0.00,0.000,NULL,NULL),
(135,138,'2025-06-09 17:16:13','2025-08-18 17:16:13',270.20,270.20,0.00,0.000,NULL,NULL),
(136,139,'2025-01-19 10:37:18','2025-05-04 10:37:18',296.03,296.03,0.00,0.000,NULL,NULL),
(137,140,'2025-05-11 17:21:51','2025-12-09 17:21:51',333.35,333.35,0.00,0.000,NULL,NULL),
(138,141,'2025-02-17 19:21:23','2025-06-23 19:21:23',422.11,422.11,0.00,0.000,NULL,NULL),
(139,142,'2025-06-13 15:22:24','2026-04-07 15:22:24',309.26,309.26,0.00,0.000,NULL,NULL),
(140,143,'2025-07-12 09:03:25','2025-08-23 09:03:25',132.61,132.61,0.00,0.000,NULL,NULL),
(141,144,'2025-06-28 01:02:45','2026-02-05 01:02:45',141.20,141.20,0.00,0.000,NULL,NULL),
(142,145,'2025-05-24 22:38:46','2026-01-25 22:38:46',136.86,136.86,0.00,0.000,NULL,NULL),
(143,146,'2025-02-26 09:47:59','2025-11-08 09:47:59',160.35,160.35,0.00,0.000,NULL,NULL),
(144,147,'2025-01-25 07:23:31','2026-01-21 07:23:31',416.94,416.94,0.00,0.000,NULL,NULL),
(145,148,'2025-05-21 17:13:33','2025-10-10 17:13:33',231.92,231.92,0.00,0.000,NULL,NULL),
(146,149,'2025-07-05 14:09:18','2025-12-21 14:09:18',41.58,41.58,0.00,0.000,NULL,NULL),
(147,150,'2025-03-04 18:01:09','2025-12-06 18:01:09',12.42,12.42,0.00,0.000,NULL,NULL),
(148,151,'2025-06-15 12:53:11','2026-05-04 12:53:11',258.39,258.39,0.00,0.000,NULL,NULL),
(149,152,'2025-01-31 09:52:18','2025-11-22 09:52:18',349.32,349.32,0.00,0.000,NULL,NULL),
(150,153,'2025-04-23 13:39:20','2025-07-22 13:39:20',409.65,409.65,0.00,0.000,NULL,NULL),
(151,154,'2025-05-13 02:25:42','2025-07-01 02:25:42',300.06,300.06,0.00,0.000,NULL,NULL),
(152,155,'2025-05-04 09:02:29','2026-03-25 09:02:29',373.42,373.42,0.00,0.000,NULL,NULL),
(153,156,'2025-03-31 20:22:54','2026-03-06 20:22:54',34.06,34.06,0.00,0.000,NULL,NULL),
(154,157,'2025-02-08 12:27:17','2025-11-24 12:27:17',428.44,428.44,0.00,0.000,NULL,NULL),
(155,158,'2025-07-12 10:03:39','2026-03-22 10:03:39',221.73,221.73,0.00,0.000,NULL,NULL),
(156,159,'2025-03-18 06:50:42','2026-01-28 06:50:42',423.64,423.64,0.00,0.000,NULL,NULL),
(157,160,'2025-01-09 17:24:12','2025-07-23 17:24:12',64.36,64.36,0.00,0.000,NULL,NULL),
(158,161,'2025-08-03 22:31:13','2025-12-05 22:31:13',134.98,134.98,0.00,0.000,NULL,NULL),
(159,162,'2025-01-28 03:26:03','2025-04-04 03:26:03',277.05,277.05,0.00,0.000,NULL,NULL),
(160,163,'2025-07-09 14:34:49','2026-04-24 14:34:49',362.14,362.14,0.00,0.000,NULL,NULL),
(161,164,'2025-06-03 19:07:36','2025-07-17 19:07:36',195.55,195.55,0.00,0.000,NULL,NULL),
(162,165,'2025-06-03 17:15:18','2025-08-18 17:15:18',294.02,294.02,0.00,0.000,NULL,NULL),
(163,166,'2025-04-18 17:07:54','2025-12-08 17:07:54',166.33,166.33,0.00,0.000,NULL,NULL),
(164,167,'2025-04-15 00:09:56','2025-11-18 00:09:56',109.99,109.99,0.00,0.000,NULL,NULL),
(165,168,'2025-02-21 02:55:49','2025-11-16 02:55:49',140.23,140.23,0.00,0.000,NULL,NULL),
(166,169,'2025-06-19 06:21:34','2025-12-24 06:21:34',456.33,456.33,0.00,0.000,NULL,NULL),
(167,170,'2025-03-26 09:33:56','2025-07-30 09:33:56',275.25,275.25,0.00,0.000,NULL,NULL),
(168,171,'2025-03-05 19:42:57','2025-05-22 19:42:57',494.82,494.82,0.00,0.000,NULL,NULL),
(169,172,'2025-07-25 06:47:35','2025-12-08 06:47:35',314.14,314.14,0.00,0.000,NULL,NULL),
(170,173,'2025-03-02 17:57:50','2025-12-06 17:57:50',92.75,92.75,0.00,0.000,NULL,NULL),
(171,174,'2025-02-11 13:23:24','2025-10-05 13:23:24',464.52,464.52,0.00,0.000,NULL,NULL),
(172,175,'2025-03-16 18:54:12','2025-10-13 18:54:12',435.38,435.38,0.00,0.000,NULL,NULL),
(173,176,'2025-07-05 03:51:22','2025-11-03 03:51:22',136.42,136.42,0.00,0.000,NULL,NULL),
(174,177,'2025-02-20 06:08:16','2025-11-14 06:08:16',362.24,362.24,0.00,0.000,NULL,NULL),
(175,178,'2025-07-31 02:09:49','2025-09-02 02:09:49',94.77,94.77,0.00,0.000,NULL,NULL),
(176,179,'2025-07-16 08:46:35','2026-06-30 08:46:35',238.87,238.87,0.00,0.000,NULL,NULL),
(177,180,'2025-04-12 12:24:10','2025-11-03 12:24:10',419.29,419.29,0.00,0.000,NULL,NULL),
(178,181,'2025-06-10 09:38:58','2026-06-03 09:38:58',199.30,199.30,0.00,0.000,NULL,NULL),
(179,182,'2025-02-06 18:03:18','2025-03-14 18:03:18',115.46,115.46,0.00,0.000,NULL,NULL),
(180,183,'2025-03-08 03:08:26','2025-07-05 03:08:26',127.18,127.18,0.00,0.000,NULL,NULL),
(181,184,'2025-06-05 12:04:39','2025-12-16 12:04:39',457.56,457.56,0.00,0.000,NULL,NULL),
(182,185,'2025-06-27 11:02:33','2025-11-09 11:02:33',103.48,103.48,0.00,0.000,NULL,NULL),
(183,186,'2025-02-12 03:00:09','2025-03-18 03:00:09',447.07,447.07,0.00,0.000,NULL,NULL),
(184,187,'2025-02-04 08:05:13','2025-10-15 08:05:13',250.90,250.90,0.00,0.000,NULL,NULL),
(185,188,'2025-04-23 08:12:58','2025-09-08 08:12:58',215.87,215.87,0.00,0.000,NULL,NULL),
(186,189,'2025-03-04 02:32:41','2025-05-21 02:32:41',283.49,283.49,0.00,0.000,NULL,NULL),
(187,190,'2025-07-13 02:54:49','2025-08-17 02:54:49',74.10,74.10,0.00,0.000,NULL,NULL),
(188,191,'2025-07-22 01:13:46','2026-06-25 01:13:46',362.73,362.73,0.00,0.000,NULL,NULL),
(189,192,'2025-04-06 12:18:44','2025-11-15 12:18:44',31.79,31.79,0.00,0.000,NULL,NULL),
(190,193,'2025-05-06 21:26:11','2026-01-31 21:26:11',161.62,161.62,0.00,0.000,NULL,NULL),
(191,194,'2025-05-05 09:38:39','2026-03-28 09:38:39',495.70,495.70,0.00,0.000,NULL,NULL),
(192,195,'2025-05-06 23:49:14','2025-10-20 23:49:14',373.28,373.28,0.00,0.000,NULL,NULL),
(193,196,'2025-02-02 01:09:00','2025-04-14 01:09:00',345.23,345.23,0.00,0.000,NULL,NULL),
(194,197,'2025-04-08 20:12:43','2025-11-13 20:12:43',490.47,490.47,0.00,0.000,NULL,NULL),
(195,198,'2025-04-07 05:24:59','2025-10-08 05:24:59',376.82,376.82,0.00,0.000,NULL,NULL),
(196,199,'2025-02-20 22:21:34','2025-05-26 22:21:34',28.17,28.17,0.00,0.000,NULL,NULL),
(197,200,'2025-07-16 20:41:54','2026-06-07 20:41:54',340.83,340.83,0.00,0.000,NULL,NULL),
(198,201,'2025-06-23 18:59:32','2025-11-11 18:59:32',410.51,410.51,0.00,0.000,NULL,NULL),
(199,202,'2025-01-17 21:31:08','2025-04-23 21:31:08',207.16,207.16,0.00,0.000,NULL,NULL),
(200,203,'2025-03-12 06:50:56','2026-02-22 06:50:56',65.49,65.49,0.00,0.000,NULL,NULL),
(201,204,'2025-01-27 08:29:27','2025-11-12 08:29:27',338.09,338.09,0.00,0.000,NULL,NULL),
(202,205,'2025-01-13 15:25:27','2026-01-03 15:25:27',226.16,226.16,0.00,0.000,NULL,NULL),
(203,206,'2025-03-03 06:44:38','2025-06-08 06:44:38',260.37,260.37,0.00,0.000,NULL,NULL),
(204,207,'2025-04-19 07:52:41','2025-06-17 07:52:41',177.07,177.07,0.00,0.000,NULL,NULL),
(205,208,'2025-06-16 08:33:32','2025-08-25 08:33:32',118.07,118.07,0.00,0.000,NULL,NULL),
(206,209,'2025-01-04 02:17:30','2025-08-06 02:17:30',262.95,262.95,0.00,0.000,NULL,NULL),
(207,210,'2025-02-02 10:49:20','2025-11-12 10:49:20',10.06,10.06,0.00,0.000,NULL,NULL),
(208,211,'2025-05-04 06:59:16','2026-02-05 06:59:16',118.11,118.11,0.00,0.000,NULL,NULL),
(209,212,'2025-07-29 14:06:21','2025-11-08 14:06:21',438.48,438.48,0.00,0.000,NULL,NULL),
(210,213,'2025-02-18 02:23:06','2025-09-24 02:23:06',445.44,445.44,0.00,0.000,NULL,NULL),
(211,214,'2025-05-10 01:58:51','2025-12-06 01:58:51',47.63,47.63,0.00,0.000,NULL,NULL),
(212,215,'2025-06-09 02:41:42','2026-02-05 02:41:42',403.76,403.76,0.00,0.000,NULL,NULL),
(213,216,'2025-02-21 05:37:58','2025-11-28 05:37:58',150.74,150.74,0.00,0.000,NULL,NULL),
(214,217,'2025-05-12 13:33:29','2025-11-03 13:33:29',183.63,183.63,0.00,0.000,NULL,NULL),
(215,218,'2025-04-26 02:17:23','2025-11-12 02:17:23',491.63,491.63,0.00,0.000,NULL,NULL),
(216,219,'2025-03-31 23:17:53','2025-05-07 23:17:53',121.32,121.32,0.00,0.000,NULL,NULL),
(217,220,'2025-04-02 19:58:01','2025-08-09 19:58:01',31.34,31.34,0.00,0.000,NULL,NULL),
(218,221,'2025-01-01 11:51:38','2025-10-28 11:51:38',281.81,281.81,0.00,0.000,NULL,NULL),
(219,222,'2025-05-02 06:07:26','2026-03-21 06:07:26',29.66,29.66,0.00,0.000,NULL,NULL),
(220,223,'2025-06-13 21:41:31','2025-12-25 21:41:31',377.52,377.52,0.00,0.000,NULL,NULL),
(221,224,'2025-05-15 21:34:31','2026-04-16 21:34:31',401.11,401.11,0.00,0.000,NULL,NULL),
(222,225,'2025-03-26 20:55:27','2025-10-20 20:55:27',371.76,371.76,0.00,0.000,NULL,NULL),
(223,226,'2025-01-18 21:45:54','2025-11-15 21:45:54',202.01,202.01,0.00,0.000,NULL,NULL),
(224,227,'2025-01-08 13:51:59','2025-03-29 13:51:59',71.58,71.58,0.00,0.000,NULL,NULL),
(225,228,'2025-07-20 23:08:05','2026-07-03 23:08:05',326.57,326.57,0.00,0.000,NULL,NULL),
(226,229,'2025-01-01 07:42:35','2025-11-10 07:42:35',317.10,317.10,0.00,0.000,NULL,NULL),
(227,230,'2025-04-29 03:05:42','2026-03-27 03:05:42',463.10,463.10,0.00,0.000,NULL,NULL),
(228,231,'2025-02-17 20:11:52','2025-05-12 20:11:52',355.69,355.69,0.00,0.000,NULL,NULL),
(229,232,'2025-01-14 21:12:15','2025-03-22 21:12:15',448.07,448.07,0.00,0.000,NULL,NULL),
(230,233,'2025-07-16 03:26:16','2026-01-25 03:26:16',324.11,324.11,0.00,0.000,NULL,NULL),
(231,234,'2025-07-19 23:21:50','2026-06-08 23:21:50',181.49,181.49,0.00,0.000,NULL,NULL),
(232,235,'2025-03-20 07:50:35','2025-06-30 07:50:35',265.63,265.63,0.00,0.000,NULL,NULL),
(233,236,'2025-03-05 18:20:46','2025-06-18 18:20:46',403.34,403.34,0.00,0.000,NULL,NULL),
(234,237,'2025-05-29 21:21:47','2026-04-21 21:21:47',101.05,101.05,0.00,0.000,NULL,NULL),
(235,238,'2025-04-11 23:17:22','2026-01-19 23:17:22',428.42,428.42,0.00,0.000,NULL,NULL),
(236,239,'2025-05-03 13:16:07','2025-10-04 13:16:07',46.90,46.90,0.00,0.000,NULL,NULL),
(237,240,'2025-04-06 23:52:15','2026-02-20 23:52:15',142.66,142.66,0.00,0.000,NULL,NULL),
(238,241,'2025-06-03 04:48:04','2025-12-02 04:48:04',492.60,492.60,0.00,0.000,NULL,NULL),
(239,242,'2025-06-25 21:07:05','2025-12-07 21:07:05',423.21,423.21,0.00,0.000,NULL,NULL),
(240,243,'2025-06-05 04:19:42','2025-08-10 04:19:42',189.66,189.66,0.00,0.000,NULL,NULL),
(241,244,'2025-07-11 00:03:06','2026-02-05 00:03:06',179.91,179.91,0.00,0.000,NULL,NULL),
(242,245,'2025-05-31 16:37:14','2026-02-07 16:37:14',395.63,395.63,0.00,0.000,NULL,NULL),
(243,246,'2025-01-23 03:13:44','2025-05-16 03:13:44',233.02,233.02,0.00,0.000,NULL,NULL),
(244,247,'2025-08-01 04:26:55','2026-06-03 04:26:55',464.22,464.22,0.00,0.000,NULL,NULL),
(245,248,'2025-02-13 05:29:18','2025-07-26 05:29:18',188.57,188.57,0.00,0.000,NULL,NULL),
(246,249,'2025-03-20 08:40:40','2025-04-27 08:40:40',69.14,69.14,0.00,0.000,NULL,NULL),
(247,250,'2025-02-28 16:36:20','2025-07-23 16:36:20',422.68,422.68,0.00,0.000,NULL,NULL),
(248,251,'2025-04-07 10:34:21','2025-11-17 10:34:21',242.16,242.16,0.00,0.000,NULL,NULL),
(249,252,'2025-02-02 21:30:09','2025-04-08 21:30:09',70.54,70.54,0.00,0.000,NULL,NULL),
(250,253,'2025-04-11 20:20:04','2025-10-19 20:20:04',232.05,232.05,0.00,0.000,NULL,NULL),
(251,254,'2025-06-30 17:12:24','2025-08-23 17:12:24',228.60,228.60,0.00,0.000,NULL,NULL),
(252,255,'2025-04-22 16:06:00','2026-01-13 16:06:00',210.76,210.76,0.00,0.000,NULL,NULL),
(253,256,'2025-07-12 21:23:12','2025-09-29 21:23:12',488.31,488.31,0.00,0.000,NULL,NULL),
(254,257,'2025-01-31 07:29:42','2025-03-14 07:29:42',379.27,379.27,0.00,0.000,NULL,NULL),
(255,258,'2025-02-16 06:15:27','2025-06-21 06:15:27',188.35,188.35,0.00,0.000,NULL,NULL),
(256,259,'2025-02-24 22:24:49','2025-11-16 22:24:49',49.56,49.56,0.00,0.000,NULL,NULL),
(257,260,'2025-06-26 12:51:40','2025-12-25 12:51:40',123.55,123.55,0.00,0.000,NULL,NULL),
(258,261,'2025-02-12 13:39:20','2025-03-24 13:39:20',327.95,327.95,0.00,0.000,NULL,NULL),
(259,262,'2025-04-28 02:22:19','2025-10-11 02:22:19',349.49,349.49,0.00,0.000,NULL,NULL),
(260,263,'2025-05-17 13:50:56','2025-07-25 13:50:56',110.98,110.98,0.00,0.000,NULL,NULL),
(261,264,'2025-01-27 15:56:14','2026-01-23 15:56:14',183.52,183.52,0.00,0.000,NULL,NULL),
(262,265,'2025-01-13 10:54:31','2025-12-21 10:54:31',404.29,404.29,0.00,0.000,NULL,NULL),
(263,266,'2025-06-17 07:47:36','2026-04-25 07:47:36',389.51,389.51,0.00,0.000,NULL,NULL),
(264,267,'2025-03-07 01:47:05','2025-09-05 01:47:05',442.25,442.25,0.00,0.000,NULL,NULL),
(265,268,'2025-02-03 08:01:19','2025-12-05 08:01:19',269.89,269.89,0.00,0.000,NULL,NULL),
(266,269,'2025-01-06 09:32:22','2025-11-19 09:32:22',153.22,153.22,0.00,0.000,NULL,NULL),
(267,270,'2025-05-07 04:36:16','2026-03-30 04:36:16',478.61,478.61,0.00,0.000,NULL,NULL),
(268,271,'2025-06-24 12:17:06','2025-11-27 12:17:06',353.79,353.79,0.00,0.000,NULL,NULL),
(269,272,'2025-05-22 19:48:41','2026-03-07 19:48:41',262.94,262.94,0.00,0.000,NULL,NULL),
(270,273,'2025-07-02 19:04:19','2026-05-18 19:04:19',168.78,168.78,0.00,0.000,NULL,NULL),
(271,274,'2025-08-03 04:17:23','2026-04-30 04:17:23',94.20,94.20,0.00,0.000,NULL,NULL),
(272,275,'2025-01-24 13:58:58','2025-10-21 13:58:58',169.96,169.96,0.00,0.000,NULL,NULL),
(273,276,'2025-04-03 16:17:05','2025-07-17 16:17:05',235.43,235.43,0.00,0.000,NULL,NULL),
(274,277,'2025-04-07 22:14:20','2025-10-29 22:14:20',444.62,444.62,0.00,0.000,NULL,NULL),
(275,278,'2025-07-14 03:32:18','2026-01-30 03:32:18',373.58,373.58,0.00,0.000,NULL,NULL),
(276,279,'2025-04-22 19:25:14','2025-12-15 19:25:14',454.98,454.98,0.00,0.000,NULL,NULL),
(277,280,'2025-01-31 19:52:41','2026-01-15 19:52:41',453.79,453.79,0.00,0.000,NULL,NULL),
(278,281,'2025-05-23 07:38:34','2025-07-31 07:38:34',208.44,208.44,0.00,0.000,NULL,NULL),
(279,282,'2025-07-12 04:27:51','2025-08-14 04:27:51',487.44,487.44,0.00,0.000,NULL,NULL),
(280,283,'2025-04-04 21:13:19','2025-05-11 21:13:19',45.27,45.27,0.00,0.000,NULL,NULL),
(281,284,'2025-07-03 07:52:44','2026-04-02 07:52:44',221.08,221.08,0.00,0.000,NULL,NULL),
(282,285,'2025-04-13 16:24:03','2025-12-24 16:24:03',243.66,243.66,0.00,0.000,NULL,NULL),
(283,286,'2025-05-29 18:00:29','2025-07-01 18:00:29',182.11,182.11,0.00,0.000,NULL,NULL),
(284,287,'2025-01-25 19:26:59','2025-10-26 19:26:59',45.57,45.57,0.00,0.000,NULL,NULL),
(285,288,'2025-01-21 07:47:42','2025-10-16 07:47:42',92.42,92.42,0.00,0.000,NULL,NULL),
(286,289,'2025-06-06 22:56:37','2025-08-02 22:56:37',112.68,112.68,0.00,0.000,NULL,NULL),
(287,290,'2025-02-28 05:43:04','2025-10-09 05:43:04',346.43,346.43,0.00,0.000,NULL,NULL),
(288,291,'2025-03-09 03:49:10','2026-01-11 03:49:10',275.25,275.25,0.00,0.000,NULL,NULL),
(289,292,'2025-04-02 20:31:36','2025-07-05 20:31:36',229.16,229.16,0.00,0.000,NULL,NULL),
(290,293,'2025-06-24 07:43:43','2025-08-29 07:43:43',174.25,174.25,0.00,0.000,NULL,NULL),
(291,294,'2025-03-30 15:12:51','2025-08-03 15:12:51',461.04,461.04,0.00,0.000,NULL,NULL),
(292,295,'2025-01-24 07:56:04','2025-11-16 07:56:04',109.30,109.30,0.00,0.000,NULL,NULL),
(293,296,'2025-06-15 16:40:56','2025-12-22 16:40:56',495.52,495.52,0.00,0.000,NULL,NULL),
(294,297,'2025-03-18 15:03:04','2026-01-28 15:03:04',219.68,219.68,0.00,0.000,NULL,NULL),
(295,298,'2025-04-22 18:18:48','2025-09-18 18:18:48',393.01,393.01,0.00,0.000,NULL,NULL),
(296,299,'2025-04-18 04:32:30','2025-08-25 04:32:30',408.68,408.68,0.00,0.000,NULL,NULL),
(297,300,'2025-02-25 23:30:34','2025-11-21 23:30:34',403.98,403.98,0.00,0.000,NULL,NULL),
(298,301,'2025-02-02 11:25:23','2025-09-12 11:25:23',86.35,86.35,0.00,0.000,NULL,NULL),
(299,302,'2025-06-20 05:13:13','2025-10-25 05:13:13',476.67,476.67,0.00,0.000,NULL,NULL),
(300,303,'2025-05-06 08:46:07','2025-07-16 08:46:07',33.99,33.99,0.00,0.000,NULL,NULL),
(301,304,'2025-04-25 10:12:40','2025-11-19 10:12:40',209.25,209.25,0.00,0.000,NULL,NULL),
(302,305,'2025-06-29 03:48:06','2025-12-16 03:48:06',273.71,273.71,0.00,0.000,NULL,NULL),
(303,306,'2025-04-19 15:51:11','2025-11-02 15:51:11',414.35,414.35,0.00,0.000,NULL,NULL),
(304,307,'2025-04-16 20:56:35','2025-09-17 20:56:35',304.53,304.53,0.00,0.000,NULL,NULL),
(305,308,'2025-03-10 19:49:16','2025-06-05 19:49:16',338.97,338.97,0.00,0.000,NULL,NULL),
(306,309,'2025-07-30 05:14:41','2026-07-19 05:14:41',388.88,388.88,0.00,0.000,NULL,NULL),
(307,310,'2025-03-07 17:17:58','2025-04-20 17:17:58',113.60,113.60,0.00,0.000,NULL,NULL),
(308,311,'2025-05-22 15:22:07','2025-10-04 15:22:07',231.54,231.54,0.00,0.000,NULL,NULL),
(309,312,'2025-05-24 13:12:41','2025-10-03 13:12:41',16.16,16.16,0.00,0.000,NULL,NULL),
(310,313,'2025-07-18 02:22:38','2025-12-03 02:22:38',287.46,287.46,0.00,0.000,NULL,NULL),
(311,314,'2025-03-24 16:44:35','2026-01-21 16:44:35',486.19,486.19,0.00,0.000,NULL,NULL),
(312,315,'2025-03-18 23:45:02','2025-07-08 23:45:02',462.33,462.33,0.00,0.000,NULL,NULL),
(313,316,'2025-05-02 18:56:53','2025-12-30 18:56:53',392.95,392.95,0.00,0.000,NULL,NULL),
(314,317,'2025-03-22 02:22:01','2025-11-02 02:22:01',401.89,401.89,0.00,0.000,NULL,NULL),
(315,318,'2025-01-18 06:23:50','2025-11-01 06:23:50',371.63,371.63,0.00,0.000,NULL,NULL),
(316,319,'2025-06-07 13:03:05','2026-01-18 13:03:05',335.43,335.43,0.00,0.000,NULL,NULL),
(317,320,'2025-03-10 08:25:32','2025-09-24 08:25:32',488.12,488.12,0.00,0.000,NULL,NULL),
(318,321,'2025-01-07 10:49:58','2025-09-29 10:49:58',251.41,251.41,0.00,0.000,NULL,NULL),
(319,322,'2025-02-18 23:27:35','2025-07-30 23:27:35',431.24,431.24,0.00,0.000,NULL,NULL),
(320,323,'2025-03-09 22:38:08','2025-11-20 22:38:08',429.82,429.82,0.00,0.000,NULL,NULL),
(321,324,'2025-08-03 01:00:06','2025-11-27 01:00:06',46.84,46.84,0.00,0.000,NULL,NULL),
(322,325,'2025-04-10 00:30:31','2026-03-30 00:30:31',118.29,118.29,0.00,0.000,NULL,NULL),
(323,326,'2025-07-06 02:24:37','2026-03-04 02:24:37',299.03,299.03,0.00,0.000,NULL,NULL),
(324,327,'2025-05-29 23:56:17','2026-02-02 23:56:17',466.17,466.17,0.00,0.000,NULL,NULL),
(325,328,'2025-04-12 21:27:05','2025-11-29 21:27:05',362.93,362.93,0.00,0.000,NULL,NULL),
(326,329,'2025-03-16 12:32:52','2025-12-19 12:32:52',454.60,454.60,0.00,0.000,NULL,NULL),
(327,330,'2025-06-27 02:06:28','2025-11-10 02:06:28',485.63,485.63,0.00,0.000,NULL,NULL),
(328,331,'2025-05-24 02:20:16','2026-01-28 02:20:16',243.22,243.22,0.00,0.000,NULL,NULL),
(329,332,'2025-04-22 01:06:55','2025-05-25 01:06:55',492.37,492.37,0.00,0.000,NULL,NULL),
(330,333,'2025-04-21 21:40:50','2026-02-01 21:40:50',412.40,412.40,0.00,0.000,NULL,NULL),
(331,334,'2025-06-05 15:41:57','2026-05-20 15:41:57',454.91,454.91,0.00,0.000,NULL,NULL),
(332,335,'2025-06-01 20:00:00','2026-01-13 20:00:00',293.36,293.36,0.00,0.000,NULL,NULL),
(333,336,'2025-04-19 03:52:40','2025-10-21 03:52:40',87.45,87.45,0.00,0.000,NULL,NULL),
(334,337,'2025-03-31 21:47:47','2025-09-11 21:47:47',388.59,388.59,0.00,0.000,NULL,NULL),
(335,338,'2025-04-16 09:39:29','2025-09-18 09:39:29',212.47,212.47,0.00,0.000,NULL,NULL),
(336,339,'2025-06-17 22:42:46','2025-10-28 22:42:46',381.52,381.52,0.00,0.000,NULL,NULL),
(337,340,'2025-07-14 19:06:40','2026-05-21 19:06:40',473.39,473.39,0.00,0.000,NULL,NULL),
(338,341,'2025-06-03 03:46:38','2026-01-13 03:46:38',230.68,230.68,0.00,0.000,NULL,NULL),
(339,342,'2025-07-09 05:26:03','2025-08-15 05:26:03',86.11,86.11,0.00,0.000,NULL,NULL),
(340,343,'2025-06-30 18:10:06','2026-01-12 18:10:06',212.15,212.15,0.00,0.000,NULL,NULL),
(341,344,'2025-01-28 11:28:38','2026-01-25 11:28:38',476.03,476.03,0.00,0.000,NULL,NULL),
(342,345,'2025-02-16 14:25:31','2025-11-18 14:25:31',488.21,488.21,0.00,0.000,NULL,NULL),
(343,346,'2025-02-10 09:39:50','2025-05-21 09:39:50',14.95,14.95,0.00,0.000,NULL,NULL),
(344,347,'2025-03-24 07:45:59','2025-08-21 07:45:59',76.04,76.04,0.00,0.000,NULL,NULL),
(345,348,'2025-03-02 14:14:22','2025-05-07 14:14:22',486.92,486.92,0.00,0.000,NULL,NULL),
(346,349,'2025-02-24 10:56:22','2025-07-19 10:56:22',159.79,159.79,0.00,0.000,NULL,NULL),
(347,350,'2025-01-26 05:57:54','2025-04-18 05:57:54',46.79,46.79,0.00,0.000,NULL,NULL),
(348,351,'2025-05-08 12:31:40','2026-02-02 12:31:40',152.32,152.32,0.00,0.000,NULL,NULL),
(349,352,'2025-04-14 01:53:43','2025-09-18 01:53:43',336.59,336.59,0.00,0.000,NULL,NULL),
(350,353,'2025-02-19 05:00:53','2025-12-20 05:00:53',406.53,406.53,0.00,0.000,NULL,NULL),
(351,354,'2025-05-11 21:42:02','2025-10-09 21:42:02',416.74,416.74,0.00,0.000,NULL,NULL),
(352,355,'2025-08-06 14:10:58','2026-02-28 14:10:58',84.36,84.36,0.00,0.000,NULL,NULL),
(353,356,'2025-06-15 09:26:47','2025-08-12 09:26:47',129.25,129.25,0.00,0.000,NULL,NULL),
(354,357,'2025-05-20 11:02:14','2025-12-05 11:02:14',202.27,202.27,0.00,0.000,NULL,NULL),
(355,358,'2025-01-08 16:36:40','2025-05-18 16:36:40',378.18,378.18,0.00,0.000,NULL,NULL),
(356,359,'2025-07-17 06:58:33','2026-03-01 06:58:33',418.31,418.31,0.00,0.000,NULL,NULL),
(357,360,'2025-04-15 17:19:56','2025-07-25 17:19:56',130.22,130.22,0.00,0.000,NULL,NULL),
(358,361,'2025-03-11 02:43:28','2025-07-31 02:43:28',331.16,331.16,0.00,0.000,NULL,NULL),
(359,362,'2025-07-16 10:53:43','2026-01-26 10:53:43',200.64,200.64,0.00,0.000,NULL,NULL),
(360,363,'2025-02-14 07:13:56','2026-02-14 07:13:56',58.65,58.65,0.00,0.000,NULL,NULL),
(361,364,'2025-04-23 01:16:13','2026-01-26 01:16:13',280.57,280.57,0.00,0.000,NULL,NULL),
(362,365,'2025-01-02 08:46:25','2025-08-08 08:46:25',344.31,344.31,0.00,0.000,NULL,NULL),
(363,366,'2025-04-29 11:29:13','2025-08-04 11:29:13',198.27,198.27,0.00,0.000,NULL,NULL),
(364,367,'2025-04-12 13:43:02','2025-10-29 13:43:02',114.98,114.98,0.00,0.000,NULL,NULL),
(365,368,'2025-05-30 12:06:57','2026-04-28 12:06:57',256.17,256.17,0.00,0.000,NULL,NULL),
(366,369,'2025-01-01 12:13:32','2025-06-16 12:13:32',197.76,197.76,0.00,0.000,NULL,NULL),
(367,370,'2025-02-27 19:08:57','2025-05-13 19:08:57',245.46,245.46,0.00,0.000,NULL,NULL),
(368,371,'2025-06-24 11:58:53','2025-12-30 11:58:53',356.00,356.00,0.00,0.000,NULL,NULL),
(369,372,'2025-01-27 17:47:48','2025-10-17 17:47:48',419.51,419.51,0.00,0.000,NULL,NULL),
(370,373,'2025-07-19 23:29:43','2026-01-29 23:29:43',410.94,410.94,0.00,0.000,NULL,NULL),
(371,374,'2025-01-21 23:17:59','2025-04-16 23:17:59',452.86,452.86,0.00,0.000,NULL,NULL),
(372,375,'2025-01-21 00:23:28','2025-03-21 00:23:28',242.77,242.77,0.00,0.000,NULL,NULL),
(373,376,'2025-03-22 08:01:13','2025-11-01 08:01:13',259.00,259.00,0.00,0.000,NULL,NULL),
(374,377,'2025-06-18 20:40:10','2025-11-13 20:40:10',41.90,41.90,0.00,0.000,NULL,NULL),
(375,378,'2025-02-26 12:20:21','2025-06-08 12:20:21',224.06,224.06,0.00,0.000,NULL,NULL),
(376,379,'2025-04-15 13:11:54','2025-10-06 13:11:54',465.78,465.78,0.00,0.000,NULL,NULL),
(377,380,'2025-07-27 20:51:59','2026-07-17 20:51:59',348.19,348.19,0.00,0.000,NULL,NULL),
(378,381,'2025-04-05 12:40:43','2026-02-24 12:40:43',454.26,454.26,0.00,0.000,NULL,NULL),
(379,382,'2025-04-22 23:20:48','2026-03-22 23:20:48',184.20,184.20,0.00,0.000,NULL,NULL),
(380,383,'2025-03-17 06:17:19','2026-01-12 06:17:19',253.61,253.61,0.00,0.000,NULL,NULL),
(381,384,'2025-02-26 01:12:51','2025-06-01 01:12:51',280.58,280.58,0.00,0.000,NULL,NULL),
(382,385,'2025-04-08 03:20:13','2025-05-15 03:20:13',130.74,130.74,0.00,0.000,NULL,NULL),
(383,386,'2025-07-10 16:12:21','2025-11-25 16:12:21',458.15,458.15,0.00,0.000,NULL,NULL),
(384,387,'2025-01-15 09:32:39','2025-10-01 09:32:39',159.13,159.13,0.00,0.000,NULL,NULL),
(385,388,'2025-08-04 13:07:18','2026-03-21 13:07:18',30.74,30.74,0.00,0.000,NULL,NULL),
(386,389,'2025-07-26 02:21:15','2025-10-20 02:21:15',40.79,40.79,0.00,0.000,NULL,NULL),
(387,390,'2025-04-24 02:19:50','2025-09-24 02:19:50',450.63,450.63,0.00,0.000,NULL,NULL),
(388,391,'2025-01-15 09:29:09','2025-09-29 09:29:09',411.13,411.13,0.00,0.000,NULL,NULL),
(389,392,'2025-08-01 00:10:09','2026-06-21 00:10:09',465.15,465.15,0.00,0.000,NULL,NULL),
(390,393,'2025-07-17 07:41:55','2026-03-24 07:41:55',146.96,146.96,0.00,0.000,NULL,NULL),
(391,394,'2025-06-11 23:54:55','2025-07-20 23:54:55',158.77,158.77,0.00,0.000,NULL,NULL),
(392,395,'2025-05-29 01:26:07','2026-01-02 01:26:07',279.18,279.18,0.00,0.000,NULL,NULL),
(393,396,'2025-02-09 02:33:38','2026-01-28 02:33:38',120.67,120.67,0.00,0.000,NULL,NULL),
(394,397,'2025-06-01 13:24:26','2025-12-02 13:24:26',313.30,313.30,0.00,0.000,NULL,NULL),
(395,398,'2025-07-02 20:24:01','2026-03-31 20:24:01',305.70,305.70,0.00,0.000,NULL,NULL),
(396,399,'2025-02-09 09:32:43','2025-10-05 09:32:43',287.35,287.35,0.00,0.000,NULL,NULL),
(397,400,'2025-05-25 20:35:19','2026-03-05 20:35:19',220.59,220.59,0.00,0.000,NULL,NULL),
(398,401,'2025-04-25 23:21:27','2025-07-09 23:21:27',459.22,459.22,0.00,0.000,NULL,NULL),
(399,402,'2025-04-03 22:20:23','2025-10-04 22:20:23',37.28,37.28,0.00,0.000,NULL,NULL),
(400,403,'2025-04-03 05:03:06','2025-07-16 05:03:06',206.83,206.83,0.00,0.000,NULL,NULL),
(401,404,'2025-01-13 20:57:47','2026-01-06 20:57:47',130.40,130.40,0.00,0.000,NULL,NULL),
(402,405,'2025-04-01 02:55:41','2025-12-06 02:55:41',204.13,204.13,0.00,0.000,NULL,NULL),
(403,406,'2025-03-03 14:30:34','2025-11-17 14:30:34',455.78,455.78,0.00,0.000,NULL,NULL),
(404,407,'2025-06-14 05:07:11','2026-03-09 05:07:11',311.17,311.17,0.00,0.000,NULL,NULL),
(405,408,'2025-06-28 15:44:08','2025-08-16 15:44:08',151.11,151.11,0.00,0.000,NULL,NULL),
(406,409,'2025-07-01 04:35:25','2026-03-19 04:35:25',292.64,292.64,0.00,0.000,NULL,NULL),
(407,410,'2025-07-12 14:32:58','2026-03-29 14:32:58',324.52,324.52,0.00,0.000,NULL,NULL),
(408,411,'2025-03-21 22:16:30','2026-02-04 22:16:30',446.50,446.50,0.00,0.000,NULL,NULL),
(409,412,'2025-06-01 11:45:10','2026-03-08 11:45:10',253.83,253.83,0.00,0.000,NULL,NULL),
(410,413,'2025-03-09 07:03:33','2025-10-05 07:03:33',483.38,483.38,0.00,0.000,NULL,NULL),
(411,414,'2025-05-11 01:08:18','2025-08-02 01:08:18',31.72,31.72,0.00,0.000,NULL,NULL),
(412,415,'2025-03-24 13:40:09','2025-07-26 13:40:09',104.01,104.01,0.00,0.000,NULL,NULL),
(413,416,'2025-06-13 04:30:23','2025-12-02 04:30:23',92.91,92.91,0.00,0.000,NULL,NULL),
(414,417,'2025-03-09 11:55:16','2025-05-06 11:55:16',60.78,60.78,0.00,0.000,NULL,NULL),
(415,418,'2025-07-18 17:09:37','2025-10-28 17:09:37',54.48,54.48,0.00,0.000,NULL,NULL),
(416,419,'2025-03-02 05:35:21','2025-08-08 05:35:21',349.84,349.84,0.00,0.000,NULL,NULL),
(417,420,'2025-06-11 16:35:47','2026-02-09 16:35:47',31.98,31.98,0.00,0.000,NULL,NULL),
(418,421,'2025-02-10 15:09:23','2025-12-03 15:09:23',73.81,73.81,0.00,0.000,NULL,NULL),
(419,422,'2025-04-12 18:51:39','2025-09-22 18:51:39',297.30,297.30,0.00,0.000,NULL,NULL),
(420,423,'2025-02-04 16:15:41','2026-02-03 16:15:41',111.52,111.52,0.00,0.000,NULL,NULL),
(421,424,'2025-06-16 23:56:10','2025-10-18 23:56:10',122.00,122.00,0.00,0.000,NULL,NULL),
(422,425,'2025-02-08 12:26:49','2025-03-20 12:26:49',100.42,100.42,0.00,0.000,NULL,NULL),
(423,426,'2025-06-03 19:18:30','2026-04-10 19:18:30',370.87,370.87,0.00,0.000,NULL,NULL),
(424,427,'2025-06-15 17:46:09','2025-11-04 17:46:09',328.51,328.51,0.00,0.000,NULL,NULL),
(425,428,'2025-04-18 06:38:03','2026-02-20 06:38:03',227.37,227.37,0.00,0.000,NULL,NULL),
(426,429,'2025-03-01 20:43:01','2025-06-30 20:43:01',378.25,378.25,0.00,0.000,NULL,NULL),
(427,430,'2025-05-05 00:48:51','2026-04-18 00:48:51',318.56,318.56,0.00,0.000,NULL,NULL),
(428,431,'2025-06-06 20:46:39','2025-09-21 20:46:39',392.63,392.63,0.00,0.000,NULL,NULL),
(429,432,'2025-01-09 00:12:09','2025-11-21 00:12:09',279.74,279.74,0.00,0.000,NULL,NULL),
(430,433,'2025-07-25 19:22:36','2025-09-10 19:22:36',222.83,222.83,0.00,0.000,NULL,NULL),
(431,434,'2025-06-12 21:06:51','2026-04-27 21:06:51',224.06,224.06,0.00,0.000,NULL,NULL),
(432,435,'2025-03-16 16:16:47','2026-02-13 16:16:47',481.71,481.71,0.00,0.000,NULL,NULL),
(433,436,'2025-06-28 19:35:35','2025-10-05 19:35:35',114.52,114.52,0.00,0.000,NULL,NULL),
(434,437,'2025-05-30 17:59:00','2026-04-27 17:59:00',226.70,226.70,0.00,0.000,NULL,NULL),
(435,438,'2025-03-18 11:37:27','2026-01-11 11:37:27',317.86,317.86,0.00,0.000,NULL,NULL),
(436,439,'2025-04-23 08:25:40','2025-06-24 08:25:40',164.61,164.61,0.00,0.000,NULL,NULL),
(437,440,'2025-04-26 07:09:26','2025-06-24 07:09:26',11.79,11.79,0.00,0.000,NULL,NULL),
(438,441,'2025-05-13 05:36:41','2025-08-23 05:36:41',283.99,283.99,0.00,0.000,NULL,NULL),
(439,442,'2025-03-07 17:26:54','2026-01-01 17:26:54',93.01,93.01,0.00,0.000,NULL,NULL),
(440,443,'2025-06-15 05:44:04','2026-06-02 05:44:04',345.48,345.48,0.00,0.000,NULL,NULL),
(441,444,'2025-03-22 03:39:00','2025-08-12 03:39:00',393.01,393.01,0.00,0.000,NULL,NULL),
(442,445,'2025-06-14 09:27:21','2025-11-07 09:27:21',126.71,126.71,0.00,0.000,NULL,NULL),
(443,446,'2025-07-25 22:16:09','2025-09-05 22:16:09',21.09,21.09,0.00,0.000,NULL,NULL),
(444,447,'2025-01-20 11:32:32','2025-10-29 11:32:32',58.02,58.02,0.00,0.000,NULL,NULL),
(445,448,'2025-01-31 08:39:32','2025-06-13 08:39:32',172.23,172.23,0.00,0.000,NULL,NULL),
(446,449,'2025-04-06 09:01:21','2025-12-28 09:01:21',298.41,298.41,0.00,0.000,NULL,NULL),
(447,450,'2025-01-28 19:04:26','2025-12-05 19:04:26',280.09,280.09,0.00,0.000,NULL,NULL),
(448,451,'2025-02-15 14:16:19','2025-09-24 14:16:19',183.05,183.05,0.00,0.000,NULL,NULL),
(449,452,'2025-04-06 18:32:29','2025-11-17 18:32:29',116.71,116.71,0.00,0.000,NULL,NULL),
(450,453,'2025-03-23 16:56:19','2025-11-09 16:56:19',96.37,96.37,0.00,0.000,NULL,NULL),
(451,454,'2025-03-18 18:11:08','2025-10-10 18:11:08',362.61,362.61,0.00,0.000,NULL,NULL),
(452,455,'2025-02-07 13:09:34','2025-10-04 13:09:34',160.71,160.71,0.00,0.000,NULL,NULL),
(453,456,'2025-02-20 13:49:00','2025-10-19 13:49:00',414.11,414.11,0.00,0.000,NULL,NULL),
(454,457,'2025-06-07 05:23:23','2026-06-02 05:23:23',49.08,49.08,0.00,0.000,NULL,NULL),
(455,458,'2025-07-09 02:27:35','2026-03-11 02:27:35',174.22,174.22,0.00,0.000,NULL,NULL),
(456,459,'2025-05-13 04:37:31','2025-10-03 04:37:31',352.84,352.84,0.00,0.000,NULL,NULL),
(457,460,'2025-06-06 03:32:24','2026-04-08 03:32:24',270.25,270.25,0.00,0.000,NULL,NULL),
(458,461,'2025-06-12 11:28:12','2026-03-28 11:28:12',433.23,433.23,0.00,0.000,NULL,NULL),
(459,462,'2025-04-01 02:33:03','2025-06-04 02:33:03',369.72,369.72,0.00,0.000,NULL,NULL),
(460,463,'2025-06-28 09:50:11','2026-06-08 09:50:11',387.10,387.10,0.00,0.000,NULL,NULL),
(461,464,'2025-07-23 17:02:58','2025-10-23 17:02:58',435.65,435.65,0.00,0.000,NULL,NULL),
(462,465,'2025-07-10 16:26:41','2026-06-03 16:26:41',274.87,274.87,0.00,0.000,NULL,NULL),
(463,466,'2025-03-25 23:09:59','2025-05-20 23:09:59',335.17,335.17,0.00,0.000,NULL,NULL),
(464,467,'2025-01-30 04:05:58','2025-09-09 04:05:58',96.20,96.20,0.00,0.000,NULL,NULL),
(465,468,'2025-03-29 05:50:33','2025-05-24 05:50:33',436.94,436.94,0.00,0.000,NULL,NULL),
(466,469,'2025-07-15 06:07:15','2026-01-17 06:07:15',353.35,353.35,0.00,0.000,NULL,NULL),
(467,470,'2025-05-13 22:30:01','2026-02-07 22:30:01',359.78,359.78,0.00,0.000,NULL,NULL),
(468,471,'2025-06-25 03:12:28','2026-05-22 03:12:28',330.17,330.17,0.00,0.000,NULL,NULL),
(469,472,'2025-06-03 10:40:47','2025-07-26 10:40:47',314.14,314.14,0.00,0.000,NULL,NULL),
(470,473,'2025-01-29 01:21:08','2025-09-24 01:21:08',472.01,472.01,0.00,0.000,NULL,NULL),
(471,474,'2025-04-14 09:51:39','2025-09-18 09:51:39',432.71,432.71,0.00,0.000,NULL,NULL),
(472,475,'2025-01-20 07:09:06','2025-12-14 07:09:06',132.07,132.07,0.00,0.000,NULL,NULL),
(473,476,'2025-05-11 06:26:10','2025-07-25 06:26:10',477.54,477.54,0.00,0.000,NULL,NULL),
(474,477,'2025-05-06 15:47:55','2025-07-30 15:47:55',412.12,412.12,0.00,0.000,NULL,NULL),
(475,478,'2025-02-12 20:06:30','2025-11-11 20:06:30',180.67,180.67,0.00,0.000,NULL,NULL),
(476,479,'2025-06-25 21:41:56','2025-08-23 21:41:56',404.57,404.57,0.00,0.000,NULL,NULL),
(477,480,'2025-06-19 01:05:46','2026-04-28 01:05:46',123.68,123.68,0.00,0.000,NULL,NULL),
(478,481,'2025-05-21 11:17:06','2026-03-16 11:17:06',166.52,166.52,0.00,0.000,NULL,NULL),
(479,482,'2025-07-14 21:08:54','2026-04-04 21:08:54',380.89,380.89,0.00,0.000,NULL,NULL),
(480,483,'2025-05-07 06:55:53','2025-08-21 06:55:53',467.01,467.01,0.00,0.000,NULL,NULL),
(481,484,'2025-05-05 15:51:56','2025-06-21 15:51:56',493.51,493.51,0.00,0.000,NULL,NULL),
(482,485,'2025-03-12 02:38:10','2025-07-31 02:38:10',144.95,144.95,0.00,0.000,NULL,NULL),
(483,486,'2025-04-30 01:37:03','2026-03-19 01:37:03',350.00,350.00,0.00,0.000,NULL,NULL),
(484,487,'2025-01-10 17:13:20','2025-09-30 17:13:20',486.57,486.57,0.00,0.000,NULL,NULL),
(485,488,'2025-01-13 14:20:17','2025-04-23 14:20:17',417.45,417.45,0.00,0.000,NULL,NULL),
(486,489,'2025-05-15 06:45:52','2025-11-08 06:45:52',459.76,459.76,0.00,0.000,NULL,NULL),
(487,490,'2025-02-08 06:55:45','2025-10-26 06:55:45',226.91,226.91,0.00,0.000,NULL,NULL),
(488,491,'2025-04-21 10:24:14','2025-12-20 10:24:14',239.33,239.33,0.00,0.000,NULL,NULL),
(489,492,'2025-06-14 22:31:32','2025-09-19 22:31:32',32.28,32.28,0.00,0.000,NULL,NULL),
(490,493,'2025-03-23 13:07:29','2025-07-20 13:07:29',98.29,98.29,0.00,0.000,NULL,NULL),
(491,494,'2025-02-10 23:52:43','2025-09-01 23:52:43',249.60,249.60,0.00,0.000,NULL,NULL),
(492,495,'2025-07-13 09:05:44','2026-04-07 09:05:44',97.18,97.18,0.00,0.000,NULL,NULL),
(493,496,'2025-06-23 20:45:05','2025-09-20 20:45:05',275.08,275.08,0.00,0.000,NULL,NULL),
(494,497,'2025-07-18 08:41:06','2026-06-11 08:41:06',38.10,38.10,0.00,0.000,NULL,NULL),
(495,498,'2025-06-30 10:42:36','2025-08-16 10:42:36',176.85,176.85,0.00,0.000,NULL,NULL),
(496,499,'2025-05-30 03:59:26','2026-02-18 03:59:26',111.61,111.61,0.00,0.000,NULL,NULL),
(497,500,'2025-06-23 05:24:06','2025-10-09 05:24:06',172.80,172.80,0.00,0.000,NULL,NULL),
(498,501,'2025-02-25 12:16:31','2025-06-29 12:16:31',476.55,476.55,0.00,0.000,NULL,NULL),
(499,502,'2025-06-18 03:46:37','2026-01-17 03:46:37',209.77,209.77,0.00,0.000,NULL,NULL),
(500,503,'2025-06-21 14:55:21','2026-03-24 14:55:21',216.59,216.59,0.00,0.000,NULL,NULL);
/*!40000 ALTER TABLE `user_subscriptions` ENABLE KEYS */;
UNLOCK TABLES;
commit;

--
-- Table structure for table `users`
--

DROP TABLE IF EXISTS `users`;
/*!40101 SET @saved_cs_client     = @@character_set_client */;
/*!40101 SET character_set_client = utf8mb4 */;
CREATE TABLE `users` (
  `id` int(11) NOT NULL AUTO_INCREMENT,
  `first_name` varchar(60) DEFAULT NULL,
  `last_name` varchar(60) DEFAULT NULL,
  `contact_email` varchar(254) DEFAULT NULL,
  `contact_phone_no` varchar(10) DEFAULT NULL,
  PRIMARY KEY (`id`)
) ENGINE=InnoDB AUTO_INCREMENT=501 DEFAULT CHARSET=utf8mb4 COLLATE=utf8mb4_unicode_ci;
/*!40101 SET character_set_client = @saved_cs_client */;

--
-- Dumping data for table `users`
--

LOCK TABLES `users` WRITE;
/*!40000 ALTER TABLE `users` DISABLE KEYS */;
set autocommit=0;
INSERT INTO `users` VALUES
(1,'Ashley','Hansen','ashley.hansen@example.com','0431488738'),
(2,'John','Lowe','john.lowe@example.com','0481733223'),
(3,'Emily','James','emily.james@example.com','0434660016'),
(4,'Dylan','Jones','dylan.jones@example.com','0448489653'),
(5,'Brad','Wolf','brad.wolf@example.com','0461616877'),
(6,'Jennifer','Liu','jennifer.liu@example.com','0472510326'),
(7,'Susan','Mitchell','susan.mitchell@example.com','0459341202'),
(8,'Zachary','Johnston','zachary.johnston@example.com','0493938094'),
(9,'Sergio','Johnson','sergio.johnson@example.com','0442397154'),
(10,'Thomas','Moore','thomas.moore@example.com','0483669032'),
(11,'Sandy','Gregory','sandy.gregory@example.com','0418459065'),
(12,'Dawn','Flynn','dawn.flynn@example.com','0448185925'),
(13,'Jeffrey','Frye','jeffrey.frye@example.com','0459021095'),
(14,'Shannon','Glover','shannon.glover@example.com','0475944075'),
(15,'Eric','Gomez','eric.gomez@example.com','0423692130'),
(16,'Gerald','Jordan','gerald.jordan@example.com','0477902603'),
(17,'Michael','Perkins','michael.perkins@example.com','0436277608'),
(18,'Tammy','Brown','tammy.brown@example.com','0410036658'),
(19,'Lindsay','Espinoza','lindsay.espinoza@example.com','0446137971'),
(20,'Sarah','Jenkins','sarah.jenkins@example.com','0431408442'),
(21,'Nicole','Moore','nicole.moore@example.com','0455350713'),
(22,'Randy','English','randy.english@example.com','0462182780'),
(23,'Jonathan','Henry','jonathan.henry@example.com','0492231271'),
(24,'Paul','White','paul.white@example.com','0491621174'),
(25,'John','Buchanan','john.buchanan@example.com','0454046192'),
(26,'Michael','Hamilton','michael.hamilton@example.com','0480188027'),
(27,'Paula','Turner','paula.turner@example.com','0445934524'),
(28,'Patty','Weaver','patty.weaver@example.com','0470422868'),
(29,'Cindy','Macdonald','cindy.macdonald@example.com','0414553879'),
(30,'Antonio','Vincent','antonio.vincent@example.com','0415103044'),
(31,'Rachel','Phillips','rachel.phillips@example.com','0452838022'),
(32,'Ryan','Stout','ryan.stout@example.com','0423643626'),
(33,'Eric','Moreno','eric.moreno@example.com','0485090107'),
(34,'Heather','Miller','heather.miller@example.com','0422089808'),
(35,'Melanie','Allen','melanie.allen@example.com','0455463115'),
(36,'Steven','Rivera','steven.rivera@example.com','0489215099'),
(37,'Tanya','Garza','tanya.garza@example.com','0428228279'),
(38,'Jessica','Robinson','jessica.robinson@example.com','0483287206'),
(39,'Bruce','Green','bruce.green@example.com','0411744635'),
(40,'Kayla','Howell','kayla.howell@example.com','0412587021'),
(41,'Kathleen','Perry','kathleen.perry@example.com','0497008271'),
(42,'Kelly','Mayer','kelly.mayer@example.com','0418969748'),
(43,'Brandon','Coleman','brandon.coleman@example.com','0473411589'),
(44,'John','Roberts','john.roberts@example.com','0479003630'),
(45,'Kathy','Lee','kathy.lee@example.com','0434230234'),
(46,'Carrie','Martin','carrie.martin@example.com','0467095778'),
(47,'Shane','Wallace','shane.wallace@example.com','0497834604'),
(48,'Jesse','Scott','jesse.scott@example.com','0475586237'),
(49,'Susan','Grant','susan.grant@example.com','0469784223'),
(50,'Matthew','Quinn','matthew.quinn@example.com','0480883105'),
(51,'Johnny','Carr','johnny.carr@example.com','0461123811'),
(52,'Sara','Warner','sara.warner@example.com','0492067826'),
(53,'Mark','Jenkins','mark.jenkins@example.com','0439418511'),
(54,'Matthew','Reeves','matthew.reeves@example.com','0482983307'),
(55,'Gerald','Potts','gerald.potts@example.com','0475964601'),
(56,'Marisa','Brown','marisa.brown@example.com','0463100663'),
(57,'Carol','Shaw','carol.shaw@example.com','0466101750'),
(58,'Brandon','Anderson','brandon.anderson@example.com','0483416955'),
(59,'Nancy','Benson','nancy.benson@example.com','0485532921'),
(60,'Courtney','Freeman','courtney.freeman@example.com','0436351283'),
(61,'Sophia','Frost','sophia.frost@example.com','0474039054'),
(62,'Laura','Quinn','laura.quinn@example.com','0447382772'),
(63,'Jennifer','Jarvis','jennifer.jarvis@example.com','0494469999'),
(64,'Richard','Collier','richard.collier@example.com','0461485515'),
(65,'Joshua','Livingston','joshua.livingston@example.com','0428305448'),
(66,'Ryan','Clark','ryan.clark@example.com','0486499274'),
(67,'Miranda','Howell','miranda.howell@example.com','0427594265'),
(68,'Thomas','Singh','thomas.singh@example.com','0431975561'),
(69,'Brenda','Singh','brenda.singh@example.com','0467030253'),
(70,'Abigail','Brown','abigail.brown@example.com','0428200863'),
(71,'Kenneth','Miller','kenneth.miller@example.com','0477487798'),
(72,'Justin','Thomas','justin.thomas@example.com','0418614675'),
(73,'Tina','Larsen','tina.larsen@example.com','0477919588'),
(74,'Barbara','Rodriguez','barbara.rodriguez@example.com','0450546345'),
(75,'Brandon','Smith','brandon.smith@example.com','0469358182'),
(76,'Stephanie','Perry','stephanie.perry@example.com','0471751571'),
(77,'Crystal','Brown','crystal.brown@example.com','0486683688'),
(78,'Angela','Watts','angela.watts@example.com','0492357084'),
(79,'Marc','Lewis','marc.lewis@example.com','0486228202'),
(80,'Mark','Rojas','mark.rojas@example.com','0489270467'),
(81,'Steven','Martinez','steven.martinez@example.com','0474616641'),
(82,'Jennifer','Cruz','jennifer.cruz@example.com','0414544549'),
(83,'Diane','Bautista','diane.bautista@example.com','0458079210'),
(84,'Matthew','Chen','matthew.chen@example.com','0497618782'),
(85,'Amanda','Martin','amanda.martin@example.com','0442744156'),
(86,'Carol','Barnes','carol.barnes@example.com','0423774144'),
(87,'Dennis','Evans','dennis.evans@example.com','0486135146'),
(88,'Holly','Castro','holly.castro@example.com','0453399437'),
(89,'Thomas','Dunn','thomas.dunn@example.com','0464747469'),
(90,'Howard','Wise','howard.wise@example.com','0484717420'),
(91,'Amanda','Guzman','amanda.guzman@example.com','0445893233'),
(92,'Alexander','Tran','alexander.tran@example.com','0475052037'),
(93,'Stephanie','Foster','stephanie.foster@example.com','0468299259'),
(94,'Michael','Noble','michael.noble@example.com','0429517957'),
(95,'Michael','Jones','michael.jones@example.com','0444744227'),
(96,'Ann','Wilson','ann.wilson@example.com','0477918409'),
(97,'Amy','Leonard','amy.leonard@example.com','0475337818'),
(98,'Michael','Burgess','michael.burgess@example.com','0471586211'),
(99,'Paige','Castillo','paige.castillo@example.com','0487193802'),
(100,'Jared','Parker','jared.parker@example.com','0498321895'),
(101,'Tanya','Scott','tanya.scott@example.com','0493739001'),
(102,'Monica','Shah','monica.shah@example.com','0448235097'),
(103,'Lori','Higgins','lori.higgins@example.com','0481587523'),
(104,'Andres','Walton','andres.walton@example.com','0456841089'),
(105,'Michelle','Bailey','michelle.bailey@example.com','0457661010'),
(106,'Mary','Rice','mary.rice@example.com','0463566605'),
(107,'Denise','Wallace','denise.wallace@example.com','0417262332'),
(108,'Carrie','Williams','carrie.williams@example.com','0429871837'),
(109,'Jon','Simmons','jon.simmons@example.com','0422772725'),
(110,'Robin','Brewer','robin.brewer@example.com','0425110762'),
(111,'Jamie','Chandler','jamie.chandler@example.com','0445214285'),
(112,'Monica','Burgess','monica.burgess@example.com','0490011546'),
(113,'Samuel','Gutierrez','samuel.gutierrez@example.com','0460067719'),
(114,'Leslie','Lane','leslie.lane@example.com','0482694157'),
(115,'Erik','Marshall','erik.marshall@example.com','0479772533'),
(116,'William','Rodriguez','william.rodriguez@example.com','0447537952'),
(117,'Jane','Williams','jane.williams@example.com','0470016672'),
(118,'Matthew','Gray','matthew.gray@example.com','0481070620'),
(119,'Gabrielle','Sanchez','gabrielle.sanchez@example.com','0451115285'),
(120,'Rachel','Potter','rachel.potter@example.com','0482952667'),
(121,'Brianna','Sparks','brianna.sparks@example.com','0490496275'),
(122,'Susan','Mayo','susan.mayo@example.com','0447304669'),
(123,'Elizabeth','Hines','elizabeth.hines@example.com','0491362014'),
(124,'Katrina','Yu','katrina.yu@example.com','0484455535'),
(125,'Toni','Nguyen','toni.nguyen@example.com','0483149461'),
(126,'Patricia','Beck','patricia.beck@example.com','0484025368'),
(127,'Mary','Rocha','mary.rocha@example.com','0449677854'),
(128,'Thomas','Short','thomas.short@example.com','0489478465'),
(129,'Jonathan','Parsons','jonathan.parsons@example.com','0453053958'),
(130,'Daniel','Martin','daniel.martin@example.com','0480532757'),
(131,'Jo','Sosa','jo.sosa@example.com','0452209553'),
(132,'Robert','Herrera','robert.herrera@example.com','0464391252'),
(133,'Michelle','Pratt','michelle.pratt@example.com','0465070637'),
(134,'Nicole','Webster','nicole.webster@example.com','0492211707'),
(135,'Ryan','Gibbs','ryan.gibbs@example.com','0480493635'),
(136,'Collin','Hess','collin.hess@example.com','0421735707'),
(137,'Kristi','Baker','kristi.baker@example.com','0457010252'),
(138,'Joshua','Lewis','joshua.lewis@example.com','0412924498'),
(139,'Karen','Ross','karen.ross@example.com','0411986971'),
(140,'Jesse','Hancock','jesse.hancock@example.com','0452060098'),
(141,'Rodney','Kennedy','rodney.kennedy@example.com','0485188482'),
(142,'Lisa','Larsen','lisa.larsen@example.com','0471614483'),
(143,'Heather','Klein','heather.klein@example.com','0475588367'),
(144,'Aaron','Ford','aaron.ford@example.com','0465210453'),
(145,'Johnny','Clayton','johnny.clayton@example.com','0441733831'),
(146,'Ashley','Robinson','ashley.robinson@example.com','0453234773'),
(147,'Christina','Smith','christina.smith@example.com','0470067390'),
(148,'Amanda','Lane','amanda.lane@example.com','0431393108'),
(149,'Steven','Hill','steven.hill@example.com','0496526495'),
(150,'Carrie','Finley','carrie.finley@example.com','0445255581'),
(151,'Dorothy','Hunter','dorothy.hunter@example.com','0418726288'),
(152,'Hailey','Carter','hailey.carter@example.com','0428024363'),
(153,'Randy','Giles','randy.giles@example.com','0471595337'),
(154,'Lindsey','Ray','lindsey.ray@example.com','0489085937'),
(155,'Peter','Avila','peter.avila@example.com','0455935928'),
(156,'Amy','Silva','amy.silva@example.com','0421761326'),
(157,'Heather','Price','heather.price@example.com','0412774746'),
(158,'Dustin','Williams','dustin.williams@example.com','0433398784'),
(159,'Rachel','Jones','rachel.jones@example.com','0459181338'),
(160,'Amy','Lawson','amy.lawson@example.com','0423131419'),
(161,'Alice','Shelton','alice.shelton@example.com','0415983066'),
(162,'Melissa','Thompson','melissa.thompson@example.com','0484633609'),
(163,'William','Warner','william.warner@example.com','0493775009'),
(164,'Amy','Jacobs','amy.jacobs@example.com','0436002499'),
(165,'Jamie','Carroll','jamie.carroll@example.com','0414347822'),
(166,'Christian','Patton','christian.patton@example.com','0446693820'),
(167,'Scott','Pacheco','scott.pacheco@example.com','0433335319'),
(168,'Justin','Poole','justin.poole@example.com','0415016182'),
(169,'Michelle','Tran','michelle.tran@example.com','0468673849'),
(170,'Brandy','Mclaughlin','brandy.mclaughlin@example.com','0458966350'),
(171,'Jacob','Alvarez','jacob.alvarez@example.com','0418247146'),
(172,'Dan','Stone','dan.stone@example.com','0444394979'),
(173,'Tara','Nicholson','tara.nicholson@example.com','0479339452'),
(174,'Ryan','Butler','ryan.butler@example.com','0466892441'),
(175,'Michelle','Hernandez','michelle.hernandez@example.com','0474675084'),
(176,'Chad','Jackson','chad.jackson@example.com','0453081630'),
(177,'Victoria','Ramos','victoria.ramos@example.com','0475328630'),
(178,'Paul','Cohen','paul.cohen@example.com','0447285759'),
(179,'Danielle','Bean','danielle.bean@example.com','0456556814'),
(180,'Juan','Brown','juan.brown@example.com','0454236752'),
(181,'Cindy','Palmer','cindy.palmer@example.com','0432288157'),
(182,'Steve','Welch','steve.welch@example.com','0498610952'),
(183,'Alexander','Payne','alexander.payne@example.com','0470952647'),
(184,'Jacob','Moore','jacob.moore@example.com','0420586095'),
(185,'Christopher','Snyder','christopher.snyder@example.com','0460683374'),
(186,'Jeffrey','Brown','jeffrey.brown@example.com','0478620061'),
(187,'Kim','Rice','kim.rice@example.com','0446204916'),
(188,'Daniel','Bailey','daniel.bailey@example.com','0437523584'),
(189,'Travis','Harris','travis.harris@example.com','0439917030'),
(190,'Brenda','Olson','brenda.olson@example.com','0416610664'),
(191,'Michael','English','michael.english@example.com','0478752340'),
(192,'Brandon','Smith','brandon.smith@example.com','0429143953'),
(193,'Sean','Garrett','sean.garrett@example.com','0481934662'),
(194,'Tanya','Vazquez','tanya.vazquez@example.com','0445482565'),
(195,'Jesus','Cook','jesus.cook@example.com','0474826837'),
(196,'Ashley','Glover','ashley.glover@example.com','0455511149'),
(197,'Gabriel','Nolan','gabriel.nolan@example.com','0499565915'),
(198,'Sean','Oneal','sean.oneal@example.com','0425461236'),
(199,'Veronica','Smith','veronica.smith@example.com','0476715082'),
(200,'Sabrina','Cobb','sabrina.cobb@example.com','0492542715'),
(201,'Tanya','Clark','tanya.clark@example.com','0453666854'),
(202,'Lucas','Bates','lucas.bates@example.com','0452656806'),
(203,'Jason','Jones','jason.jones@example.com','0431987209'),
(204,'Monica','Sharp','monica.sharp@example.com','0477217586'),
(205,'Ian','Davis','ian.davis@example.com','0490944425'),
(206,'Mark','Bell','mark.bell@example.com','0495202996'),
(207,'Erica','Myers','erica.myers@example.com','0440686413'),
(208,'Jason','Luna','jason.luna@example.com','0454389340'),
(209,'Michael','Bennett','michael.bennett@example.com','0480277271'),
(210,'Amy','Jones','amy.jones@example.com','0443814012'),
(211,'Richard','Walker','richard.walker@example.com','0476060141'),
(212,'Kevin','Bennett','kevin.bennett@example.com','0458652510'),
(213,'Cristina','Brock','cristina.brock@example.com','0454472299'),
(214,'Kristi','Stephenson','kristi.stephenson@example.com','0454013529'),
(215,'Michael','Hughes','michael.hughes@example.com','0484376584'),
(216,'Jorge','Peters','jorge.peters@example.com','0427578878'),
(217,'Michael','Reynolds','michael.reynolds@example.com','0459907462'),
(218,'Scott','Martin','scott.martin@example.com','0447459609'),
(219,'Jennifer','Taylor','jennifer.taylor@example.com','0437400019'),
(220,'Melanie','Marshall','melanie.marshall@example.com','0459875652'),
(221,'Sheila','Torres','sheila.torres@example.com','0416446773'),
(222,'Heather','Mccoy','heather.mccoy@example.com','0430633649'),
(223,'Michael','Valentine','michael.valentine@example.com','0446824546'),
(224,'Kristen','Willis','kristen.willis@example.com','0417088614'),
(225,'Sonya','Morris','sonya.morris@example.com','0499962559'),
(226,'David','Neal','david.neal@example.com','0493812063'),
(227,'Victor','Neal','victor.neal@example.com','0475822824'),
(228,'Julie','Cannon','julie.cannon@example.com','0476624435'),
(229,'Brian','Nichols','brian.nichols@example.com','0478929716'),
(230,'Theresa','Palmer','theresa.palmer@example.com','0497829660'),
(231,'Jessica','Monroe','jessica.monroe@example.com','0426600014'),
(232,'Ryan','Wyatt','ryan.wyatt@example.com','0431595168'),
(233,'Kevin','Perez','kevin.perez@example.com','0482513800'),
(234,'Scott','Curtis','scott.curtis@example.com','0488277594'),
(235,'Sarah','Doyle','sarah.doyle@example.com','0443328341'),
(236,'Noah','Castro','noah.castro@example.com','0488782522'),
(237,'Leah','Johnson','leah.johnson@example.com','0487002937'),
(238,'Paul','Tyler','paul.tyler@example.com','0423349090'),
(239,'Daniel','Haas','daniel.haas@example.com','0419009738'),
(240,'Michelle','Santos','michelle.santos@example.com','0481199826'),
(241,'Terry','Rios','terry.rios@example.com','0487345042'),
(242,'Jonathan','Cochran','jonathan.cochran@example.com','0484626977'),
(243,'Shannon','Young','shannon.young@example.com','0465226839'),
(244,'April','Williamson','april.williamson@example.com','0438625168'),
(245,'Dorothy','Rodriguez','dorothy.rodriguez@example.com','0420633767'),
(246,'Melanie','Robinson','melanie.robinson@example.com','0460009946'),
(247,'Kelly','Holmes','kelly.holmes@example.com','0467587463'),
(248,'Denise','Mcclain','denise.mcclain@example.com','0419585839'),
(249,'Lauren','Khan','lauren.khan@example.com','0464107599'),
(250,'Beth','Mayo','beth.mayo@example.com','0456176800'),
(251,'Carrie','Pittman','carrie.pittman@example.com','0420828562'),
(252,'Mikayla','Rose','mikayla.rose@example.com','0476101352'),
(253,'Kathryn','Boone','kathryn.boone@example.com','0424194153'),
(254,'Anthony','Donaldson','anthony.donaldson@example.com','0429992878'),
(255,'Phillip','Reyes','phillip.reyes@example.com','0495364493'),
(256,'Paul','Harris','paul.harris@example.com','0489938674'),
(257,'James','Ferguson','james.ferguson@example.com','0450327525'),
(258,'Willie','Nelson','willie.nelson@example.com','0447343090'),
(259,'Lori','Jenkins','lori.jenkins@example.com','0414159569'),
(260,'April','Sheppard','april.sheppard@example.com','0455109599'),
(261,'Kenneth','Bryant','kenneth.bryant@example.com','0472727742'),
(262,'Erin','Wheeler','erin.wheeler@example.com','0433961232'),
(263,'Jason','Aguirre','jason.aguirre@example.com','0485361232'),
(264,'John','Smith','john.smith@example.com','0423263487'),
(265,'Kimberly','Lane','kimberly.lane@example.com','0464954935'),
(266,'Timothy','Richards','timothy.richards@example.com','0435088600'),
(267,'Tara','Washington','tara.washington@example.com','0450867093'),
(268,'Angela','Hancock','angela.hancock@example.com','0468147299'),
(269,'Sarah','Russell','sarah.russell@example.com','0493401268'),
(270,'Rick','Hoffman','rick.hoffman@example.com','0446971242'),
(271,'Sophia','Smith','sophia.smith@example.com','0446313624'),
(272,'Paula','Berry','paula.berry@example.com','0458632100'),
(273,'Tiffany','Mullen','tiffany.mullen@example.com','0420130100'),
(274,'Lisa','Sanchez','lisa.sanchez@example.com','0447463108'),
(275,'Ashley','Jackson','ashley.jackson@example.com','0479877160'),
(276,'Heather','Martinez','heather.martinez@example.com','0456355757'),
(277,'Joseph','Anderson','joseph.anderson@example.com','0497705203'),
(278,'Jared','Everett','jared.everett@example.com','0480474144'),
(279,'Rhonda','Fox','rhonda.fox@example.com','0485369165'),
(280,'Mark','Harrison','mark.harrison@example.com','0462514703'),
(281,'Bobby','Fuller','bobby.fuller@example.com','0483968455'),
(282,'Frances','Sawyer','frances.sawyer@example.com','0461283898'),
(283,'Maria','Peters','maria.peters@example.com','0426762778'),
(284,'William','Riley','william.riley@example.com','0457827498'),
(285,'Sarah','White','sarah.white@example.com','0433460157'),
(286,'James','Williams','james.williams@example.com','0415537594'),
(287,'Stephanie','Reed','stephanie.reed@example.com','0483385636'),
(288,'Amanda','Hopkins','amanda.hopkins@example.com','0488640203'),
(289,'Cynthia','King','cynthia.king@example.com','0471052780'),
(290,'Rachel','Anderson','rachel.anderson@example.com','0445850051'),
(291,'Angela','Lambert','angela.lambert@example.com','0490933239'),
(292,'Nicole','Mcintosh','nicole.mcintosh@example.com','0483452762'),
(293,'Martin','Thompson','martin.thompson@example.com','0423292079'),
(294,'David','Snyder','david.snyder@example.com','0443343188'),
(295,'Jennifer','Coleman','jennifer.coleman@example.com','0420004842'),
(296,'Carla','Patel','carla.patel@example.com','0450987995'),
(297,'Marc','Ballard','marc.ballard@example.com','0464029407'),
(298,'Frederick','Giles','frederick.giles@example.com','0492106483'),
(299,'Christopher','Lane','christopher.lane@example.com','0418360553'),
(300,'Tracy','Wright','tracy.wright@example.com','0474216927'),
(301,'Micheal','Gomez','micheal.gomez@example.com','0431677903'),
(302,'Evelyn','Barnes','evelyn.barnes@example.com','0486691867'),
(303,'Jamie','Clark','jamie.clark@example.com','0477466879'),
(304,'Antonio','Miles','antonio.miles@example.com','0477772043'),
(305,'Russell','Newton','russell.newton@example.com','0460976917'),
(306,'William','Campbell','william.campbell@example.com','0426604223'),
(307,'Dylan','Lee','dylan.lee@example.com','0462026968'),
(308,'Catherine','Miller','catherine.miller@example.com','0495472446'),
(309,'Sara','Davidson','sara.davidson@example.com','0417210627'),
(310,'Troy','Murphy','troy.murphy@example.com','0439429980'),
(311,'Sheila','Carter','sheila.carter@example.com','0483305630'),
(312,'Vicki','Santos','vicki.santos@example.com','0499204931'),
(313,'David','Garcia','david.garcia@example.com','0497366345'),
(314,'Daniel','Chapman','daniel.chapman@example.com','0429182734'),
(315,'Joseph','Rogers','joseph.rogers@example.com','0473123739'),
(316,'Daniel','Roach','daniel.roach@example.com','0440391936'),
(317,'Elizabeth','Anderson','elizabeth.anderson@example.com','0434179099'),
(318,'Lance','Garner','lance.garner@example.com','0473908475'),
(319,'Maria','Stevens','maria.stevens@example.com','0422194680'),
(320,'Rebecca','Miller','rebecca.miller@example.com','0427628467'),
(321,'Paul','Cummings','paul.cummings@example.com','0432557994'),
(322,'Emily','Wang','emily.wang@example.com','0496546649'),
(323,'Natalie','Sexton','natalie.sexton@example.com','0466547319'),
(324,'Mallory','Kaiser','mallory.kaiser@example.com','0468012019'),
(325,'Julie','Thomas','julie.thomas@example.com','0491898899'),
(326,'Taylor','Mccoy','taylor.mccoy@example.com','0485337526'),
(327,'Lisa','Stephenson','lisa.stephenson@example.com','0411422633'),
(328,'Brad','Nunez','brad.nunez@example.com','0422111026'),
(329,'Kimberly','English','kimberly.english@example.com','0447426423'),
(330,'Zachary','Hancock','zachary.hancock@example.com','0492345700'),
(331,'Aaron','George','aaron.george@example.com','0489936282'),
(332,'Erin','Marquez','erin.marquez@example.com','0445841976'),
(333,'Ronnie','James','ronnie.james@example.com','0437750693'),
(334,'Kevin','Delacruz','kevin.delacruz@example.com','0426421560'),
(335,'Michelle','Clarke','michelle.clarke@example.com','0439126616'),
(336,'Reginald','Hester','reginald.hester@example.com','0485291209'),
(337,'Michael','Johnson','michael.johnson@example.com','0417566909'),
(338,'Terry','Jones','terry.jones@example.com','0452361968'),
(339,'Kelsey','Miller','kelsey.miller@example.com','0448661951'),
(340,'Leslie','Krause','leslie.krause@example.com','0432530256'),
(341,'Heather','Hernandez','heather.hernandez@example.com','0427607785'),
(342,'Keith','Mccann','keith.mccann@example.com','0430350561'),
(343,'Margaret','Ramos','margaret.ramos@example.com','0428798758'),
(344,'Nicholas','Ramsey','nicholas.ramsey@example.com','0450249008'),
(345,'Jim','Blair','jim.blair@example.com','0485910038'),
(346,'Brandon','White','brandon.white@example.com','0467317851'),
(347,'Catherine','Sanchez','catherine.sanchez@example.com','0412964781'),
(348,'Paula','Sanchez','paula.sanchez@example.com','0481491478'),
(349,'Michael','Lee','michael.lee@example.com','0465075024'),
(350,'Kara','Kim','kara.kim@example.com','0439859622'),
(351,'Stacy','Cunningham','stacy.cunningham@example.com','0427098175'),
(352,'Susan','Thompson','susan.thompson@example.com','0420476192'),
(353,'Carl','Murray','carl.murray@example.com','0463148913'),
(354,'Katherine','Campbell','katherine.campbell@example.com','0465081614'),
(355,'Lauren','Rhodes','lauren.rhodes@example.com','0429151106'),
(356,'Brandy','Dunlap','brandy.dunlap@example.com','0422707897'),
(357,'Evan','Barrera','evan.barrera@example.com','0418669983'),
(358,'Jason','Tran','jason.tran@example.com','0455005545'),
(359,'Ian','Livingston','ian.livingston@example.com','0454537559'),
(360,'Christopher','Watts','christopher.watts@example.com','0455943832'),
(361,'Elizabeth','Cobb','elizabeth.cobb@example.com','0417792555'),
(362,'Sandra','Warner','sandra.warner@example.com','0432888335'),
(363,'Jonathon','Long','jonathon.long@example.com','0440574675'),
(364,'Mitchell','French','mitchell.french@example.com','0479947330'),
(365,'Albert','Clements','albert.clements@example.com','0484461517'),
(366,'Maria','West','maria.west@example.com','0487065328'),
(367,'Alex','Newman','alex.newman@example.com','0410892718'),
(368,'Douglas','Lee','douglas.lee@example.com','0471271523'),
(369,'Karen','Lewis','karen.lewis@example.com','0493415742'),
(370,'Tanya','Ruiz','tanya.ruiz@example.com','0489047761'),
(371,'Robert','Hunter','robert.hunter@example.com','0437394924'),
(372,'Carlos','Rodriguez','carlos.rodriguez@example.com','0437690595'),
(373,'Tony','Oneill','tony.oneill@example.com','0464301459'),
(374,'Margaret','Miller','margaret.miller@example.com','0492386392'),
(375,'Kimberly','Welch','kimberly.welch@example.com','0490020844'),
(376,'Antonio','Carson','antonio.carson@example.com','0493571725'),
(377,'Jose','Wall','jose.wall@example.com','0481456593'),
(378,'Kaitlin','Moore','kaitlin.moore@example.com','0478944901'),
(379,'Ricardo','Taylor','ricardo.taylor@example.com','0482706346'),
(380,'Lisa','Higgins','lisa.higgins@example.com','0423990672'),
(381,'Heather','Anderson','heather.anderson@example.com','0424319320'),
(382,'Matthew','Mcclure','matthew.mcclure@example.com','0429660329'),
(383,'Julie','Robinson','julie.robinson@example.com','0441562526'),
(384,'Kathleen','Walker','kathleen.walker@example.com','0452599535'),
(385,'Phillip','Rhodes','phillip.rhodes@example.com','0423404095'),
(386,'Renee','Graham','renee.graham@example.com','0437525199'),
(387,'Tammy','Knight','tammy.knight@example.com','0483019976'),
(388,'Nicholas','Perez','nicholas.perez@example.com','0417412846'),
(389,'Jessica','Richardson','jessica.richardson@example.com','0427193778'),
(390,'Jason','Kerr','jason.kerr@example.com','0497007355'),
(391,'Olivia','Gill','olivia.gill@example.com','0422382621'),
(392,'Jose','Bauer','jose.bauer@example.com','0462345790'),
(393,'Danny','Miller','danny.miller@example.com','0496246440'),
(394,'Sheryl','Arroyo','sheryl.arroyo@example.com','0487920133'),
(395,'Christina','Hill','christina.hill@example.com','0479506199'),
(396,'Melinda','Villa','melinda.villa@example.com','0477231624'),
(397,'Nicole','Douglas','nicole.douglas@example.com','0487608760'),
(398,'Julia','Smith','julia.smith@example.com','0456435502'),
(399,'Justin','Johnson','justin.johnson@example.com','0439843296'),
(400,'Casey','Mcclure','casey.mcclure@example.com','0415109604'),
(401,'Kristi','Hill','kristi.hill@example.com','0488030447'),
(402,'Wyatt','Martinez','wyatt.martinez@example.com','0483323525'),
(403,'Jacqueline','Bruce','jacqueline.bruce@example.com','0433179593'),
(404,'Anna','Hatfield','anna.hatfield@example.com','0485206527'),
(405,'Sharon','Mullins','sharon.mullins@example.com','0417998973'),
(406,'Robert','Roberts','robert.roberts@example.com','0421838585'),
(407,'Taylor','Swanson','taylor.swanson@example.com','0476198459'),
(408,'Jacqueline','Blevins','jacqueline.blevins@example.com','0446491192'),
(409,'Amanda','Daniel','amanda.daniel@example.com','0466378745'),
(410,'Debra','Gardner','debra.gardner@example.com','0448146326'),
(411,'Robert','Bennett','robert.bennett@example.com','0438377040'),
(412,'Nicole','Miller','nicole.miller@example.com','0432996804'),
(413,'Amber','Reed','amber.reed@example.com','0429221008'),
(414,'Heather','Morris','heather.morris@example.com','0451358979'),
(415,'Kathryn','Miller','kathryn.miller@example.com','0476409339'),
(416,'John','Aguilar','john.aguilar@example.com','0492372524'),
(417,'Amy','Perez','amy.perez@example.com','0434365606'),
(418,'Lauren','Hunter','lauren.hunter@example.com','0465913880'),
(419,'Susan','Atkinson','susan.atkinson@example.com','0467083884'),
(420,'Jon','Mccoy','jon.mccoy@example.com','0488353307'),
(421,'Jason','Le','jason.le@example.com','0448004784'),
(422,'Rose','Carter','rose.carter@example.com','0498754483'),
(423,'Christina','Chavez','christina.chavez@example.com','0418949141'),
(424,'Jeremy','Holloway','jeremy.holloway@example.com','0473714524'),
(425,'Brandon','Jennings','brandon.jennings@example.com','0420725376'),
(426,'Kevin','Calhoun','kevin.calhoun@example.com','0429868084'),
(427,'Jordan','Mcdonald','jordan.mcdonald@example.com','0429769810'),
(428,'Randy','Martin','randy.martin@example.com','0495836743'),
(429,'Mary','Peterson','mary.peterson@example.com','0479541939'),
(430,'Steven','Lewis','steven.lewis@example.com','0411776620'),
(431,'Kristina','Castro','kristina.castro@example.com','0492955723'),
(432,'Kevin','Ramos','kevin.ramos@example.com','0494073817'),
(433,'Amanda','Matthews','amanda.matthews@example.com','0471905693'),
(434,'Gwendolyn','Alexander','gwendolyn.alexander@example.com','0411315679'),
(435,'Mandy','Ward','mandy.ward@example.com','0422680567'),
(436,'Harold','Wheeler','harold.wheeler@example.com','0495928202'),
(437,'Tina','Shepherd','tina.shepherd@example.com','0418677455'),
(438,'Joshua','Garcia','joshua.garcia@example.com','0468838960'),
(439,'Eric','Rice','eric.rice@example.com','0496698362'),
(440,'Jennifer','Hood','jennifer.hood@example.com','0470261848'),
(441,'Traci','Smith','traci.smith@example.com','0415774486'),
(442,'Danielle','Lewis','danielle.lewis@example.com','0421633152'),
(443,'Logan','Gordon','logan.gordon@example.com','0470768433'),
(444,'Brad','Rodriguez','brad.rodriguez@example.com','0466624796'),
(445,'Scott','Wells','scott.wells@example.com','0486319987'),
(446,'Andrew','Scott','andrew.scott@example.com','0470937269'),
(447,'Christopher','Martin','christopher.martin@example.com','0419300657'),
(448,'Maureen','Daugherty','maureen.daugherty@example.com','0488729109'),
(449,'Stephen','Young','stephen.young@example.com','0469181908'),
(450,'Jose','Tanner','jose.tanner@example.com','0440998731'),
(451,'Thomas','Cook','thomas.cook@example.com','0435721889'),
(452,'Leslie','Adams','leslie.adams@example.com','0416097109'),
(453,'Randy','Diaz','randy.diaz@example.com','0490040728'),
(454,'Christopher','Lambert','christopher.lambert@example.com','0422799947'),
(455,'Kevin','Herring','kevin.herring@example.com','0458413567'),
(456,'Jeffrey','Hill','jeffrey.hill@example.com','0447687948'),
(457,'Ryan','Little','ryan.little@example.com','0448986273'),
(458,'Angela','May','angela.may@example.com','0478167545'),
(459,'Antonio','Moss','antonio.moss@example.com','0499465776'),
(460,'John','Ho','john.ho@example.com','0482172029'),
(461,'Elizabeth','Ortiz','elizabeth.ortiz@example.com','0444842571'),
(462,'Mark','Davis','mark.davis@example.com','0435234320'),
(463,'David','Alvarez','david.alvarez@example.com','0473262760'),
(464,'Raymond','Burns','raymond.burns@example.com','0415609548'),
(465,'Andrea','Lewis','andrea.lewis@example.com','0443736899'),
(466,'Kayla','Jennings','kayla.jennings@example.com','0450657509'),
(467,'Richard','Santos','richard.santos@example.com','0492772037'),
(468,'Amanda','Gomez','amanda.gomez@example.com','0412566430'),
(469,'Jasmine','Navarro','jasmine.navarro@example.com','0429303373'),
(470,'Travis','Williams','travis.williams@example.com','0417968167'),
(471,'Christopher','Miller','christopher.miller@example.com','0450853622'),
(472,'Steven','Coleman','steven.coleman@example.com','0426388078'),
(473,'Brittany','Young','brittany.young@example.com','0435946689'),
(474,'Jacob','Brown','jacob.brown@example.com','0471747052'),
(475,'Linda','Pennington','linda.pennington@example.com','0448007163'),
(476,'Summer','Bell','summer.bell@example.com','0431877582'),
(477,'Anthony','Oneal','anthony.oneal@example.com','0421697107'),
(478,'Jason','Castaneda','jason.castaneda@example.com','0461047602'),
(479,'Bryan','Rose','bryan.rose@example.com','0490092605'),
(480,'Joseph','Brown','joseph.brown@example.com','0449309578'),
(481,'Lindsay','Schwartz','lindsay.schwartz@example.com','0473159547'),
(482,'Kerry','Ellis','kerry.ellis@example.com','0496696943'),
(483,'Aaron','Weiss','aaron.weiss@example.com','0465554780'),
(484,'Stephanie','Flores','stephanie.flores@example.com','0448866184'),
(485,'Valerie','Ellis','valerie.ellis@example.com','0445826946'),
(486,'Daniel','Davis','daniel.davis@example.com','0433827540'),
(487,'Christina','Yates','christina.yates@example.com','0424590278'),
(488,'Mark','Mcdonald','mark.mcdonald@example.com','0466907456'),
(489,'Jacob','Kirk','jacob.kirk@example.com','0494208956'),
(490,'Sandra','Murphy','sandra.murphy@example.com','0437262835'),
(491,'Emily','Cox','emily.cox@example.com','0463473570'),
(492,'Michelle','Zimmerman','michelle.zimmerman@example.com','0463112120'),
(493,'Ashley','Hale','ashley.hale@example.com','0415087951'),
(494,'Teresa','Morgan','teresa.morgan@example.com','0469798631'),
(495,'Caitlin','Williams','caitlin.williams@example.com','0479514059'),
(496,'Cory','Thornton','cory.thornton@example.com','0448806468'),
(497,'Danielle','Ware','danielle.ware@example.com','0418448532'),
(498,'Vincent','Sparks','vincent.sparks@example.com','0413300164'),
(499,'Stephanie','Garcia','stephanie.garcia@example.com','0457462149'),
(500,'Nicholas','Hall','nicholas.hall@example.com','0427396418');
/*!40000 ALTER TABLE `users` ENABLE KEYS */;
UNLOCK TABLES;
commit;
/*!40103 SET TIME_ZONE=@OLD_TIME_ZONE */;

/*!40101 SET SQL_MODE=@OLD_SQL_MODE */;
/*!40014 SET FOREIGN_KEY_CHECKS=@OLD_FOREIGN_KEY_CHECKS */;
/*!40014 SET UNIQUE_CHECKS=@OLD_UNIQUE_CHECKS */;
/*!40101 SET CHARACTER_SET_CLIENT=@OLD_CHARACTER_SET_CLIENT */;
/*!40101 SET CHARACTER_SET_RESULTS=@OLD_CHARACTER_SET_RESULTS */;
/*!40101 SET COLLATION_CONNECTION=@OLD_COLLATION_CONNECTION */;
/*M!100616 SET NOTE_VERBOSITY=@OLD_NOTE_VERBOSITY */;

-- Dump completed on 2025-08-10  4:05:51
